index,id,title,date,tags,images
1,3cbd6f94-3ef1-8050-9db5-d1cbcf8fc2ec,Iraq Officer Leads Revolt,1936-09-04,Iraq; Arab World; Islamic World; Terrorism,images/0001-Iraq-Officer-Leads-Revolt-1.png
2,3cbd6f94-3ef1-8096-8493-e55648fe1574,Arabs Are Warned to Halt Violence,1936-09-14,Arab World; Islamic World; Israel/Palestine; Terrorism,images/0002-Arabs-Are-Warned-to-Halt-Violence-1.png
3,3cbd6f94-3ef1-8060-be06-d75b98d574ab,3 Jewish Leaders Arrested in Reich,1936-09-25,Germany; Nazis/Fascists; Legal Restrictions against Jews; Europe; Western Antisemitism; Political Zionism,images/0003-3-Jewish-Leaders-Arrested-in-Reich-1.png
4,3cbd6f94-3ef1-80f5-b21f-fc2a26cdad3b,Briton Imprisoned For Libeling Jews,1936-09-22,England/UK; Europe; Western Antisemitism,images/0004-Briton-Imprisoned-For-Libeling-Jews-1.png
5,3cbd6f94-3ef1-80b4-a791-f17c5797381c,Reports Again Heard Of Moroccan Unrest,1936-09-01,Morocco; Arab World; Islamic World; Legal Restrictions against Jews; Muslim Antisemitism,images/0005-Reports-Again-Heard-Of-Moroccan-Unrest-1.png
6,3cbd6f94-3ef1-80c4-9958-ed029d610123,Peace Remote in Palestine,1936-09-06,Israel/Palestine; Arab World; Islamic World; Terrorism; Arab Higher Committee; Mufti,images/0006-Peace-Remote-in-Palestine-1.png; images/0006-Peace-Remote-in-Palestine-2.png
7,3cbd6f94-3ef1-80bb-8815-f831db41237b,Nazis Seek New Campaign To Wipe Out Jewish Books,1936-09-27,Nazis/Fascists; Boycotts against Jews; Germany; Europe; Western Antisemitism; Education/Educators weaponized against Jews,images/0007-Nazis-Seek-New-Campaign-To-Wipe-Out-Jewish-Books-1.png
8,3cbd6f94-3ef1-80d0-b6dd-f2709166ae3d,Jews Here Dispute Hitler on Red Link,1936-09-25,Nazis/Fascists; Germany; Europe; Western Antisemitism,images/0008-Jews-Here-Dispute-Hitler-on-Red-Link-1.png
9,3cbd6f94-3ef1-80b5-8f88-e159daa2bb52,Decree Blow to Zionists,1937-09-27,Romania; Europe; Western Antisemitism; Antizionism,images/0009-Decree-Blow-to-Zionists-1.png
10,3cbd6f94-3ef1-8036-93f6-cb76e64238a8,Palestine Police Arrest 106 Arabs,1937-09-28,Israel/Palestine; Islamic World; Arab World; Terrorism; Targeting of Civilians,images/0010-Palestine-Police-Arrest-106-Arabs-1.png
11,3cbd6f94-3ef1-80f5-ba0e-c201880e7061,Lost Tribes Reported,1937-09-17,Jewish history (relative to time of article); Jewish Culture Beliefs & Debates; Iran; Turkey; Iraq,images/0011-Lost-Tribes-Reported-1.png
12,3cbd6f94-3ef1-804a-9b17-ca8bb8c8911a,Strategy is Seen in Palestine Plan,1937-09-06,Israel/Palestine; Islamic World; Arab World; Intent in Israel/Palestine,images/0012-Strategy-is-Seen-in-Palestine-Plan-1.png
13,3cbd6f94-3ef1-80dc-8d9e-ece48238655d,Palestine Demands Repeated By Arabs,1937-09-11,Arab World; Islamic World; Israel/Palestine; Intent in Israel/Palestine; Land purchases in Israel/Palestine,images/0013-Palestine-Demands-Repeated-By-Arabs-1.png
14,3cbd6f94-3ef1-80f5-9cc3-c60dd5994ece,Hundreds of Jews Attacked in Warsaw,1937-09-23,Poland; Europe; Western Antisemitism; Nazis/Fascists,images/0014-Hundreds-of-Jews-Attacked-in-Warsaw-1.png
15,3cbd6f94-3ef1-80ba-9c09-dadcbce17312,Boycott All Jews,1937-09-13,Poland; Western Antisemitism; Europe; Boycotts against Jews,images/0015-Boycott-All-Jews-1.png
16,3cbd6f94-3ef1-8076-b82b-c436ccb0ea47,"12,000 At Nazi Fete Hear Boycott Plan",1937-09-06,Nazis/Fascists; Boycotts against Jews; US; Western Antisemitism; The Americas; Victim Blaming/Justification of Antisemitism,images/0016-12-000-At-Nazi-Fete-Hear-Boycott-Plan-1.png
17,3cbd6f94-3ef1-8089-bba7-f1688620be77,18 in Warsaw Hurt By Anti-Jewish Bomb,1937-09-15,Poland; Nazis/Fascists; Western Antisemitism; Europe; Terrorism,images/0017-18-in-Warsaw-Hurt-By-Anti-Jewish-Bomb-1.png
18,3cbd6f94-3ef1-8006-b516-cf6a68ed1ee4,German Posters Rouse Untermyer,1937-09-27,Germany; US; The Americas; Western Antisemitism; Nazis/Fascists,images/0018-German-Posters-Rouse-Untermyer-1.png
19,3cbd6f94-3ef1-80a7-bbde-d7319e1efc06,Italy Takes up Racial Problems,1938-09-25,Italy; Western Antisemitism; Europe; Ethiopia; Nazis/Fascists,images/0019-Italy-Takes-up-Racial-Problems-1.png
20,3cbd6f94-3ef1-806a-b0f7-c4176c49d918,Palestine Terror Not Yet Checked,1938-09-03,Israel/Palestine; Arab World; Islamic World; Terrorism,images/0020-Palestine-Terror-Not-Yet-Checked-1.png
21,3cbd6f94-3ef1-8033-aa7a-d446e516bd88,Arabs in Palestine Greet War Threat,1938-09-11,Arab World; Islamic World; Israel/Palestine; Intent in Israel/Palestine; England/UK; Western Intervention,images/0021-Arabs-in-Palestine-Greet-War-Threat-1.png
22,3cbd6f94-3ef1-80fc-bcfe-fc7510a3e9eb,Schools of Italy to Keep Out Jews,1938-09-03,Italy; Nazis/Fascists; Western Antisemitism; Europe; Education/Educators weaponized against Jews,images/0022-Schools-of-Italy-to-Keep-Out-Jews-1.png
23,3cbd6f94-3ef1-8015-98fe-c04346af5068,Polish Bombers Kill 2,1938-09-21,Poland; Europe; Nazis/Fascists; Western Antisemitism; Pogroms; Education/Educators weaponized against Jews,images/0023-Polish-Bombers-Kill-2-1.png
24,3cbd6f94-3ef1-8060-9f33-de15be237e80,15 Slain in Palestine in Continued Strife,1938-09-07,Israel/Palestine; Arab World; Islamic World; Terrorism,images/0024-15-Slain-in-Palestine-in-Continued-Strife-1.png
25,3cbd6f94-3ef1-808e-acf2-caa9d5a1fc0a,Arab Nations Lose Zeal on Palestine,1938-09-15,Israel/Palestine; Arab World; Islamic World; Nazis/Fascists; Muslim Antisemitism; Germany; Italy,images/0025-Arab-Nations-Lose-Zeal-on-Palestine-1.png
26,3cbd6f94-3ef1-807e-944a-c2b23636475a,"7,500 Jews Aiding Palestine Forces",1938-09-12,Israel/Palestine; Arab World; Islamic World; Terrorism,images/0026-7-500-Jews-Aiding-Palestine-Forces-1.png; images/0026-7-500-Jews-Aiding-Palestine-Forces-2.png
27,3cbd6f94-3ef1-8045-929e-e0134c7106bd,Arab Gang Attacks Palestine Station,1938-09-06,Israel/Palestine; Arab World; Islamic World; Terrorism,images/0027-Arab-Gang-Attacks-Palestine-Station-1.png
28,3cbd6f94-3ef1-80cb-aa62-d276fadb34e9,Anti-Semitic Shift Puzzles Italians,1938-09-11,Italy; Nazis/Fascists; Europe; Holocaust; Western Antisemitism,images/0028-Anti-Semitic-Shift-Puzzles-Italians-1.png
29,3cbd6f94-3ef1-8032-a4e4-c50b2192737a,Pope Asserts Right to His Racist View,1938-09-08,Christianity & Churches,images/0029-Pope-Asserts-Right-to-His-Racist-View-1.png
30,3cbd6f94-3ef1-80ed-b075-f7fb94f47877,Mufti to Keep the Peace,1939-09-27,Mufti; Israel/Palestine; Islamic World; Arab World,images/0030-Mufti-to-Keep-the-Peace-1.png
31,3cbd6f94-3ef1-803c-a8df-e4f7f7122e72,Jewish Camp Set Up,1939-09-30,Poland; Germany; Holocaust; Nazis/Fascists; Europe; Western Antisemitism,images/0031-Jewish-Camp-Set-Up-1.png
32,3cbd6f94-3ef1-80e8-94d4-f9246cec68dd,Slovaks Will Get Land,1939-09-28,Czechoslovakia; Europe; Western Antisemitism; Legal Restrictions against Jews,images/0032-Slovaks-Will-Get-Land-1.png
33,3cbd6f94-3ef1-8076-8629-cf509c95ac0c,South Africa Rent Over Stand in War,1939-09-05,South Africa; England/UK; Nazis/Fascists; Africa,images/0033-South-Africa-Rent-Over-Stand-in-War-1.png
34,3cbd6f94-3ef1-8005-90ca-e3f915fc2e76,Kuhn Says Hitler ‘Can Lick the World’,1939-09-04,Nazis/Fascists; Western Antisemitism; US; The Americas,images/0034-Kuhn-Says-Hitler-Can-Lick-the-World-1.png
35,3cbd6f94-3ef1-808b-a0df-ca09e7086703,Reich Seizes Radios of Jews in Prague,1939-09-26,Czechoslovakia; Nazis/Fascists; Holocaust; Western Antisemitism; Europe; Legal Restrictions against Jews,images/0035-Reich-Seizes-Radios-of-Jews-in-Prague-1.png
36,3cbd6f94-3ef1-8012-9993-cd37585e75b5,Nazis Hint ‘Purge’ of Jews in Poland,1939-09-13,Poland; Nazis/Fascists; Holocaust; Europe; Western Antisemitism,images/0036-Nazis-Hint-Purge-of-Jews-in-Poland-1.png
37,3cbd6f94-3ef1-805b-9aa4-ed56b7427bd9,Palestine Aids British,1939-09-26,Israel/Palestine; Jewish contributions/activism; England/UK,images/0037-Palestine-Aids-British-1.png
38,3cbd6f94-3ef1-8065-b084-e854a6d7edf9,Jewish Doctors Invited to Return to Germany,1939-09-14,Germany; Nazis/Fascists; Holocaust; Western Antisemitism; Europe; Legal Restrictions against Jews,images/0038-Jewish-Doctors-Invited-to-Return-to-Germany-1.png
39,3cbd6f94-3ef1-800b-b3d7-fd839ad0fa80,Tel Aviv’s Mayor Asks Help of U.S.,1940-09-12,Israel/Palestine; US; Nazis/Fascists,images/0039-Tel-Aviv-s-Mayor-Asks-Help-of-U.S.-1.png
40,3cbd6f94-3ef1-8009-9e1b-fb6426b7d800,Greeks Delay Refugees,1940-09-30,Greece; Holocaust; Western Antisemitism; Europe,images/0040-Greeks-Delay-Refugees-1.png
41,3cbd6f94-3ef1-80d4-90bb-ccf4210e7dc3,Nazis Design a New Europe,1940-09-08,Russia; Spain; Nazis/Fascists; Germany; Europe,images/0041-Nazis-Design-a-New-Europe-1.png
42,3cbd6f94-3ef1-80b7-b5d0-df66f53c04e0,Dominicans Take Refugees Again,1940-09-19,"Dominican Republic; The Americas; Holocaust; Use of ""colony"" to describe Jewish communities",images/0042-Dominicans-Take-Refugees-Again-1.png
43,3cbd6f94-3ef1-80c4-a7b0-fa212ab5b606,Strike At Jews in Maine,1940-09-08,US; The Americas; Western Antisemitism,images/0043-Strike-At-Jews-in-Maine-1.png
44,3cbd6f94-3ef1-80b7-9b8e-dbbd276b374f,Yugoslavia Curbs Jews,1940-09-21,Yugoslavia; Europe; Western Antisemitism; Legal Restrictions against Jews,images/0044-Yugoslavia-Curbs-Jews-1.png
45,3cbd6f94-3ef1-8037-8394-faac6cca656a,Plan Jewish Army To Battle Hitlerism,1940-09-03,England/UK; Jewish contributions/activism; Europe,images/0045-Plan-Jewish-Army-To-Battle-Hitlerism-1.png
46,3cbd6f94-3ef1-80cb-81bf-eae315ccbffa,Mexico Bars Jewish Refugees,1940-09-06,Mexico; The Americas; Holocaust; Germany,images/0046-Mexico-Bars-Jewish-Refugees-1.png
47,3cbd6f94-3ef1-80a8-948a-f02658529b14,Anti-Jewish Riots in Marseille,1940-09-05,France; Europe; Western Antisemitism,images/0047-Anti-Jewish-Riots-in-Marseille-1.png
48,3cbd6f94-3ef1-80a4-8aad-eb1430fe17ae,18 Refugees Sail For Sosua Colony,1940-09-20,"Use of ""colony"" to describe Jewish communities; Dominican Republic; The Americas",images/0048-18-Refugees-Sail-For-Sosua-Colony-1.png
49,3cbd6f94-3ef1-802c-9871-fe9bafd3570f,British Reach Accord with Transjordan,1941-09-16,Jordan; England/UK; Western Intervention; Arab World; Islamic World,images/0049-British-Reach-Accord-with-Transjordan-1.png
50,3cbd6f94-3ef1-8026-89cc-fc52fe38460b,Hitlerism,1941-09-17,Nazis/Fascists; Germany; Western Antisemitism; Europe,images/0050-Hitlerism-1.png
51,3cbd6f94-3ef1-8089-8e8f-cea5d0ff62c3,Jews Are Threatened,1941-09-14,Italy; US; Western Antisemitism; Europe; Nazis/Fascists,images/0051-Jews-Are-Threatened-1.png
52,3cbd6f94-3ef1-80e4-8f46-f3814953ff4d,Ousting of Jews Changed by Vichy,1942-09-12,France; Holocaust; Western Antisemitism; Europe,images/0052-Ousting-of-Jews-Changed-by-Vichy-1.png
53,3cbd6f94-3ef1-8080-8305-cd48fc28a25e,"50,000 Jews Dying in Nazi Fortress",1942-09-03,Holocaust; Germany; Nazis/Fascists; Western Antisemitism; Europe,images/0053-50-000-Jews-Dying-in-Nazi-Fortress-1.png
54,3cbd6f94-3ef1-80e9-ab07-e4d17119b367,Deportation of Jews Near Goal in Reich,1942-09-05,Ethnic Cleansing; Germany; Nazis/Fascists; Holocaust,images/0054-Deportation-of-Jews-Near-Goal-in-Reich-1.png
55,3cbd6f94-3ef1-8092-91f3-d281690ffb0a,French Aid Fleeing Jews,1942-09-03,France; Holocaust; Western Antisemitism; Europe,images/0055-French-Aid-Fleeing-Jews-1.png
56,3cbd6f94-3ef1-8080-9598-d234bb65a197,Sofia Acts to Bar Graft,1942-09-05,Theft of Jewish property; Holocaust; Europe; Western Antisemitism,images/0056-Sofia-Acts-to-Bar-Graft-1.png
57,3cbd6f94-3ef1-803f-ac54-cd8713bddbbf,Anti-Jewish Move is Harming Laval,1942-09-06,France; Europe; Western Antisemitism; Holocaust,images/0057-Anti-Jewish-Move-is-Harming-Laval-1.png
58,3cbd6f94-3ef1-808c-a8da-cdedf0bc23bb,War on Judaism By Nazis Related,1942-09-11,Nazis/Fascists; Western Antisemitism; Europe; Germany,images/0058-War-on-Judaism-By-Nazis-Related-1.png
59,3cbd6f94-3ef1-806b-94f9-f48f3419fbd6,U.S. Rebukes Vichy on Deporting Jews,1942-09-05,France; US; Europe; Western Antisemitism; Holocaust,images/0059-U.S.-Rebukes-Vichy-on-Deporting-Jews-1.png
60,3cbd6f94-3ef1-8029-96f2-e845d16e4fe0,Turkish Tax Kills Foreign Business,1943-09-11,Turkey; Islamic World; Legal Restrictions against Jews,images/0060-Turkish-Tax-Kills-Foreign-Business-1.png
61,3cbd6f94-3ef1-8025-b1c7-e2cd06706540,Recipe for Gefulte Fish,1943-09-28,Jewish Culture Beliefs & Debates; US; The Americas,images/0061-Recipe-for-Gefulte-Fish-1.png
62,3cbd6f94-3ef1-8018-9fd4-f3a96ac71371,The Turkish Minorities,1943-09-17,Turkey; Islamic World; Legal Restrictions against Jews,images/0062-The-Turkish-Minorities-1.png
63,3cbd6f94-3ef1-807f-80df-d119f4cbbe00,Britain Creating a Jewish Brigade,1944-09-20,England/UK; Jewish contributions/activism; Europe; Germany,images/0063-Britain-Creating-a-Jewish-Brigade-1.png
64,3cbd6f94-3ef1-8088-90be-ff8e07c79e32,Palestine ‘Pledge’ Denied by Truman,1945-09-27,Israel/Palestine; Arab World; Islamic World; Lies about Israel; US; Saudi Arabia,images/0064-Palestine-Pledge-Denied-by-Truman-1.png
65,3cbd6f94-3ef1-80ce-b5fe-e2126d6f7ded,20 Jewish Villages Planned in Palestine,1945-09-21,"Israel/Palestine; Land purchases in Israel/Palestine; Use of ""colony"" to describe Jewish communities; Sources of Funding",images/0065-20-Jewish-Villages-Planned-in-Palestine-1.png
66,3cbd6f94-3ef1-80f1-b12a-f69c341f8b83,Bare Hitler-Mufti Wires,1945-09-25,Mufti; Nazis/Fascists; Arab World; Islamic World; Muslim Antisemitism,images/0066-Bare-Hitler-Mufti-Wires-1.png
67,3cbd6f94-3ef1-800d-9fa0-eb1f831ac037,Jews in Shanghai Joyous,1945-09-10,China; Asia; Ghettos; Japan; Holocaust; Western Antisemitism,images/0067-Jews-in-Shanghai-Joyous-1.png
68,3cbd6f94-3ef1-8080-aebc-f4455ff32a84,President Orders Eisenhower to End New Abuse of Jews,1945-09-30,US; Germany; Nazis/Fascists; Western Antisemitism; Europe; Israel/Palestine,images/0068-President-Orders-Eisenhower-to-End-New-Abuse-of-Jews-1.png
69,3cbd6f94-3ef1-8064-95b8-ce49fefd3f34,Nazis Organized the 1938 Pogrom,1945-09-21,Nazis/Fascists; Germany; Pogroms; Europe; Western Antisemitism,images/0069-Nazis-Organized-the-1938-Pogrom-1.png
70,3cbd6f94-3ef1-80d2-8559-f650c95b171a,Denazification Hit by U.S. Officers,1945-09-21,Germany; Nazis/Fascists; Western Antisemitism; Europe; US,images/0070-Denazification-Hit-by-U.S.-Officers-1.png
71,3cbd6f94-3ef1-80f2-92c9-c8108e862671,Concentration Camp near Paris closed,1945-09-10,Holocaust; France; Europe; Western Antisemitism; Nazis/Fascists,images/0071-Concentration-Camp-near-Paris-closed-1.png
72,3cbd6f94-3ef1-80b7-bded-cad8b4558384,Anti-Semitism Rife In Central Europe,1945-09-09,Europe; Western Antisemitism; Nazis/Fascists; Czechoslovakia; Hungary,images/0072-Anti-Semitism-Rife-In-Central-Europe-1.png
73,3cbd6f94-3ef1-80fc-80c0-e0d466579b89,Arabs Publish Demands,1945-09-10,Arab World; Islamic World; Land purchases in Israel/Palestine; Israel/Palestine; Legal Restrictions against Jews,images/0073-Arabs-Publish-Demands-1.png
74,3cbd6f94-3ef1-809e-acc0-d4c98b246b96,Belsen Survivor Picks out Nazis,1945-09-22,Germany; Nazis/Fascists; Europe; Western Antisemitism,images/0074-Belsen-Survivor-Picks-out-Nazis-1.png
75,3cbd6f94-3ef1-8005-939d-d97b10514d9b,Palestine Land Buying Planned,1945-09-03,Israel/Palestine; Political Zionism; Sources of Funding; Land purchases in Israel/Palestine,images/0075-Palestine-Land-Buying-Planned-1.png
76,3cbd6f94-3ef1-80ce-a097-da4f4eab500d,Vichyites are Watched,1946-09-18,France; Spain; Nazis/Fascists; Western Antisemitism,images/0076-Vichyites-are-Watched-1.png
77,3cbd6f94-3ef1-80a9-8818-ed3dcfb4e9ce,Palestine Stalemate,1946-09-01,Israel/Palestine; Arab World; Islamic World; Mufti; Arab Higher Committee; Nazis/Fascists,images/0077-Palestine-Stalemate-1.png
78,3cbd6f94-3ef1-80f3-84ae-df8bc5ff541e,Palestine Arabs Reject Parley Bid,1946-09-01,Israel/Palestine; Arab World; Islamic World; Intent in Israel/Palestine; Mufti; Arab Higher Committee,images/0078-Palestine-Arabs-Reject-Parley-Bid-1.png
79,3cbd6f94-3ef1-8054-a121-d2c11ceef5a0,Appeal to Palestine Arabs Seen,1946-09-03,Arab World; Islamic World; Israel/Palestine; Arab League; Mufti; England/UK,images/0079-Appeal-to-Palestine-Arabs-Seen-1.png
80,3cbd6f94-3ef1-80ee-9880-daa7611586bf,Haganah Censures Jewish Extremists,1946-09-15,Israel/Palestine; Political Zionism; Intent in Israel/Palestine; Terrorism,images/0080-Haganah-Censures-Jewish-Extremists-1.png
81,3cbd6f94-3ef1-801b-a7ee-d1571398b2c0,Vandals Visit Jewish Stores,1946-09-28,US; The Americas; Western Antisemitism,images/0081-Vandals-Visit-Jewish-Stores-1.png
82,3cbd6f94-3ef1-8035-920f-e316ddf4bb47,Mufti’s Cousin Heads Arab U.N. Delegation,1947-09-07,Mufti; Arab Higher Committee; Israel/Palestine; Islamic World; Arab World; UN & League of Nations,images/0082-Mufti-s-Cousin-Heads-Arab-U.N.-Delegation-1.png
83,3cbd6f94-3ef1-80f6-8c05-fa9433dfd5df,Mufti Warns of Bloodshed,1947-09-11,Mufti; Israel/Palestine; Arab World; Islamic World,images/0083-Mufti-Warns-of-Bloodshed-1.png
84,3cbd6f94-3ef1-803f-b27a-f3fcba375792,Arab Education Shift Due,1947-09-25,Arab World; Islamic World; Arab Higher Committee; Israel/Palestine,images/0084-Arab-Education-Shift-Due-1.png
85,3cbd6f94-3ef1-80bc-ab32-d5ba8e158bee,Fight to Last for Palestine Pledged by Arabs in ‘Dangerous Triangle’,1947-09-30,Israel/Palestine; Arab World; Islamic World; Intent in Israel/Palestine,images/0085-Fight-to-Last-for-Palestine-Pledged-by-Arabs-in-Dangerous-Triangle-1.png
86,3cbd6f94-3ef1-8065-b07c-eb3fc4d90dd5,Secret Arab Explosives Seized By British in Palestine Raids,1947-09-17,Israel/Palestine; Arab World; Islamic World; Terrorism; England/UK,images/0086-Secret-Arab-Explosives-Seized-By-British-in-Palestine-Raids-1.png
87,3cbd6f94-3ef1-80a8-a525-e6185f3f3405,Arabs Told to Use Twin Weapons,1947-09-29,Arab World; Islamic World; Israel/Palestine; Intent in Israel/Palestine; Oil; Western Intervention,images/0087-Arabs-Told-to-Use-Twin-Weapons-1.png
88,3cbd6f94-3ef1-8041-8f4a-e5b369da7042,U.N. to Hear Arabs’ ‘Three Noes’ On Palestine Inquiry Report Today,1947-09-29,"UN & League of Nations; Arab World; Islamic World; Intent in Israel/Palestine; Israel/Palestine; ""The Nakba""/""refugees""",images/0088-U.N.-to-Hear-Arabs-Three-Noes-On-Palestine-Inquiry-Report-Today-1.png
89,3cbd6f94-3ef1-8093-8d0a-f8cc96f362a8,Syria Assents to Oil Pipeline Plan; Building of Project is set to start,1947-09-02,Oil; Syria; Islamic World; Arab World; US; Western Intervention,images/0089-Syria-Assents-to-Oil-Pipeline-Plan-Building-of-Project-is-set-to-start-1.png
90,3cbd6f94-3ef1-80be-b39c-e9860c078650,U.S. Hesitates on Palestine; Threat of Arabs is a Factor,1947-09-25,Arab World; Islamic World; Western Intervention; US; USSR; Intent in Israel/Palestine,images/0090-U.S.-Hesitates-on-Palestine-Threat-of-Arabs-is-a-Factor-1.png
91,3cbd6f94-3ef1-8081-bfe5-f1acb61cd010,3 British Fascists fined,1947-09-18,England/UK; Europe; Western Antisemitism; Nazis/Fascists,images/0091-3-British-Fascists-fined-1.png
92,3cbd6f94-3ef1-80ce-bf6b-c69cfe40ef65,Arab States Hesitate on Applying ‘Sanctions’,1947-09-28,Arab World; Islamic World; Blockade/Siege/Targeting of Food & Water; Oil; Western Intervention,images/0092-Arab-States-Hesitate-on-Applying-Sanctions-1.png
93,3cbd6f94-3ef1-8075-a28c-cce8c04a475d,Egypt Will Seek American Mission to Renovate Army,1947-09-03,Egypt; Arab World; Western Intervention; Islamic World,images/0093-Egypt-Will-Seek-American-Mission-to-Renovate-Army-1.png
94,3cbd6f94-3ef1-80e6-ba64-ea9e5f2eea31,‘Heil Hitler’ Rises in London Streets,1947-09-08,England/UK; Nazis/Fascists; Europe; Western Antisemitism; Antizionism,images/0094-Heil-Hitler-Rises-in-London-Streets-1.png
95,3cbd6f94-3ef1-80ec-8762-e60e284ae840,For of Mufti Slain By Haifa Assassins,1947-09-13,Mufti; Arab World; Islamic World; Terrorism; Israel/Palestine; Land purchases in Israel/Palestine,images/0095-For-of-Mufti-Slain-By-Haifa-Assassins-1.png
96,3cbd6f94-3ef1-8072-906c-c45f308d81c7,Arabs Threaten Force is Holy Land is Split,1947-09-07,Israel/Palestine; Arab World; Islamic World; Intent in Israel/Palestine,images/0096-Arabs-Threaten-Force-is-Holy-Land-is-Split-1.png
97,3cbd6f94-3ef1-80d2-b6a7-ece833e0a583,"Hoses, Truncheons Rout Exodus Jews in Battle on Ship",1947-09-10,Germany; Europe; Western Antisemitism,images/0097-Hoses-Truncheons-Rout-Exodus-Jews-in-Battle-on-Ship-1.png
98,3cbd6f94-3ef1-8096-9ab2-d2ea640c1957,Palestinian Arabs Reject U.N. Plans; Warn of Battle,1947-09-30,Israel/Palestine; Arab World; Islamic World; Arab Higher Committee; Intent in Israel/Palestine,images/0098-Palestinian-Arabs-Reject-U.N.-Plans-Warn-of-Battle-1.png
99,3cbd6f94-3ef1-807c-8639-d54d77af3b09,Arabs Cal Palestine Report Source of Third World War,1947-09-09,Arab World; Islamic World; Intent in Israel/Palestine; Israel/Palestine; Arab Higher Committee,images/0099-Arabs-Cal-Palestine-Report-Source-of-Third-World-War-1.png
100,3cbd6f94-3ef1-8044-af9b-dd81045d98b0,Arabs Hail Group who Fought in ‘36,1947-09-05,Arab World; Islamic World; Muslim Antisemitism; Pogroms; Western Intervention; England/UK,images/0100-Arabs-Hail-Group-who-Fought-in-36-1.png
101,3cbd6f94-3ef1-80f5-a890-c624e4e5aa17,Wailing Wall Ban is Defied by Jews,1947-09-25,Legal Restrictions against Jews; Israel/Palestine; Holy Sites; Political Zionism; England/UK,images/0101-Wailing-Wall-Ban-is-Defied-by-Jews-1.png
102,3cbd6f94-3ef1-8082-9837-faf40633445d,4 Austrians Jailed for Antisemitism,1947-09-26,Austria; Europe; Western Antisemitism,images/0102-4-Austrians-Jailed-for-Antisemitism-1.png
103,3cbd6f94-3ef1-8019-a746-c6e691a46c5d,Refugees Barred By North France,1947-09-05,France; Europe; Western Antisemitism,images/0103-Refugees-Barred-By-North-France-1.png
104,3cbd6f94-3ef1-804b-b865-ce6038761e73,Police Stop Anti-Semitic Rally,1947-09-08,England/UK; Europe; Western Antisemitism; Nazis/Fascists,images/0104-Police-Stop-Anti-Semitic-Rally-1.png
105,3cbd6f94-3ef1-8060-a388-e291158963c7,"Sank Jewish Ship, Arabs Say",1947-09-03,Israel/Palestine; Arab World; Islamic World; Lies about Israel; Intent in Israel/Palestine,images/0105-Sank-Jewish-Ship-Arabs-Say-1.png
106,3cbd6f94-3ef1-8005-be76-c2dbc9b45ce1,Jewish children Reported Abused,1947-09-20,Austria; Europe; Holocaust; Nazis/Fascists; Western Antisemitism,images/0106-Jewish-children-Reported-Abused-1.png
107,3cbd6f94-3ef1-80bb-a2d9-e4ce17821956,Pressures Far From Paris Shape Two Big U.N. Issues,1948-09-22,Mufti; Arab World; Islamic World; Intent in Israel/Palestine; Israel/Palestine,images/0107-Pressures-Far-From-Paris-Shape-Two-Big-U.N.-Issues-1.png
108,3cbd6f94-3ef1-80aa-8939-cbd540da1fcc,Arab Leader Asks a Palestine State,1948-09-06,Arab World; Islamic World; Arab Higher Committee; Palestinian Identity; Muslim Brotherhood,images/0108-Arab-Leader-Asks-a-Palestine-State-1.png
109,3cbd6f94-3ef1-801d-8f79-f51e77d8a18b,"Arabs Set up Palestine Regime; Abdullah Bars it, Claims Country",1948-09-21,"Israel/Palestine; ""The Nakba""/""refugees""; Arab World; Islamic World; Hashemites; Jordan; Intent in Israel/Palestine; Palestinian Identity",images/0109-Arabs-Set-up-Palestine-Regime-Abdullah-Bars-it-Claims-Country-1.png
110,3cbd6f94-3ef1-806b-81f0-ddda1c8c7376,10 Israelis Killed and 17 Injured as Fighting in Jerusalem Mounts,1948-09-13,Israel/Palestine; Arab World; Islamic World; Targeting of Civilians,images/0110-10-Israelis-Killed-and-17-Injured-as-Fighting-in-Jerusalem-Mounts-1.png
111,3cbd6f94-3ef1-8057-bd52-cffa54fdf071,Heavy Gun Duel Rocks Jerusalem,1948-09-17,Israel/Palestine; Arab World; Islamic World; Targeting of Civilians,images/0111-Heavy-Gun-Duel-Rocks-Jerusalem-1.png
112,3cbd6f94-3ef1-801f-b43b-e5d34ca979bd,Reported Fleeing; Israel Bars Gangs,1948-09-20,Israel/Palestine; Intent in Israel/Palestine; Terrorism,images/0112-Reported-Fleeing-Israel-Bars-Gangs-1.png
113,3cbd6f94-3ef1-804a-be53-c4191717323e,"Arabs Trap Convoy at Latrun, Kill 4; American is victim",1948-09-23,Israel/Palestine; Arab World; Islamic World; Ceasefire Violations,images/0113-Arabs-Trap-Convoy-at-Latrun-Kill-4-American-is-victim-1.png
114,3cbd6f94-3ef1-80c4-9e56-c824411c20b1,Jerusalem Again Alerted,1948-09-29,Israel/Palestine; Arab World; Islamic World,images/0114-Jerusalem-Again-Alerted-1.png
115,3cbd6f94-3ef1-80fc-a7e0-f5af1d4a3995,Pakistan Brands Israel Aggressor,1949-09-28,Pakistan; Islamic World; Intent in Israel/Palestine,images/0115-Pakistan-Brands-Israel-Aggressor-1.png
116,3cbd6f94-3ef1-8043-9f8c-c22bb53c87ad,Arabs to Plan Regime,1948-09-18,Arab World; Islamic World; Pan-Arabism; Hashemites,images/0116-Arabs-to-Plan-Regime-1.png
117,3cbd6f94-3ef1-800a-9752-d0d1d2892c7d,Arab Group Announces a ‘Palestine Government’,1949-09-23,Arab World; Islamic World; Israel/Palestine; Arab Higher Committee,images/0117-Arab-Group-Announces-a-Palestine-Government-1.png
118,3cbd6f94-3ef1-80d4-9958-f379ec4b2f6c,50 Jews Seized in Cairo,1949-09-30,Egypt; Arab World; Islamic World; Muslim Antisemitism,images/0118-50-Jews-Seized-in-Cairo-1.png
119,3cbd6f94-3ef1-80ef-8669-f2e145f6769d,Spain Bars ‘Gentleman’s Agreement’ Movie; Church Censor Hits Film on Moral Grounds,1948-09-30,Spain; Europe; Western Antisemitism,images/0119-Spain-Bars-Gentleman-s-Agreement-Movie-Church-Censor-Hits-Film-on-Moral-Grounds-1.png
120,3cbd6f94-3ef1-80f7-8a55-f1c1c820b84c,Israelis are Attempting to Root out Terrorists,1949-09-26,Israel/Palestine; Terrorism; Intent in Israel/Palestine; Stern Group,images/0120-Israelis-are-Attempting-to-Root-out-Terrorists-1.png
121,3cbd6f94-3ef1-80ae-b809-d56a7085eec4,“Displaced” Children,1949-09-05,Holocaust; Western Antisemitism; Europe; US; England/UK; Netherlands,images/0121-Displaced-Children-1.png
122,3cbd6f94-3ef1-80a4-bc14-e8096068b6ca,Iraq Hangs Wealthy Jew for Arms Aid to Zionists,1949-09-24,Iraq; Muslim Antisemitism; Antizionism; Arab World; Islamic World,images/0122-Iraq-Hangs-Wealthy-Jew-for-Arms-Aid-to-Zionists-1.png
123,3cbd6f94-3ef1-8050-b0b1-ead81bf08b69,Red Cross Gets Plea For Near East Jews,1949-09-02,NGOs; Arab World; Islamic World; Muslim Antisemitism,images/0123-Red-Cross-Gets-Plea-For-Near-East-Jews-1.png
124,3cbd6f94-3ef1-8079-ab94-e29aa4c6aecb,Socialists Strong in Israel Regime,1949-09-12,Israel/Palestine; Intent in Israel/Palestine,images/0124-Socialists-Strong-in-Israel-Regime-1.png
125,3cbd6f94-3ef1-8062-acf6-c2eb28df18f5,Jews in Aden Held Unaided,1949-09-14,Yemen; Arab World; Islamic World; Israel/Palestine; England/UK; Western Intervention; Pogroms,images/0125-Jews-in-Aden-Held-Unaided-1.png
126,3cbd6f94-3ef1-800b-8af1-c99d811d0799,Jordan and Israel in Refugee Plans,1949-09-14,"Jordan; Israel/Palestine; ""The Nakba""/""refugees""; Arab World; Islamic World; England/UK; Western Intervention",images/0126-Jordan-and-Israel-in-Refugee-Plans-1.png
127,3cbd6f94-3ef1-808b-a740-dfef926bcf26,Plea for Tripoli Jews,1949-09-27,Libya; Arab World; Islamic World; Muslim Antisemitism; Ethnic Cleansing; UN & League of Nations; Legal Restrictions against Jews,images/0127-Plea-for-Tripoli-Jews-1.png
128,3cbd6f94-3ef1-80a0-a710-c47f5f340d59,German Synagogue Damaged,1949-09-28,Germany; Nazis/Fascists; Europe; Western Antisemitism,images/0128-German-Synagogue-Damaged-1.png
129,3cbd6f94-3ef1-80fc-b31b-cc85e1e69cc0,Germany Watches Zionist Congress,1933-08-10,"Political Zionism; Germany; Europe; Nazis/Fascists; Western Antisemitism; accusation of ""Jewish Supremacy"" and/or Genocide",images/0129-Germany-Watches-Zionist-Congress-1.png
130,3cbd6f94-3ef1-805a-a655-c5e35884bac4,Arabs Use Mission to Air Conflicts,1949-09-17,Arab World; Islamic World; Hashemites; Mufti; UN & League of Nations,images/0130-Arabs-Use-Mission-to-Air-Conflicts-1.png
131,3cbd6f94-3ef1-803a-861e-ff98292c117a,Protest Sent U.S. On Arab Refugees,1949-09-05,Arab World; Islamic World; Western Intervention; UN & League of Nations; Sources of Funding; Lebanon,images/0131-Protest-Sent-U.S.-On-Arab-Refugees-1.png
132,3cbd6f94-3ef1-80b2-8349-c2f3ab450149,Arabs in an Impasse,1949-09-01,"Arab World; Islamic World; Intent in Israel/Palestine; ""The Nakba""/""refugees""",images/0132-Arabs-in-an-Impasse-1.png
133,3cbd6f94-3ef1-806b-a6d6-d8804af10e38,"Morgenthau Tells of Aid to 2,000,000",1949-09-04,Jewish contributions/activism; Sources of Funding,images/0133-Morgenthau-Tells-of-Aid-to-2-000-000-1.png
134,3cbd6f94-3ef1-80c0-88df-ddea173f9d3d,Israel to Launch Forestry Project,1949-09-02,Israel/Palestine; Jewish contributions/activism,images/0134-Israel-to-Launch-Forestry-Project-1.png
135,3cbd6f94-3ef1-80ac-9ab7-f3989c93e648,"Israelis Ambushed, One Killed",1949-09-01,Israel/Palestine; Ceasefire Violations; Jordan; Arab World; Islamic World,images/0135-Israelis-Ambushed-One-Killed-1.png
136,3cbd6f94-3ef1-808e-a520-c80e2b9c3713,Arab Jealousies a Bar to Peace,1949-09-11,Arab World; Islamic World; Intent in Israel/Palestine; Israel/Palestine; Muslim Antisemitism; Blockade/Siege/Targeting of Food & Water,images/0136-Arab-Jealousies-a-Bar-to-Peace-1.png
137,3cbd6f94-3ef1-8045-a6a7-e6a3e17f32c2,U.N. Office in Syria Blasted,1950-09-16,Syria; UN & League of Nations; Arab World; Islamic World; Terrorism,images/0137-U.N.-Office-in-Syria-Blasted-1.png
138,3cbd6f94-3ef1-8089-975b-cdc9e1c54d50,Jordan’s Complaint to U.N. Accuses Israel of Seizing Her Land and Forging Map,1950-09-13,Jordan; Israel/Palestine; Arab World; Islamic World; Lies about Israel; UN & League of Nations,images/0138-Jordan-s-Complaint-to-U.N.-Accuses-Israel-of-Seizing-Her-Land-and-Forging-Map-1.png
139,3cbd6f94-3ef1-8047-9665-eeba74441be6,Pact Adjudged Area to Israel,1950-09-16,Israel/Palestine; UN & League of Nations; Lies about Israel; Jordan; Arab World; Islamic World,images/0139-Pact-Adjudged-Area-to-Israel-1.png
140,3cbd6f94-3ef1-8056-a323-fe831749bec2,Jews Being Resettled,1950-09-09,Yemen; Ethnic Cleansing; Arab World; Islamic World; Muslim Antisemitism; Sources of Funding,images/0140-Jews-Being-Resettled-1.png
141,3cbd6f94-3ef1-80ce-9374-f11ea30cfa14,Israel will Offer Arab Countries Non-Aggression Treaties Today,1951-09-21,Islamic World; Arab World; Israel/Palestine; Intent in Israel/Palestine,images/0141-Israel-will-Offer-Arab-Countries-Non-Aggression-Treaties-Today-1.png
142,3cbd6f94-3ef1-80fa-ba6f-c57eba7aa261,Arabs Chide U.N. on Palestine Plan,1951-09-25,"Arab World; Islamic World; ""The Nakba""/""refugees""; Israel/Palestine; UN & League of Nations; Intent in Israel/Palestine",images/0142-Arabs-Chide-U.N.-on-Palestine-Plan-1.png
143,3cbd6f94-3ef1-80e7-be6c-e87995dcec20,Egypt Balks at U.N. Efforts,1951-09-25,UN & League of Nations; Egypt; Israel/Palestine; Arab World; Islamic World,images/0143-Egypt-Balks-at-U.N.-Efforts-1.png
144,3cbd6f94-3ef1-8046-b6ef-daca82920973,Islamic Unity Urged,1951-09-27,Arab World; Islamic World; Muslim Antisemitism; Israel/Palestine,images/0144-Islamic-Unity-Urged-1.png
145,3cbd6f94-3ef1-80c6-be64-e0072c24668a,Egypt and the U.N.,1951-09-03,Egypt; Arab World; Islamic World; UN & League of Nations; Israel/Palestine; Intent in Israel/Palestine,images/0145-Egypt-and-the-U.N.-1.png
146,3cad6f94-3ef1-800d-b3a2-d8bae260f6fe,Arab Refusal Forecast,1951-09-23,Israel/Palestine; Arab World; Islamic World; Intent in Israel/Palestine,images/0146-Arab-Refusal-Forecast-1.png
147,3cad6f94-3ef1-8089-b20f-d0c8e70036e5,Israel Uneasy on Jordan’s Status; Warns Big 3 of Effect of Change,1951-09-03,"Israel/Palestine; Arab World; Islamic World; ""The Nakba""/""refugees""; Intent in Israel/Palestine; Jordan",images/0147-Israel-Uneasy-on-Jordan-s-Status-Warns-Big-3-of-Effect-of-Change-1.png
148,3cad6f94-3ef1-80e9-b608-fc06802fdde9,Sealing Off Israel Seen as Arab Aim,1951-09-28,"Arab World; Islamic World; Israel/Palestine; Intent in Israel/Palestine; ""The Nakba""/""refugees""",images/0148-Sealing-Off-Israel-Seen-as-Arab-Aim-1.png
149,3cad6f94-3ef1-8002-90ab-e11649206f63,Israelis and Arabs Meet Conciliators,1951-09-12,"Israel/Palestine; Arab World; Islamic World; ""The Nakba""/""refugees""; Christianity & Churches; UN & League of Nations",images/0149-Israelis-and-Arabs-Meet-Conciliators-1.png
150,3cad6f94-3ef1-8044-80d7-c24aac32fab6,Arabs Still Decline to Meet with Israel,1951-09-11,Arab World; Islamic World; Intent in Israel/Palestine; Israel/Palestine; UN & League of Nations,images/0150-Arabs-Still-Decline-to-Meet-with-Israel-1.png
151,3cad6f94-3ef1-804e-9532-c1dec4c8d3d6,Arabs to Tighten Israeli Blockade,1951-09-03,Arab League; Arab World; Islamic World; Blockade/Siege/Targeting of Food & Water; Israel/Palestine; Egypt,images/0151-Arabs-to-Tighten-Israeli-Blockade-1.png
152,3cad6f94-3ef1-80d3-8722-cb53f167fd33,Libya Jews Seek to Flee,1951-09-18,Libya; Arab World; Islamic World; Muslim Antisemitism; Israel/Palestine,images/0152-Libya-Jews-Seek-to-Flee-1.png
153,3cad6f94-3ef1-8094-9f00-ef8c7bedd03c,Tighter Israel Curb Arab Aim,1952-09-18,Israel/Palestine; Arab World; Islamic World; Blockade/Siege/Targeting of Food & Water,images/0153-Tighter-Israel-Curb-Arab-Aim-1.png
154,3cad6f94-3ef1-8033-a742-c90e828aa616,Israel Appeals to West’s Big 3,1952-09-26,Israel/Palestine; Western Intervention; US; France; England/UK; Arab World; Islamic World,images/0154-Israel-Appeals-to-West-s-Big-3-1.png
155,3cad6f94-3ef1-804a-a914-f38964df10d2,Buchenwald Aide Gets 3 Years,1952-09-11,Holocaust; Nazis/Fascists; Germany,images/0155-Buchenwald-Aide-Gets-3-Years-1.png
156,3cad6f94-3ef1-806e-a811-d8971ef60641,Jews in Morocco Aided by Clinics,1952-09-28,Morocco; Arab World; Islamic World; Ghettos; Legal Restrictions against Jews,images/0156-Jews-in-Morocco-Aided-by-Clinics-1.png
157,3cad6f94-3ef1-80a4-9ecd-c46286b58577,"World Jewish Aid Tops $300,000,000",1952-09-26,Sources of Funding; Jewish contributions/activism,images/0157-World-Jewish-Aid-Tops-300-000-000-1.png
158,3cad6f94-3ef1-80e5-aede-db1b580246dd,Aid to Jews Abroad,1953-09-06,Jewish contributions/activism; Sources of Funding,images/0158-Aid-to-Jews-Abroad-1.png
159,3cad6f94-3ef1-80c2-908e-de739693be85,"Arab Refugee Aid Urgent, U.N. Told",1953-09-30,"UN & League of Nations; ""The Nakba""/""refugees""; Arab World; Islamic World; Intent in Israel/Palestine",images/0159-Arab-Refugee-Aid-Urgent-U.N.-Told-1.png
160,3cad6f94-3ef1-8033-aeb0-e0e511d56f2d,2 Israelis Reported Slain,1953-09-09,Israel/Palestine; Ceasefire Violations; Arab World; Islamic World; Muslim Antisemitism; Yemen,images/0160-2-Israelis-Reported-Slain-1.png
161,3cad6f94-3ef1-805e-8157-d18a106b2941,Rumanian-Czech Curb on Jews is Reported,1953-09-18,Czechoslovakia; Romania; Europe; Western Antisemitism,images/0161-Rumanian-Czech-Curb-on-Jews-is-Reported-1.png
162,3cad6f94-3ef1-809c-a261-d82000f311e4,Kinsman of Jews Exiled in 1492 Holds Madrid Rite,1953-09-23,Jewish Culture Beliefs & Debates; Europe; Spain,images/0162-Kinsman-of-Jews-Exiled-in-1492-Holds-Madrid-Rite-1.png
163,3cad6f94-3ef1-8025-a254-ee2e13daa3cf,2 Army Chapels are Burned,1963-09-06,US; The Americas; Western Antisemitism,images/0163-2-Army-Chapels-are-Burned-1.png
164,3cad6f94-3ef1-8007-a886-d2112530f7f1,Spain Bars New Years Service For Jews in a Hotel in Madrid,1954-09-28,Spain; Europe; Western Antisemitism,images/0164-Spain-Bars-New-Years-Service-For-Jews-in-a-Hotel-in-Madrid-1.png
165,3cad6f94-3ef1-809b-80dd-d5722a941ac9,Einstein Extols Israel as Refuge,1954-09-20,Israel/Palestine; Political Zionism; Einstein; Intent in Israel/Palestine,images/0165-Einstein-Extols-Israel-as-Refuge-1.png
166,3cad6f94-3ef1-80c4-a0e6-ddba9d266430,500 Jews Arrive in Aden,1954-09-16,Yemen; Arab World; Islamic World; Israel/Palestine; Ethnic Cleansing,images/0166-500-Jews-Arrive-in-Aden-1.png
167,3cad6f94-3ef1-802e-ba52-fcd6b0c0a3c5,Israel Appeals to Arabs For a Peace Agreement,1954-09-27,Israel/Palestine; Arab World; Islamic World; Intent in Israel/Palestine,images/0167-Israel-Appeals-to-Arabs-For-a-Peace-Agreement-1.png
168,3c8d6f94-3ef1-8030-8610-ebc322c12485,U.S. Is Set to Send Arms to Mid-East,1954-09-08,US; Western Intervention; Arab World; Islamic World; USSR; Russia; Egypt,images/0168-U.S.-Is-Set-to-Send-Arms-to-Mid-East-1.png
169,3c8d6f94-3ef1-8086-aeff-f8362793054d,Israel Is Adjusting Policies To New Mideast Conditions,1954-09-05,Israel/Palestine; Arab World; Islamic World; Western Intervention; Iraq; Egypt; Arab League; England/UK,images/0169-Israel-Is-Adjusting-Policies-To-New-Mideast-Conditions-1.png
170,3c8d6f94-3ef1-8030-80ed-d023f6861b2e,Arms for Arabs,1954-09-05,Israel/Palestine; Arab World; Islamic World; Western Intervention; Intent in Israel/Palestine,images/0170-Arms-for-Arabs-1.png
171,3c8d6f94-3ef1-8003-82df-c5b8e395e160,Negev Villages Attacked,1954-09-22,Israel/Palestine; Arab World; Islamic World; Ceasefire Violations; Targeting of Civilians; Egypt,images/0171-Negev-Villages-Attacked-1.png
172,3c8d6f94-3ef1-809e-919e-e5a1eb1fb55e,Kefauver Hails Israel,1954-09-25,Israel/Palestine; Arab World; Islamic World; Western Intervention; US,images/0172-Kefauver-Hails-Israel-1.png
173,3c8d6f94-3ef1-80c6-8b77-dfe9df1819f3,Egypt Affirms Support for West But Remains Weary on Treaty,1954-09-03,Egypt; Arab World; Islamic World; Western Intervention,images/0173-Egypt-Affirms-Support-for-West-But-Remains-Weary-on-Treaty-1.png
174,3c8d6f94-3ef1-803a-be4b-c89706c90c17,Two Brothers Slain in Negev,1954-09-27,Israel/Palestine; Arab World; Islamic World; Targeting of Civilians; Ceasefire Violations; Egypt,images/0174-Two-Brothers-Slain-in-Negev-1.png
175,3c8d6f94-3ef1-801f-abe3-c27c16892bdc,Policy Revision In Mideast Urged,1954-09-23,Political Zionism; Intent in Israel/Palestine; Arab World; Islamic World,images/0175-Policy-Revision-In-Mideast-Urged-1.png
176,3c8d6f94-3ef1-8036-bdeb-c61a136e4845,A Truce at Gaza,1955-09-09,Israel/Palestine; Intent in Israel/Palestine; Arab World; Islamic World,images/0176-A-Truce-at-Gaza-1.png
177,3c8d6f94-3ef1-8022-a51f-fe4793b555b1,"165,000 Jews Aided",1955-09-04,Sources of Funding; Jewish contributions/activism; Arab World; Islamic World,images/0177-165-000-Jews-Aided-1.png
178,3c8d6f94-3ef1-800c-8686-c7a177395bd9,Jewish Bid to Molotov,1955-09-21,USSR; Russia; Europe; Western Antisemitism,images/0178-Jewish-Bid-to-Molotov-1.png
179,3c8d6f94-3ef1-807a-ade0-d352ea4ce28a,Morocco’s Jews Driven by Strife,1955-09-11,Morocco; Arab World; Islamic World; Muslim Antisemitism; Legal Restrictions against Jews; Pogroms,images/0179-Morocco-s-Jews-Driven-by-Strife-1.png
180,3c8d6f94-3ef1-806d-939d-fef440e4b1f8,Raid Laid to Lebanese,1955-09-25,Lebanon; Israel/Palestine; Ceasefire Violations; Arab World; Islamic World; Targeting of Civilians,images/0180-Raid-Laid-to-Lebanese-1.png
181,3c8d6f94-3ef1-801e-8f5a-c281f4f5cb76,"Jordan Censured, Her Aims Praised",1955-09-11,Jordan; UN & League of Nations; Arab World; Islamic World; Ceasefire Violations,images/0181-Jordan-Censured-Her-Aims-Praised-1.png
182,3c8d6f94-3ef1-8020-9342-f310f8585655,Truce Chief Asks Barrier at Gaza to Block Fighting,1955-09-08,UN & League of Nations; Ceasefire Violations; Egypt; Israel/Palestine; Arab World; Islamic World,images/0182-Truce-Chief-Asks-Barrier-at-Gaza-to-Block-Fighting-1.png
183,3c8d6f94-3ef1-801b-b1cd-ce5854e98076,Egypt is Censured,1955-09-13,UN & League of Nations; Ceasefire Violations; Egypt; UAR; Arab World; Islamic World; Israel/Palestine; Intent in Israel/Palestine,images/0183-Egypt-is-Censured-1.png
184,3c8d6f94-3ef1-802b-92d1-edfa72e12885,"166,900 Jews Assisted",1956-09-16,Sources of Funding; Jewish contributions/activism,images/0184-166-900-Jews-Assisted-1.png
185,3c8d6f94-3ef1-8080-8b45-c991bc20b36e,Curbs on Jews Opposed,1956-09-20,Arab World; Islamic World; Muslim Antisemitism; Legal Restrictions against Jews; Christianity & Churches,images/0185-Curbs-on-Jews-Opposed-1.png
186,3c8d6f94-3ef1-8055-91cd-c894f90d50fc,UNESCO Unit Gets Bid,1956-09-18,Legal Restrictions against Jews; Arab World; Islamic World; Muslim Antisemitism,images/0186-UNESCO-Unit-Gets-Bid-1.png
187,3c8d6f94-3ef1-80fc-b20a-c984e3e67ad9,Canada Selling Israel 24 Jets; No U.S. Objection,1956-09-22,Israel/Palestine; Canada; US; The Americas; Western Intervention; Arab World; Islamic World,images/0187-Canada-Selling-Israel-24-Jets-No-U.S.-Objection-1.png
188,3c8d6f94-3ef1-80e2-bd4d-c40ead0f41f1,Civil Rights Gains Found Across U.S.,1957-09-29,US; The Americas; Jewish contributions/activism,images/0188-Civil-Rights-Gains-Found-Across-U.S.-1.png
189,3c8d6f94-3ef1-80e9-bb30-d819af17a668,U.N. Is Accused of Pro-Arab Bias,1957-09-16,England/UK; Political Zionism; UN & League of Nations; Western Intervention; Arab World; Islamic World,images/0189-U.N.-Is-Accused-of-Pro-Arab-Bias-1.png
190,3c8d6f94-3ef1-8054-b1d7-e0b68a3b8835,Soviet Anti-Semitism,1957-09-23,Western Antisemitism; USSR; Russia; Europe; Antizionism,images/0190-Soviet-Anti-Semitism-1.png
191,3c8d6f94-3ef1-8056-b2d6-cc898c3bad52,Israeli Farmer Shot,1957-09-08,Israel/Palestine; Targeting of Civilians; Arab World; Islamic World; Syria,images/0191-Israeli-Farmer-Shot-1.png
192,3c8d6f94-3ef1-80b2-8cc4-dd8ed5d5bb40,U.N. Hears about Trees,1957-09-27,UN & League of Nations; Lies about Israel; Israel/Palestine; Jordan; Arab World; Islamic World,images/0192-U.N.-Hears-about-Trees-1.png
193,3c8d6f94-3ef1-807d-8e32-f4bd6956b31d,‘In the Middle’,1957-09-15,Political Cartoons/Images; Israel/Palestine; Western Intervention; Arab World; Islamic World; USSR; Russia,images/0193-In-the-Middle-1.png
194,3c8d6f94-3ef1-80ea-9f27-e0062eebaf9a,Israel Getting Arms From U.S. and Allies,1958-09-23,US; Western Intervention; Israel/Palestine,images/0194-Israel-Getting-Arms-From-U.S.-and-Allies-1.png
195,3c8d6f94-3ef1-80d2-8941-eaa11cf92f91,Arabs to Tighten Boycott of Israel,1958-09-28,Israel/Palestine; Arab World; Islamic World; Boycotts against Jews,images/0195-Arabs-to-Tighten-Boycott-of-Israel-1.png
196,3c8d6f94-3ef1-80ca-b8ef-f834c0842fa8,Ancient Villages Survive in Negev,1958-09-01,Israel/Palestine; Jewish history (relative to time of article),images/0196-Ancient-Villages-Survive-in-Negev-1.png
197,3c8d6f94-3ef1-800b-b98d-f410144edb2e,Arab League Calls on Members to Step up Effort Against Israel,1959-09-08,Israel/Palestine; Arab World; Arab League; Islamic World; Palestinian Identity,images/0197-Arab-League-Calls-on-Members-to-Step-up-Effort-Against-Israel-1.png
198,3c8d6f94-3ef1-80df-964e-d277b39147bd,Lebanon Backs Curb on Israel,2026-09-29,Lebanon; Israel/Palestine; Arab World; Islamic World; UAR; Egypt; Blockade/Siege/Targeting of Food & Water,images/0198-Lebanon-Backs-Curb-on-Israel-1.png
199,3c8d6f94-3ef1-80bf-9192-d491eeaeef63,Keating Scores Arabs’ Leaders For Their ‘Obsession’ on Israel,1959-09-11,Israel/Palestine; Arab World; Islamic World; Muslim Antisemitism; Intent in Israel/Palestine,images/0199-Keating-Scores-Arabs-Leaders-For-Their-Obsession-on-Israel-1.png
200,3c8d6f94-3ef1-80b0-967f-cca828dca9b0,37 Africans Attend Seminar in Tel Aviv,1960-09-06,Israel/Palestine; Africa; Jewish contributions/activism; Arab League; Arab World; Islamic World,images/0200-37-Africans-Attend-Seminar-in-Tel-Aviv-1.png
201,3c8d6f94-3ef1-80ce-bb4d-f2ded5610481,Nkrumah’s Talk Draws Complain From Arabs,1960-09-24,Israel/Palestine; Arab World; Islamic World; Intent in Israel/Palestine; Ghana; UN & League of Nations; Africa,images/0201-Nkrumah-s-Talk-Draws-Complain-From-Arabs-1.png
202,3c8d6f94-3ef1-809d-b7a0-c47b90010104,Parley Asks Rights For Jews in Soviet,1960-09-16,USSR; Russia; Europe; Western Antisemitism; Legal Restrictions against Jews,images/0202-Parley-Asks-Rights-For-Jews-in-Soviet-1.png
203,3c8d6f94-3ef1-8075-ae8e-d8be196ed34a,Appeal is Issued on Soviet Jews,1960-09-29,USSR; Europe; Western Antisemitism; Russia; Legal Restrictions against Jews,images/0203-Appeal-is-Issued-on-Soviet-Jews-1.png
204,3c8d6f94-3ef1-8035-bda7-e1c8f46f320e,Syrian Revolt Against Nasser Reported by Damascus Radio,1961-09-28,Egypt; UAR; Syria; Arab World; Islamic World; Pan-Arabism,images/0204-Syrian-Revolt-Against-Nasser-Reported-by-Damascus-Radio-1.png
205,3c8d6f94-3ef1-8038-b77e-d83b03c3da1a,Damascus Seized,1961-09-29,Syria; UAR; Egypt; Pan-Arabism; Arab World; Islamic World,images/0205-Damascus-Seized-1.png
206,3c8d6f94-3ef1-80c7-8261-ffe1858d9ae3,The Syrian Revolt,1961-09-30,Syria; Islamic World; Arab World; Egypt; UAR; Pan-Arabism,images/0206-The-Syrian-Revolt-1.png
207,3c8d6f94-3ef1-80a5-ba5c-c58fab2df0ce,Israeli Patrol Kills 2 Arabs,1961-09-30,Israel/Palestine; Arab World; Islamic World; Terrorism; Egypt,images/0207-Israeli-Patrol-Kills-2-Arabs-1.png
208,3c8d6f94-3ef1-8060-a939-f4a732cbf515,Interpol Stand Scored,1961-09-09,Nazis/Fascists; Legal Restrictions against Jews; Israel/Palestine; Holocaust,images/0208-Interpol-Stand-Scored-1.png
209,3c8d6f94-3ef1-8087-92bd-e2c61170001f,Casablanca Jews Win Travel Right,1961-09-22,Morocco; Arab World; Islamic World; Muslim Antisemitism; Legal Restrictions against Jews,images/0209-Casablanca-Jews-Win-Travel-Right-1.png
210,3c8d6f94-3ef1-800d-bfaa-c1ddedb9ee3b,Israelis See Arms Gains,1962-09-28,Israel/Palestine; Arab World; Islamic World; US; Western Intervention,images/0210-Israelis-See-Arms-Gains-1.png
211,3c8d6f94-3ef1-8088-84f5-d62fcc67e945,Law on Racial Hate is Urged in Britain,1962-09-17,England/UK; Western Antisemitism; Europe; Nazis/Fascists; Pogroms,images/0211-Law-on-Racial-Hate-is-Urged-in-Britain-1.png
212,3c8d6f94-3ef1-8017-9209-fd89a1fa8349,Argentina’s Jews Accuse 3 Groups,1962-09-12,Argentina; The Americas; Western Antisemitism,images/0212-Argentina-s-Jews-Accuse-3-Groups-1.png
213,3c8d6f94-3ef1-8049-949c-e0b7e3ed1a86,State Tells Aramco to Drop it’s Police of Excluding Jews,1962-09-28,Oil; Arab World; Islamic World; Western Antisemitism; Muslim Antisemitism; Saudi Arabia,images/0213-State-Tells-Aramco-to-Drop-it-s-Police-of-Excluding-Jews-1.png
214,3c8d6f94-3ef1-80c6-adae-c96b64e92edf,Missiles to Israel,1962-09-28,Israel/Palestine; US; Western Intervention; USSR; Arab World; Islamic World,images/0214-Missiles-to-Israel-1.png
215,3c8d6f94-3ef1-8059-a479-de9a57ee85b2,U.S. Urged to Seek Arab-Israeli Peace,1962-09-19,Israel/Palestine; Arab World; Islamic World; Political Zionism; Egypt,images/0215-U.S.-Urged-to-Seek-Arab-Israeli-Peace-1.png
216,3c8d6f94-3ef1-8050-a77e-c3d642091bb0,Labor Assails Anti-Semitism in Latin America,1962-09-13,The Americas; Western Antisemitism; Argentina; Uruguay; Nazis/Fascists,images/0216-Labor-Assails-Anti-Semitism-in-Latin-America-1.png
217,3c8d6f94-3ef1-80c9-9a6a-e601f742ab78,Rabbis Set Goal of Emancipation,1962-09-23,US; The Americas; Jewish contributions/activism,images/0217-Rabbis-Set-Goal-of-Emancipation-1.png
218,3c8d6f94-3ef1-80b6-97be-c8ec88513e58,Jews Press U.S. for Ban on Prods in Race Protests,1963-09-02,Jewish contributions/activism; US; The Americas,images/0218-Jews-Press-U.S.-for-Ban-on-Prods-in-Race-Protests-1.png
219,3c8d6f94-3ef1-8004-88c3-ca7224851e8c,The 101st Soviet Veto,1963-09-04,UN & League of Nations; USSR; Russia; Arab World; Israel/Palestine; Ceasefire Violations; Targeting of Civilians,images/0219-The-101st-Soviet-Veto-1.png
220,3c8d6f94-3ef1-805c-b4d4-e36bb450c1fd,Israel Hails U.N. For Syria Stand,1963-09-05,Syria; Israel/Palestine; UN & League of Nations; Arab World; Islamic World; Targeting of Civilians,images/0220-Israel-Hails-U.N.-For-Syria-Stand-1.png
221,3c8d6f94-3ef1-80eb-87a0-ed9a1ba010c4,Arabs Split Again on Palestinians,1963-09-22,Jordan; Saudi Arabia; Iraq; UAR; Egypt; Arab World; Islamic World; Israel/Palestine; Palestinian Identity; Intent in Israel/Palestine,images/0221-Arabs-Split-Again-on-Palestinians-1.png
222,3c8d6f94-3ef1-801c-bfa9-ccc0ac998919,Soviet Veto bars U.N. Denunciation of Raid by Syria,1963-09-04,Russia; USSR; Syria; Ceasefire Violations; Arab World; Islamic World; UN & League of Nations; Targeting of Civilians,images/0222-Soviet-Veto-bars-U.N.-Denunciation-of-Raid-by-Syria-1.png
223,3c8d6f94-3ef1-8033-9fd9-d8cb7f0c7d7d,Syria Protests Discussion,1964-09-30,Syria; Arab World; Islamic World; Christianity & Churches; Muslim Antisemitism; Antizionism,images/0223-Syria-Protests-Discussion-1.png
224,3c8d6f94-3ef1-802d-82bd-e5d215956e3f,Rights Struggle Stressed by Jews,1964-09-07,Jewish contributions/activism; US; The Americas,images/0224-Rights-Struggle-Stressed-by-Jews-1.png
225,3c8d6f94-3ef1-808f-8480-e676a286bbbd,Judaism denounced in Moldavian Tract,1964-09-14,Moldova; Europe; Western Antisemitism; USSR,images/0225-Judaism-denounced-in-Moldavian-Tract-1.png
226,3c8d6f94-3ef1-80d9-85c9-e40372556ffa,Catholic Anti-Semitism Tied to Crucifixion View,1964-09-06,Christianity & Churches; Western Antisemitism,images/0226-Catholic-Anti-Semitism-Tied-to-Crucifixion-View-1.png
227,3c8d6f94-3ef1-8045-9a41-fdbea832011d,Cushing May Talk on Draft of Jews,1964-09-19,Christianity & Churches; US; The Americas; Western Antisemitism,images/0227-Cushing-May-Talk-on-Draft-of-Jews-1.png
228,3c8d6f94-3ef1-807d-910e-dbbcefab8dcb,Council Gets Text on Jews With Hint For Amending It,1964-09-26,Christianity & Churches; Western Antisemitism,images/0228-Council-Gets-Text-on-Jews-With-Hint-For-Amending-It-1.png
229,3c8d6f94-3ef1-809c-acae-cda3021186cb,Cushing Presses Position of Jews,1964-09-29,Arab World; Islamic World; Israel/Palestine; Christianity & Churches; Antizionism,images/0229-Cushing-Presses-Position-of-Jews-1.png
230,3c8d6f94-3ef1-80f8-936c-c340dc7fbb1f,A Pro-Cairo Coup Attempt in Iraq Reported Foiled by Arif’s Brother,1965-09-18,Egypt; Iraq; Pan-Arabism; UAR; Arab World; Islamic World,images/0230-A-Pro-Cairo-Coup-Attempt-in-Iraq-Reported-Foiled-by-Arif-s-Brother-1.png
231,3c8d6f94-3ef1-806c-aba9-e7789fd37812,Another Test of Unity Seen,1965-09-12,Israel/Palestine; Arab World; Islamic World; UAR; Egypt,images/0231-Another-Test-of-Unity-Seen-1.png
232,3c8d6f94-3ef1-808a-bcc8-f7f8db010f37,Snipers Fire on Israeli Train,1965-09-11,Israel/Palestine; Terrorism; Arab World; Islamic World; Targeting of Civilians; Targeting of Children,images/0232-Snipers-Fire-on-Israeli-Train-1.png
233,3c8d6f94-3ef1-8043-bb13-d190503e05cc,Raiders Attack in Israel,1965-09-21,Israel/Palestine; Blockade/Siege/Targeting of Food & Water; Jordan; Arab World; Islamic World; Terrorism; Ceasefire Violations,images/0233-Raiders-Attack-in-Israel-1.png
234,3c8d6f94-3ef1-8067-a958-ff232b7eb96c,Vatican Draft Exonerating Jews Revised to Omit Word ‘Deicide’,1965-09-11,Christianity & Churches; Western Antisemitism; Italy; Europe,images/0234-Vatican-Draft-Exonerating-Jews-Revised-to-Omit-Word-Deicide-1.png
235,3c8d6f94-3ef1-80f2-839f-e2e1dfc878f0,Syrian Christians Fight Vatican Draft on Jews,1965-09-13,Syria; Christianity & Churches; Western Antisemitism; Muslim Antisemitism; Arab World; Islamic World,images/0235-Syrian-Christians-Fight-Vatican-Draft-on-Jews-1.png
236,3c8d6f94-3ef1-8004-b206-c1d24719f292,Religion: Must a Rabbi Believe in God?,1965-09-05,Jewish Culture Beliefs & Debates,images/0236-Religion-Must-a-Rabbi-Believe-in-God-1.png
237,3c8d6f94-3ef1-8068-a198-c1d2894a5fc7,Anti-Jewish Attack in Pretoria,1965-09-13,Western Antisemitism; South Africa; Africa,images/0237-Anti-Jewish-Attack-in-Pretoria-1.png
238,3c8d6f94-3ef1-8055-a7da-d66d8309a175,2d Israeli Protest Sent to U.N. Council,1966-09-12,UN & League of Nations; Israel/Palestine; Syria; Arab World; Islamic World; Ceasefire Violations,images/0238-2d-Israeli-Protest-Sent-to-U.N.-Council-1.png
239,3c8d6f94-3ef1-80c0-a269-f50f70e621bd,Algerians Support Appeal for Destruction of Israel,1966-09-04,Algeria; Arab World; Islamic World; Israel/Palestine; Intent in Israel/Palestine; Pan-Arabism; Ceasefire Violations,images/0239-Algerians-Support-Appeal-for-Destruction-of-Israel-1.png
240,3c8d6f94-3ef1-8003-bd11-cd1a181b028f,Nazi Party Aide Fined in Chicago,1966-09-13,Nazis/Fascists; US; Western Antisemitism; The Americas,images/0240-Nazi-Party-Aide-Fined-in-Chicago-1.png
241,3c8d6f94-3ef1-802b-a59b-dc9c61f15170,Retrial of Ex-Nazi is Begun in Vienna,1966-09-27,Nazis/Fascists; Austria; Holocaust; Western Antisemitism; Europe,images/0241-Retrial-of-Ex-Nazi-is-Begun-in-Vienna-1.png
242,3c8d6f94-3ef1-80e3-99a5-d2c9127f2c17,Israel Reports Sabotage By Raiders From Jordan,1966-09-26,Israel/Palestine; Jordan; Arab World; Islamic World; Blockade/Siege/Targeting of Food & Water; Terrorism,images/0242-Israel-Reports-Sabotage-By-Raiders-From-Jordan-1.png
243,3c8d6f94-3ef1-808f-adb7-f65765c0be93,Singular Attack on a Jew,1890-09-21,Western Antisemitism; Austria; Europe,images/0243-Singular-Attack-on-a-Jew-1.png
244,3c8d6f94-3ef1-8015-a07f-d3e11cb1ab96,Israelis say Arabs Cut Pipe,1966-09-14,Israel/Palestine; Arab World; Islamic World; Terrorism; Blockade/Siege/Targeting of Food & Water,images/0244-Israelis-say-Arabs-Cut-Pipe-1.png
245,3c6d6f94-3ef1-803e-ae4b-f7724c1384f0,"Arab Infiltrators Killed, Israel Said",1966-09-08,Arab World; Islamic World; Terrorism; Israel/Palestine; Targeting of Civilians,images/0245-Arab-Infiltrators-Killed-Israel-Said-1.png
246,3c6d6f94-3ef1-802b-b158-f56186bf5404,Arabs Said to Get Peking Arms Aid,1966-09-26,Pan-Arabism; Arab World; Islamic World; Israel/Palestine; Sources of Funding; China; PLO,images/0246-Arabs-Said-to-Get-Peking-Arms-Aid-1.png
247,3c6d6f94-3ef1-8076-86c8-f064bd39fc59,Mine Blast Hurts 6 Israelis; Syrian Infiltrator Suspected,1966-09-07,Israel/Palestine; Arab World; Islamic World; Terrorism; Syria; Targeting of Civilians; Ceasefire Violations,images/0247-Mine-Blast-Hurts-6-Israelis-Syrian-Infiltrator-Suspected-1.png
248,3c6d6f94-3ef1-804f-beb8-f5c23e9abdb6,Israel Gets a Judeo-Persian MS,1966-09-04,Israel/Palestine; Jewish history (relative to time of article); Iran,images/0248-Israel-Gets-a-Judeo-Persian-MS-1.png
249,3c6d6f94-3ef1-80d3-a03d-c699e4f2212e,Two Kinds of Arab Unity,1966-09-03,Arab World; Islamic World; Pan-Arabism; Israel/Palestine; Pakistan; Turkey,images/0249-Two-Kinds-of-Arab-Unity-1.png
250,3c6d6f94-3ef1-80af-862c-e0b545568c45,U.N. Aide Examines Anti-Israeli Books,1967-09-02,"Arab World; Islamic World; Israel/Palestine; UN & League of Nations; Muslim Antisemitism; Jordan; ""The Nakba""/""refugees""",images/0250-U.N.-Aide-Examines-Anti-Israeli-Books-1.png
251,3c6d6f94-3ef1-809c-b8e4-fc3786b9c636,Eban Says U.N. Must Avoid Blocking a Mideast Parley,1967-09-26,UN & League of Nations; Israel/Palestine; Arab World; Islamic World; Intent in Israel/Palestine,images/0251-Eban-Says-U.N.-Must-Avoid-Blocking-a-Mideast-Parley-1.png
252,3c6d6f94-3ef1-80c8-a683-d90f66ff450e,United Arab Republic,1967-09-17,UAR; Egypt; Arab World; Islamic World; Israel/Palestine; Lies about Israel,images/0252-United-Arab-Republic-1.png
253,3c6d6f94-3ef1-80ef-bd79-cba9649519c7,Arab Raiders Kill First Israeli Since End of War,1967-09-26,Israel/Palestine; Arab World; Islamic World; Terrorism; Targeting of Children; Targeting of Civilians,images/0253-Arab-Raiders-Kill-First-Israeli-Since-End-of-War-1.png
254,3c6d6f94-3ef1-80aa-844c-e2ab856088b0,Nasser and King Plan Concessions,1967-09-02,UAR; Egypt; Israel/Palestine; Arab World; Islamic World; Intent in Israel/Palestine; Jordan,images/0254-Nasser-and-King-Plan-Concessions-1.png
255,3c6d6f94-3ef1-8084-8c20-f621292db056,Envoys Say Nasser Now Concedes U.S. Didn’t Help Israel,1967-09-16,Lies about Israel; Israel/Palestine; Arab World; Islamic World; UAR; Egypt; USSR,images/0255-Envoys-Say-Nasser-Now-Concedes-U.S.-Didn-t-Help-Israel-1.png
256,3c6d6f94-3ef1-8050-8fea-d9b8aae2af2a,Israelis Return to Village Overrun 20 Years Ago,1967-09-28,Israel/Palestine; Arab World; Islamic World; Ethnic Cleansing,images/0256-Israelis-Return-to-Village-Overrun-20-Years-Ago-1.png
257,3c6d6f94-3ef1-80d7-baf8-f2359d63b8f6,Israel Proposes a Link With Arabs,1967-09-28,Israel/Palestine; Arab World; Islamic World; Intent in Israel/Palestine; Lebanon; Jordan,images/0257-Israel-Proposes-a-Link-With-Arabs-1.png
258,3c6d6f94-3ef1-8037-af24-f74ded2e71e8,Czechs Drop Observance of Jewish Anniversary,1967-09-06,Europe; Czechoslovakia; Western Antisemitism,images/0258-Czechs-Drop-Observance-of-Jewish-Anniversary-1.png
259,3c6d6f94-3ef1-8030-93e2-e0af4555e160,Terrorists and Cricket,1967-09-02,Arab World; Islamic World; Terrorism; Ethnic Cleansing; Muslim Antisemitism; Yemen; Pogroms; Israel/Palestine,images/0259-Terrorists-and-Cricket-1.png
260,3c6d6f94-3ef1-8005-9621-cca2faf65118,Convicted Ex-Nazi Freed at Stuttgart,1967-09-16,Nazis/Fascists; Europe; Western Antisemitism; Germany,images/0260-Convicted-Ex-Nazi-Freed-at-Stuttgart-1.png
261,3c6d6f94-3ef1-803c-9f4d-c5ddbcb30106,Jordanians Fail to Appear to Discuss Refugee Return,1967-09-21,"Israel/Palestine; ""The Nakba""/""refugees""; Arab World; Islamic World; Intent in Israel/Palestine; Jordan",images/0261-Jordanians-Fail-to-Appear-to-Discuss-Refugee-Return-1.png
262,3c6d6f94-3ef1-80bc-9717-f6fc9ddd2d37,Eban Says Arabs Remain Adamant,1967-09-06,Israel/Palestine; Arab World; Islamic World; UN & League of Nations,images/0262-Eban-Says-Arabs-Remain-Adamant-1.png
263,3c6d6f94-3ef1-808f-b5da-e6427537e207,Israeli Tractor Strikes Mines,1967-09-01,Israel/Palestine; Arab World; Islamic World; Terrorism,images/0263-Israeli-Tractor-Strikes-Mines-1.png
264,3c6d6f94-3ef1-8056-8b5c-d2612771fca5,Israel Arrest 9 Arabs,1967-09-21,Israel/Palestine; Arab World; Islamic World; Terrorism,images/0264-Israel-Arrest-9-Arabs-1.png
265,3c6d6f94-3ef1-80fd-bddc-dd92d5d03d60,Stand at Khartoum Said to Cause Turmoil in Iraq,1967-09-13,Iraq; Arab World; Islamic World; Israel/Palestine,images/0265-Stand-at-Khartoum-Said-to-Cause-Turmoil-in-Iraq-1.png
266,3c6d6f94-3ef1-80b1-91c2-d9185f4e5f08,"Amman, Jordan",1968-09-29,Jordan; PLO; Israel/Palestine; Arab World; Islamic World,images/0266-Amman-Jordan-1.png
267,3c6d6f94-3ef1-80d2-a82a-fb26bbbf230d,6 Israeli Soldiers Killed in Ambush,1968-09-20,Israel/Palestine; Arab World; Islamic World; Terrorism; Jordan,images/0267-6-Israeli-Soldiers-Killed-in-Ambush-1.png
268,3c6d6f94-3ef1-808e-a049-f01bb44e640c,Israeli ‘Peace Pilot’ Here to Aid Biafrans,1968-09-13,Israel/Palestine; UAR; Egypt; Africa; Nigeria,images/0268-Israeli-Peace-Pilot-Here-to-Aid-Biafrans-1.png
269,3c6d6f94-3ef1-806c-acf1-fc7e0af71c9a,Israel Reports Desertion by Several Egyptians,1968-09-03,Israel/Palestine; Egypt; Arab World; Islamic World,images/0269-Israel-Reports-Desertion-by-Several-Egyptians-1.png
270,3c6d6f94-3ef1-80bc-ad46-ccf83e075382,Israelis Capture Bombing Suspects,1968-09-06,Israel/Palestine; Arab World; Islamic World; Terrorism,images/0270-Israelis-Capture-Bombing-Suspects-1.png
271,3c6d6f94-3ef1-80fb-ad4f-e34d40d159ab,Hussein Seeking Early Accord On Palestine to Save Monarchy,1968-09-24,Hashemites; Jordan; Israel/Palestine; Arab World; Islamic World; Terrorism,images/0271-Hussein-Seeking-Early-Accord-On-Palestine-to-Save-Monarchy-1.png
272,3c6d6f94-3ef1-80df-89fa-db757d6d041d,Israel Reports Shooting,1968-09-22,Israel/Palestine; Arab World; Islamic World; Targeting of Civilians,images/0272-Israel-Reports-Shooting-1.png
273,3c6d6f94-3ef1-8092-821a-e8d72c8fd9c2,Argentine Terror Bombing Destroys Israeli Trade Fair,1968-09-26,Israel/Palestine; Arab World; Islamic World; Terrorism; Argentina; The Americas,images/0273-Argentine-Terror-Bombing-Destroys-Israeli-Trade-Fair-1.png
274,3c6d6f94-3ef1-8003-a917-f99065b895a0,Arab Terrorism Finds a Chink in Israel’s Armor,1968-09-08,Israel/Palestine; Arab World; Islamic World; Terrorism,images/0274-Arab-Terrorism-Finds-a-Chink-in-Israel-s-Armor-1.png
275,3c6d6f94-3ef1-809e-9014-e026ac84e1ce,"An Anti-Israel Front is Planned by Arabs, Nasser Tells Party",1968-09-16,Arab World; Islamic World; Intent in Israel/Palestine; Israel/Palestine; Egypt; UAR; Terrorism; Victim Blaming/Justification of Antisemitism,images/0275-An-Anti-Israel-Front-is-Planned-by-Arabs-Nasser-Tells-Party-1.png
276,3c6d6f94-3ef1-8051-b512-f5858a79589c,110 Egyptian Jews Have Left in 1968,1968-09-10,Israel/Palestine; Arab World; Islamic World; Egypt; Ethnic Cleansing; Legal Restrictions against Jews,images/0276-110-Egyptian-Jews-Have-Left-in-1968-1.png
277,3c6d6f94-3ef1-8072-8d66-ecb683b91f2f,A Pole Criticizes Purging of Jews,1968-09-28,Poland; Europe; Western Antisemitism; Antizionism; Ethnic Cleansing,images/0277-A-Pole-Criticizes-Purging-of-Jews-1.png
278,3c6d6f94-3ef1-8065-a073-fbee60dd6afa,High South African Official is Accused of Anti-Semitism,1968-09-02,Western Antisemitism; South Africa; Africa,images/0278-High-South-African-Official-is-Accused-of-Anti-Semitism-1.png
279,3c6d6f94-3ef1-8030-b1dd-db6a4b3c9cce,An Erstwhile Jew is Lonely in Aden,1968-09-15,Yemen; Arab World; Islamic World; Israel/Palestine; Ethnic Cleansing,images/0279-An-Erstwhile-Jew-is-Lonely-in-Aden-1.png
280,3c6d6f94-3ef1-8061-bd80-e52f7481e8f3,Dissension Grips Islamic Meeting,1969-09-25,Islamic World; Arab World; Israel/Palestine; India; Turkey; Iran,images/0280-Dissension-Grips-Islamic-Meeting-1.png
281,3c6d6f94-3ef1-80e9-9c0f-c1647de49bfa,Moslem Leaders Get Nasser Plea,1969-09-23,Islamic World; Arab World; Intent in Israel/Palestine; Antizionism; Israel/Palestine,images/0281-Moslem-Leaders-Get-Nasser-Plea-1.png
282,3c6d6f94-3ef1-8022-b203-f43a84f52c7e,Palestinian Issue Debated at Rabat,1969-09-24,"Israel/Palestine; Arab World; Islamic World; ""The Nakba""/""refugees""; Arab League",images/0282-Palestinian-Issue-Debated-at-Rabat-1.png
283,3c6d6f94-3ef1-8051-bffd-de517c9522da,Floodlighted Thousands Pray at the Wailing Wall,1969-09-13,Holy Sites; Terrorism; Israel/Palestine; Arab World; Islamic World,images/0283-Floodlighted-Thousands-Pray-at-the-Wailing-Wall-1.png
284,3c6d6f94-3ef1-8072-b892-da051f9e7699,Syria and the Pirates,1969-09-13,Syria; Israel/Palestine; Arab World; Islamic World; Terrorism; UN & League of Nations,images/0284-Syria-and-the-Pirates-1.png
285,3c6d6f94-3ef1-800b-9fbd-d12ac219e553,Arafat Reports Fighting,1969-09-24,Israel/Palestine; Arab World; Islamic World; Arafat; PLO; Blockade/Siege/Targeting of Food & Water,images/0285-Arafat-Reports-Fighting-1.png
286,3c6d6f94-3ef1-806f-9184-e55ab1392d9f,Soviet Jew Tells of Fight to Leave,1969-09-28,USSR; Russia; Western Antisemitism; Europe; Legal Restrictions against Jews,images/0286-Soviet-Jew-Tells-of-Fight-to-Leave-1.png
287,3c6d6f94-3ef1-8059-bf51-ce2e5d3c3883,Civilian is Killed by Bomb in Jerusalem Suburb,1969-09-27,Israel/Palestine; Arab World; Islamic World; Terrorism,images/0287-Civilian-is-Killed-by-Bomb-in-Jerusalem-Suburb-1.png
288,3c6d6f94-3ef1-80a4-856c-f846bc757aa5,Hussein of Jordan,1969-09-28,Jordan; Hashemites; Israel/Palestine; Arab World; Islamic World; Intent in Israel/Palestine,images/0288-Hussein-of-Jordan-1.png
289,3c6d6f94-3ef1-80f8-922e-fb3c8961af43,Israel Demands Return,1969-09-01,Israel/Palestine; Syria; Arab World; Islamic World; Terrorism,images/0289-Israel-Demands-Return-1.png
290,3c6d6f94-3ef1-800f-afc2-fd604d5e816d,Israeli Planes Attack Area in Lebanon,1969-09-04,Israel/Palestine; Arab World; Islamic World; Lebanon; Terrorism,images/0290-Israeli-Planes-Attack-Area-in-Lebanon-1.png
291,3c6d6f94-3ef1-80cb-ac59-efa5cae6e81c,Israel Accuses U.N. of Reaching ‘New Low’,1969-09-17,UN & League of Nations; Israel/Palestine; Holy Sites; Lies about Israel; Arab World; Arab League,images/0291-Israel-Accuses-U.N.-of-Reaching-New-Low-1.png
292,3c6d6f94-3ef1-80ad-af3c-efd2a7d1a7b3,Indonesian Moslems Urged to Join Anti-Israel fight,1969-09-21,Arab World; Islamic World; Indonesia; Muslim Antisemitism; Holy Sites; Lies about Israel,images/0292-Indonesian-Moslems-Urged-to-Join-Anti-Israel-fight-1.png
293,3c6d6f94-3ef1-802e-9c0c-ee3add66a937,Two Israeli Civilians Are Killed by Rockets,1969-09-03,Israel/Palestine; Arab World; Islamic World; Targeting of Civilians; Lebanon,images/0293-Two-Israeli-Civilians-Are-Killed-by-Rockets-1.png
294,3c6d6f94-3ef1-809b-9db3-fe45ba8b2bf3,Freighter is Delivered Here To ‘Peace Pilot’ From Israel,1969-09-09,Israel/Palestine; Intent in Israel/Palestine; Jewish contributions/activism,images/0294-Freighter-is-Delivered-Here-To-Peace-Pilot-From-Israel-1.png
295,3c6d6f94-3ef1-80ca-9055-f77d539db3f3,An Arab ‘Minisummit’ Ponders Strategy Against Israel,1969-09-07,Arab World; Islamic World; Arab League; Israel/Palestine; Intent in Israel/Palestine,images/0295-An-Arab-Minisummit-Ponders-Strategy-Against-Israel-1.png
296,3c6d6f94-3ef1-80e4-b5c0-c6b6a4236244,Israel’s Eastern Front,1969-09-03,Israel/Palestine; Arab World; Islamic World; Lies about Israel; Holy Sites,images/0296-Israel-s-Eastern-Front-1.png
297,3c6d6f94-3ef1-8001-826a-e41330dc5ca7,Israeli Commandos Raid Village Two Miles Across Lebanese Lines,1969-09-05,Lebanon; Israel/Palestine; Arab World; Islamic World; Terrorism,images/0297-Israeli-Commandos-Raid-Village-Two-Miles-Across-Lebanese-Lines-1.png
298,3c6d6f94-3ef1-80a8-9953-ffb07cb423b1,Jewish Center is Blasted,1970-09-29,US; The Americas; Western Antisemitism; Terrorism,images/0298-Jewish-Center-is-Blasted-1.png
299,3c6d6f94-3ef1-80a4-bec8-cfc55c32d1dd,Jewish Cemetary Attacked by Queens Vandals Against,1970-09-01,US; The Americas; Western Antisemitism,images/0299-Jewish-Cemetary-Attacked-by-Queens-Vandals-Against-1.png
300,3c6d6f94-3ef1-8067-acc0-c86cad12b74e,Pilot Held by Arabs Complains of Jews With 2 Passports,1970-09-14,Israel/Palestine; Arab World; Islamic World; Terrorism; Muslim Antisemitism; Lies about Israel,images/0300-Pilot-Held-by-Arabs-Complains-of-Jews-With-2-Passports-1.png
301,3c6d6f94-3ef1-803b-8c0b-d5231bcc2952,Dreydl Makers in City Preparing for What’s a Dreydl? You Shouldn’t ask,1970-09-28,Jewish Culture Beliefs & Debates,images/0301-Dreydl-Makers-in-City-Preparing-for-What-s-a-Dreydl-You-Shouldn-t-ask-1.png
302,3c6d6f94-3ef1-807a-afce-d96ee96089c4,CORE Head Assails Arab Guerillas,1970-09-17,Antizionism; Muslim Antisemitism; US; The Americas; Israel/Palestine; Arab World; Islamic World; Terrorism,images/0302-CORE-Head-Assails-Arab-Guerillas-1.png
303,3c6d6f94-3ef1-806f-a30f-e1c823ff2c8b,Guerillas Cool on Hostages Fate,1970-09-25,Israel/Palestine; Arab World; Islamic World; Terrorism,images/0303-Guerillas-Cool-on-Hostages-Fate-1.png
304,3c6d6f94-3ef1-803c-8db5-d7f5d74606ad,Aerial Blackmail,1970-09-08,Israel/Palestine; Arab World; Islamic World; Terrorism,images/0304-Aerial-Blackmail-1.png
305,3c6d6f94-3ef1-80d5-8e64-d090ac40e344,The Hostages,1970-09-14,Israel/Palestine; Arab World; Islamic World; Terrorism; Intent in Israel/Palestine,images/0305-The-Hostages-1.png
306,3c6d6f94-3ef1-801d-9de6-db599f5c3eb5,Militant Syrian Leader,1970-09-23,Hashemites; Israel/Palestine; Arab World; Islamic World; Syria; Intent in Israel/Palestine; Pan-Arabism,images/0306-Militant-Syrian-Leader-1.png
307,3c6d6f94-3ef1-807b-ae00-d4663ae5f98c,Greece Expels 2 Arabs,1970-09-26,Greece; Terrorism; Europe; Arab World; Islamic World,images/0307-Greece-Expels-2-Arabs-1.png
308,3c6d6f94-3ef1-80d1-a5b4-d24f392d40a5,"15 Hostages of Hijackers, None Americans, Rescued",1970-09-26,US; The Americas; Islamic World; Arab World; Israel/Palestine; Terrorism,images/0308-15-Hostages-of-Hijackers-None-Americans-Rescued-1.png
309,3c6d6f94-3ef1-802f-be2c-cc0beb76a248,‘To Live in Peace’,1970-09-30,Israel/Palestine; Arab World; Islamic World; Intent in Israel/Palestine; Egypt,images/0309-To-Live-in-Peace-1.png
310,3c6d6f94-3ef1-8077-af71-e52de63a3d07,Bomb Interrupts Services in a Great Neck Temple,1971-09-21,US; Armenians; Western Antisemitism; Terrorism,images/0310-Bomb-Interrupts-Services-in-a-Great-Neck-Temple-1.png
311,3c6d6f94-3ef1-80d3-ad48-f0a48d86d2e8,Jerusalem Raid Kills Arab Girl,1971-09-20,Israel/Palestine; Arab World; Islamic World; Terrorism; Christianity & Churches,images/0311-Jerusalem-Raid-Kills-Arab-Girl-1.png
312,3c6d6f94-3ef1-8072-8ce5-f724b34c330d,U.N. to Debate Terrorism Despite China and Arabs,1972-09-23,UN & League of Nations; Terrorism; Israel/Palestine; Arab World; Islamic World,images/0312-U.N.-to-Debate-Terrorism-Despite-China-and-Arabs-1.png
313,3c6d6f94-3ef1-8048-bef0-c39d591af655,"Munich, 1972…",1972-09-07,Germany; Europe; Arab World; Islamic World; Israel/Palestine; Terrorism,images/0313-Munich-1972-1.png
314,3c6d6f94-3ef1-80da-a34c-ee60c77f95cb,"5 Arab ‘Martyrs’ Mourned in Mosques, But Munich News Hasn’t Stirred Cairo",1972-09-09,Egypt; Islamic World; Israel/Palestine; Arab World; Terrorism; Muslim Antisemitism,images/0314-5-Arab-Martyrs-Mourned-in-Mosques-But-Munich-News-Hasn-t-Stirred-Cairo-1.png
315,3c6d6f94-3ef1-8020-8803-e3b7abb9b1ef,Arabs Bid U.N. Defer Terrorism Issue,1972-09-22,Arab World; Islamic World; Intent in Israel/Palestine; Arab League; Terrorism,images/0315-Arabs-Bid-U.N.-Defer-Terrorism-Issue-1.png
316,3c6d6f94-3ef1-8078-a85f-f371e253bf3f,Jordan Says Bombs are Found in Mails,1972-09-25,Jordan; Israel/Palestine; Arab World; Islamic World; Terrorism,images/0316-Jordan-Says-Bombs-are-Found-in-Mails-1.png
317,3c6d6f94-3ef1-80d2-9daa-ff1476ce28f0,A Palestinian Leader Promises More Terrorism,1972-09-29,Arab World; Islamic World; Intent in Israel/Palestine; Terrorism; PLO,images/0317-A-Palestinian-Leader-Promises-More-Terrorism-1.png
318,3c6d6f94-3ef1-80e5-aa71-e005ea05eda2,2 Synagogues Damaged By Bombs in Buenos Aires,1972-09-21,Argentina; The Americas; Western Antisemitism; Terrorism,images/0318-2-Synagogues-Damaged-By-Bombs-in-Buenos-Aires-1.png
319,3c6d6f94-3ef1-801b-b8af-f345b0eea49e,7 Jews in Moscow Said to Be Jailed,1972-09-25,USSR; Russia; Western Antisemitism; Europe; Legal Restrictions against Jews,images/0319-7-Jews-in-Moscow-Said-to-Be-Jailed-1.png
320,3c6d6f94-3ef1-8041-bac2-fdce478bcfc8,Jews in Moscow Protest On Access To Synagogue,1972-09-12,USSR; Russia; Western Antisemitism; Europe; Legal Restrictions against Jews,images/0320-Jews-in-Moscow-Protest-On-Access-To-Synagogue-1.png
321,3c6d6f94-3ef1-8090-b220-c6dbfd5ff126,Soviet Jewry: ‘We Want Moral Outcry’,1972-09-16,USSR; Europe; Western Antisemitism; Antizionism; Russia,images/0321-Soviet-Jewry-We-Want-Moral-Outcry-1.png
322,3c6d6f94-3ef1-80ed-ae8f-de61e72dfbe9,Polish Jews in Denmark Find New Life Difficult,1972-09-15,Poland; Denmark; Europe; Western Antisemitism; Antizionism,images/0322-Polish-Jews-in-Denmark-Find-New-Life-Difficult-1.png
323,3c6d6f94-3ef1-80c0-96a5-e7fe59d3450c,Brazil Finds and Disarms Explosives Sent to Israelis,1972-09-29,Brazil; The Americas; Israel/Palestine; Arab World; Islamic World; Terrorism,images/0323-Brazil-Finds-and-Disarms-Explosives-Sent-to-Israelis-1.png
324,3c6d6f94-3ef1-80c8-91d0-c48b730e4098,Bombs Mailed to Many Israeli Officials,1972-09-21,Israel/Palestine; Terrorism; Arab World; Islamic World,images/0324-Bombs-Mailed-to-Many-Israeli-Officials-1.png
325,3c6d6f94-3ef1-8091-b376-fff544669d72,Booby Trap Kills Israeli in London,1972-09-20,Israel/Palestine; England/UK; Arab World; Islamic World; Terrorism; Europe,images/0325-Booby-Trap-Kills-Israeli-in-London-1.png
326,3c6d6f94-3ef1-8038-b942-edb9c9392277,Gunmen threaten lives of 4 Saudis,1973-09-08,Saudi Arabia; Arab World; Islamic World; Kuwait; Lebanon; Israel/Palestine; Terrorism,images/0326-Gunmen-threaten-lives-of-4-Saudis-1.png
327,3c6d6f94-3ef1-80d7-b370-f3b79b8210be,3 in Pro-Palestine Group Killed by Lebanese Officer,1973-09-05,Israel/Palestine; Lebanon; Islamic World; Arab World; Terrorism,images/0327-3-in-Pro-Palestine-Group-Killed-by-Lebanese-Officer-1.png
328,3c6d6f94-3ef1-80e2-88f8-e8c64d5d5b56,Burying the Hatchets (Again),1973-09-23,Egypt; Syria; Jordan; Islamic World; Israel/Palestine; Arab World; Intent in Israel/Palestine; Terrorism,images/0328-Burying-the-Hatchets-Again-1.png
329,3c6d6f94-3ef1-80c2-88d8-febc55e9196d,Libya Urges Arabs to Continue Using Oil as Political Weapon,1974-09-04,Libya; Arab World; Islamic World; Oil; Western Intervention,images/0329-Libya-Urges-Arabs-to-Continue-Using-Oil-as-Political-Weapon-1.png
330,3c6d6f94-3ef1-806a-a674-d8973a119c82,Jordan Rebuffs Egypt-Syria Bid,1974-09-23,Jordan; Egypt; Syria; Arab World; Islamic World; Arab League; Israel/Palestine,images/0330-Jordan-Rebuffs-Egypt-Syria-Bid-1.png
331,3c6d6f94-3ef1-8080-afb7-e4a8483ecdc0,Partial Settlement Rejected by Arabs,1974-09-22,Arab World; Islamic World; Intent in Israel/Palestine; Pan-Arabism,images/0331-Partial-Settlement-Rejected-by-Arabs-1.png
332,3c6d6f94-3ef1-8055-ba67-c9cc95868953,Palestinians Seize 4 in Beirut Killing,1974-09-02,Lebanon; Israel/Palestine; Arab World; Islamic World; Terrorism,images/0332-Palestinians-Seize-4-in-Beirut-Killing-1.png
333,3c6d6f94-3ef1-8078-aff9-d74945088871,Austrians Planning to Relocate Camp,1974-09-10,Austria; Europe; Terrorism; Western Antisemitism; Israel/Palestine,images/0333-Austrians-Planning-to-Relocate-Camp-1.png
334,3c6d6f94-3ef1-8094-b7db-eeaeec5a1871,Repercussions in Transjordan,1936-09-30,Jordan; Islamic World; Arab World; Israel/Palestine; Intent in Israel/Palestine,images/0334-Repercussions-in-Transjordan-1.png
335,3c6d6f94-3ef1-80cb-b97f-fe5f05869e3d,Arab Terrorism Answered,1936-09-08,Arab World; Islamic World; Terrorism; England/UK; Legal Restrictions against Jews; Pogroms; Intent in Israel/Palestine,images/0335-Arab-Terrorism-Answered-1.png
336,3c6d6f94-3ef1-802f-8793-f0db608f0954,Jewish Veterans Ask Olympic Ban,1935-09-01,Nazis/Fascists; Jewish contributions/activism; Western Antisemitism; Germany; Europe,images/0336-Jewish-Veterans-Ask-Olympic-Ban-1.png
337,3c6d6f94-3ef1-80a4-8db4-f9b8d2013a3d,Munich Bans Jewish Art Trade,1935-09-02,Germany; Western Antisemitism; Europe; Nazis/Fascists; Legal Restrictions against Jews,images/0337-Munich-Bans-Jewish-Art-Trade-1.png
338,3c6d6f94-3ef1-803c-9885-ff6d2e4cc315,Reich to Isolate All Jewish Pupils,1935-09-11,Legal Restrictions against Jews; Education/Educators weaponized against Jews; Germany; Nazis/Fascists; Europe; Western Antisemitism,images/0338-Reich-to-Isolate-All-Jewish-Pupils-1.png
339,3c6d6f94-3ef1-80fc-ac0a-c97a791315fd,Storm Troopers Push War on Jews,1935-09-04,Germany; Nazis/Fascists; Europe; Western Antisemitism; Legal Restrictions against Jews,images/0339-Storm-Troopers-Push-War-on-Jews-1.png
340,3c6d6f94-3ef1-80e4-8b68-fcdc176e7a1f,Olympic Aide Saw No Discrimination,1935-09-10,US; The Americas; Western Antisemitism; Germany; Nazis/Fascists; Europe,images/0340-Olympic-Aide-Saw-No-Discrimination-1.png
341,3c6d6f94-3ef1-80a8-9c07-cc53dedb9751,Palestine Drive Pushed,1935-09-16,Israel/Palestine; Sources of Funding; Political Zionism,images/0341-Palestine-Drive-Pushed-1.png
342,3c6d6f94-3ef1-80ad-9527-d1a8e7700a2c,Hitler Due to List New Laws on Jews,1935-09-01,Germany; Europe; Nazis/Fascists; Western Antisemitism; Legal Restrictions against Jews,images/0342-Hitler-Due-to-List-New-Laws-on-Jews-1.png
343,3c6d6f94-3ef1-8086-a5b9-e3928dbe3d53,Jewish Football Player Slain by Silesian Crowd,1935-09-21,Poland; Europe; Western Antisemitism; Germany,images/0343-Jewish-Football-Player-Slain-by-Silesian-Crowd-1.png
344,3c6d6f94-3ef1-809d-a112-e2a795eff0ab,Urges Boycott of Reich,1935-09-12,Political Zionism; Nazis/Fascists; Germany; Europe; Western Antisemitism,images/0344-Urges-Boycott-of-Reich-1.png
345,3c6d6f94-3ef1-80e8-97a5-fb385fa3eab8,Jews Retaliate Against Reich,1935-09-17,Germany; Nazis/Fascists; Western Antisemitism; Europe,images/0345-Jews-Retaliate-Against-Reich-1.png
346,3c6d6f94-3ef1-80e6-b1e5-dc65a270c5ee,Arabs Would Fuse Near East Lands,1935-09-15,Israel/Palestine; Islamic World; Arab World; Pan-Arabism; Greater Syria; Syria,images/0346-Arabs-Would-Fuse-Near-East-Lands-1.png
347,3c6d6f94-3ef1-80c6-87c9-f0c08ec8deda,Germany Hails Olympic Verdict,1934-09-28,Nazis/Fascists; Europe; Western Antisemitism; US; The Americas,images/0347-Germany-Hails-Olympic-Verdict-1.png
348,3c6d6f94-3ef1-80c7-a8bc-d2cc729190e3,Hitler Condemns Women in Politics,1934-09-09,Nazis/Fascists; Germany; Europe; Western Antisemitism,images/0348-Hitler-Condemns-Women-in-Politics-1.png
349,3c6d6f94-3ef1-8034-ba6c-f179652eee9b,Mufti’s Hand Seen in Palestine Rift,1934-09-02,Mufti; Israel/Palestine; Arab World; Islamic World; Intent in Israel/Palestine,images/0349-Mufti-s-Hand-Seen-in-Palestine-Rift-1.png
350,3c6d6f94-3ef1-8041-8d96-f6627bf4dbca,"Hitler Forecasts No Reich Overturn in Next 1,000 Years",,Nazis/Fascists; Germany; Europe; Western Antisemitism,images/0350-Hitler-Forecasts-No-Reich-Overturn-in-Next-1-000-Years-1.png
351,3c6d6f94-3ef1-8028-9fb3-d981ae554059,Jews at Sofia Aroused,1934-09-13,"Use of ""colony"" to describe Jewish communities; Greece; Western Antisemitism; Europe",images/0351-Jews-at-Sofia-Aroused-1.png
352,3c6d6f94-3ef1-8026-a53d-fd2596765ef8,Anti-Religious Acts Mark Yom Kippur in Moscow,1934-09-20,Russia; Europe; Western Antisemitism,images/0352-Anti-Religious-Acts-Mark-Yom-Kippur-in-Moscow-1.png
353,3c6d6f94-3ef1-8026-a6af-e289ef364257,Wise Asserts Nazis Menace All Races,1933-09-07,Nazis/Fascists; Germany,images/0353-Wise-Asserts-Nazis-Menace-All-Races-1.png
354,3c6d6f94-3ef1-8086-b8f5-ffad43fdf303,Boycott of Reich Demanded by Wise,1933-09-06,Nazis/Fascists; Germany; Europe; Western Antisemitism; Jewish contributions/activism,images/0354-Boycott-of-Reich-Demanded-by-Wise-1.png
355,3c6d6f94-3ef1-80ee-805e-eeb6b8af50c7,Jewish Group Quits Minorities Congress,1933-09-19,Europe; Western Antisemitism; Nazis/Fascists; Germany,images/0355-Jewish-Group-Quits-Minorities-Congress-1.png
356,3c6d6f94-3ef1-801f-b939-c4790caaa8d3,Zionists Will Sift Palestine ‘Terror’,1933-09-01,Israel/Palestine; Political Zionism; Terrorism; Intent in Israel/Palestine,images/0356-Zionists-Will-Sift-Palestine-Terror-1.png
357,3c6d6f94-3ef1-80cc-bbad-f64a65a6dd1f,Reich Spares Some Jews,1933-09-26,Germany; Nazis/Fascists; Europe; Western Antisemitism; Legal Restrictions against Jews,images/0357-Reich-Spares-Some-Jews-1.png
358,3c6d6f94-3ef1-808c-9d69-d84f811b6c4b,“Aryan” Goal Reiterated,1933-09-29,Germany; Nazis/Fascists; Europe; Western Antisemitism,images/0358-Aryan-Goal-Reiterated-1.png
359,3c6d6f94-3ef1-8079-ac9e-fcbd1c3fab34,Nazis’ Hand Seen in Activities Here,1933-09-24,Nazis/Fascists; US; The Americas; Western Antisemitism,images/0359-Nazis-Hand-Seen-in-Activities-Here-1.png
360,3c6d6f94-3ef1-8081-b9bf-ebdcc72094b0,Jews’ Murder Revealed,1933-09-15,Poland; Europe; Western Antisemitism,images/0360-Jews-Murder-Revealed-1.png
361,3c6d6f94-3ef1-8071-9f04-e300cdf93c20,Zionists Re-Elect Sokolow as Head,1933-09-05,Political Zionism; Intent in Israel/Palestine; Jabotinsky,images/0361-Zionists-Re-Elect-Sokolow-as-Head-1.png
362,3c6d6f94-3ef1-809b-a203-f7ebb76c6292,Plight of Jews Held Worst in Rural Reich,1933-09-17,Germany; Europe; Western Antisemitism; Nazis/Fascists,images/0362-Plight-of-Jews-Held-Worst-in-Rural-Reich-1.png
363,3c6d6f94-3ef1-80a2-91c0-caba57306b00,Rabbi Wise Asks Boycott,1933-09-15,Germany; Nazis/Fascists,images/0363-Rabbi-Wise-Asks-Boycott-1.png
364,3c6d6f94-3ef1-80e7-baa9-ea3411a779d5,Pro-Nazis Heckle Bernard Ridder,1933-09-26,Nazis/Fascists; Western Antisemitism; US; The Americas; Victim Blaming/Justification of Antisemitism,images/0364-Pro-Nazis-Heckle-Bernard-Ridder-1.png
365,3c6d6f94-3ef1-802a-a44a-d9a05c9bc816,"$1,092,768 In Fund to Aid German Jews",1933-09-05,Germany; Nazis/Fascists; Theft of Jewish property; Sources of Funding; Western Antisemitism,images/0365-1-092-768-In-Fund-to-Aid-German-Jews-1.png
366,3c6d6f94-3ef1-80f2-ae0c-f658ef0224e4,Hitler Sees Reich Nazi For All Time,1933-09-03,Nazis/Fascists; Germany; Europe; Western Antisemitism; Victim Blaming/Justification of Antisemitism,images/0366-Hitler-Sees-Reich-Nazi-For-All-Time-1.png
367,3c6d6f94-3ef1-808a-bf75-cc4f7f2f3db9,Death a Blow to the British,1933-09-09,England/UK; Europe; Iraq; Hashemites; Western Intervention,images/0367-Death-a-Blow-to-the-British-1.png
368,3c6d6f94-3ef1-80d0-9c1a-f1ffad2d4ef3,Alleges Hitler Seeks to Get Foothold Here,1932-09-30,Nazis/Fascists; Western Antisemitism; US; The Americas,images/0368-Alleges-Hitler-Seeks-to-Get-Foothold-Here-1.png
369,3c6d6f94-3ef1-80fb-8ad6-f677036de7c1,Sees Moslem Union to Oppose Zionists,1931-09-04,Arab World; Islamic World; Pakistan; Intent in Israel/Palestine; Antizionism,images/0369-Sees-Moslem-Union-to-Oppose-Zionists-1.png
370,3c6d6f94-3ef1-803e-b0c4-e284b7e8c8f7,To End Anti-Jewish Laws,1930-09-21,Poland; Europe; Western Antisemitism; Legal Restrictions against Jews,images/0370-To-End-Anti-Jewish-Laws-1.png
371,3c6d6f94-3ef1-8044-bf41-db946c1eb185,Replies in Palestine Plan,,Israel/Palestine; Arab World; Islamic World; Intent in Israel/Palestine; Pan-Arabism; Legal Restrictions against Jews,images/0371-Replies-in-Palestine-Plan-1.png
372,3c6d6f94-3ef1-807f-9a67-fbb119fbe36d,Palestine Stirred By Weizmann Plan,1930-09-14,Israel/Palestine; Political Zionism; Arab World; Islamic World; Intent in Israel/Palestine,images/0372-Palestine-Stirred-By-Weizmann-Plan-1.png
373,3c6d6f94-3ef1-807d-8e04-e6569af3b55e,68 Anti-Semites Face Trial in Rumania Soon,1930-09-18,Romania; Europe; Western Antisemitism; Pogroms,images/0373-68-Anti-Semites-Face-Trial-in-Rumania-Soon-1.png
374,3c6d6f94-3ef1-8074-9780-d7f39b633660,Rumanian Minister Will Not Help Jews,1930-09-04,Romania; Europe; Western Antisemitism; Victim Blaming/Justification of Antisemitism,images/0374-Rumanian-Minister-Will-Not-Help-Jews-1.png
375,3c6d6f94-3ef1-8061-9807-cca43287e537,Einstein ‘Wants to Learn’,1930-09-28,Einstein; Israel/Palestine; Political Zionism; Intent in Israel/Palestine,images/0375-Einstein-Wants-to-Learn-1.png
376,3c6d6f94-3ef1-806e-8dd3-fd771666dfac,Two Moslems Held as Slayers of Arab,1930-09-30,Islamic World; Arab World; Israel/Palestine; Christianity & Churches,images/0376-Two-Moslems-Held-as-Slayers-of-Arab-1.png
377,3c6d6f94-3ef1-808e-8918-d042f8b56d27,Arab Affray at Haifa Has Now Been Subdued,1930-09-14,Israel/Palestine; Arab World; Islamic World; Christianity & Churches,images/0377-Arab-Affray-at-Haifa-Has-Now-Been-Subdued-1.png
378,3c6d6f94-3ef1-80cd-8a96-fe695354c200,Moslems Denounce Mufti of Palestine,1929-09-19,Mufti; Israel/Palestine; Islamic World; Arab World; Intent in Israel/Palestine,images/0378-Moslems-Denounce-Mufti-of-Palestine-1.png
379,3c6d6f94-3ef1-8037-a525-fbee1fe7be77,Palestine Courts Begin Trying Arabs,1929-09-20,Israel/Palestine; Arab World; Islamic World; Legal Restrictions against Jews; England/UK; Western Intervention,images/0379-Palestine-Courts-Begin-Trying-Arabs-1.png
380,3c5d6f94-3ef1-8044-a2e8-d25f6afd3425,The Kurds in Mosul ,1930-09-21,Kurds; Arab World; Islamic World; Iraq,images/0380-The-Kurds-in-Mosul-1.png
381,3c5d6f94-3ef1-8085-8fca-f202128a8d37,Zionists Divide on Palestine Riots,,Israel/Palestine; Terrorism; Intent in Israel/Palestine; Arab World; Islamic World; Jabotinsky,images/0381-Zionists-Divide-on-Palestine-Riots-1.png
382,3c5d6f94-3ef1-8029-a548-dbf8a27aed7a,Old Man a Victim of Jerusalem Mobs,1929-09-26,Israel/Palestine; Arab World; Islamic World; Terrorism,images/0382-Old-Man-a-Victim-of-Jerusalem-Mobs-1.png
383,3c5d6f94-3ef1-80de-9da0-f1bf9223f9ff,"Refugees Number 9,200 in Palestine",1929-09-08,Israel/Palestine; Arab World; Islamic World; Muslim Antisemitism; Pogroms,images/0383-Refugees-Number-9-200-in-Palestine-1.png
384,3c4d6f94-3ef1-801f-8b6c-e684af074d24,Finds Reds Falsified News of Palestine,1929-09-23,Lies about Israel; Israel/Palestine; Arab World; Islamic World; Pogroms; Western Antisemitism; USSR,images/0384-Finds-Reds-Falsified-News-of-Palestine-1.png
385,3c4d6f94-3ef1-8015-9851-d5d725088d49,Jerusalem Police Raid Jewish Paper,1929-09-13,Israel/Palestine; Arab World; Islamic World; England/UK; Legal Restrictions against Jews,images/0385-Jerusalem-Police-Raid-Jewish-Paper-1.png
386,3c4d6f94-3ef1-805d-b703-f88744bbc650,Arab Papers Urge Bar against Jews,1929-09-19,Israel/Palestine; Arab World; Islamic World; Muslim Antisemitism,images/0386-Arab-Papers-Urge-Bar-against-Jews-1.png
387,3c4d6f94-3ef1-809d-b597-f5a05fed133a,Arab Raids Tonight Feared in Palestine,1929-09-17,Israel/Palestine; Arab World; Islamic World; Christianity & Churches; Pogroms; Theft of Jewish property,images/0387-Arab-Raids-Tonight-Feared-in-Palestine-1.png
388,3c4d6f94-3ef1-80f0-bac4-e824f57d7c22,British are Scored by Jews and Arabs,1929-09-08,Israel/Palestine; Arab World; Islamic World; England/UK; Muslim Antisemitism; Pogroms,images/0388-British-are-Scored-by-Jews-and-Arabs-1.png
389,3c4d6f94-3ef1-803a-8f45-eb90b5964570,"Riots Part of Plan, Says Arab Leader",1929-09-07,Pan-Arabism; Intent in Israel/Palestine; Islamic World; Arab World; Israel/Palestine; Muslim Antisemitism; Palestinian Identity,images/0389-Riots-Part-of-Plan-Says-Arab-Leader-1.png
390,3c4d6f94-3ef1-80de-aa7f-ecc1bdfc7322,"Arab Attacks Continue; Millions Near Revolt, Moslem Chieftan Warns",1929-09-02,Israel/Palestine; Arab World; Islamic World; Pogroms; Mufti; Theft of Jewish property; Holy Sites,images/0390-Arab-Attacks-Continue-Millions-Near-Revolt-Moslem-Chieftan-Warns-1.png
391,3c4d6f94-3ef1-80fd-8f48-da5cdf0e42d0,Charges Britain “Betrayed” Jews,1929-09-07,Israel/Palestine; England/UK; Arab World; Islamic World; Lies about Israel,images/0391-Charges-Britain-Betrayed-Jews-1.png
392,3c4d6f94-3ef1-809b-bf6d-e43df51fe978,British Cease Raids on Moslem towns,1929-09-06,England/UK; Israel/Palestine; Arab World; Islamic World; Theft of Jewish property; Pogroms; Lies about Israel; Mufti,images/0392-British-Cease-Raids-on-Moslem-towns-1.png
393,3c4d6f94-3ef1-80d0-87ed-eb89783d7d30,Arab Accusations Denied,1929-09-01,Islamic World; Arab World; Victim Blaming/Justification of Antisemitism; Lies about Israel; Israel/Palestine; Syria; Lebanon; Blood Libel,images/0393-Arab-Accusations-Denied-1.png
394,3c4d6f94-3ef1-805e-b92a-ef6cebfb9550,"British Seize 1,000 Arabs Gathering for an Attack; Moslems Slay Christians",1929-09-03,Israel/Palestine; Arab World; Islamic World; Christianity & Churches; Syria; England/UK; Pogroms; Muslim Antisemitism,images/0394-British-Seize-1-000-Arabs-Gathering-for-an-Attack-Moslems-Slay-Christians-1.png
395,3c4d6f94-3ef1-8024-8d47-cf9a9902297e,Jews Wounded in German Riots,1929-09-03,Germany; Europe; Pogroms; Western Antisemitism; Nazis/Fascists,images/0395-Jews-Wounded-in-German-Riots-1.png
396,3c4d6f94-3ef1-80c8-9333-c3136092028b,Anxiety over Syrian Invasion,1929-09-01,Syria; Israel/Palestine; Islamic World; Arab World; England/UK; Targeting of Children,images/0396-Anxiety-over-Syrian-Invasion-1.png
397,3c4d6f94-3ef1-8080-bcd2-efb883d51e21,"Arab Victim Left Moslems $50,000",1929-09-03,Israel/Palestine; Arab World; Islamic World; Muslim Antisemitism; Pogroms,images/0397-Arab-Victim-Left-Moslems-50-000-1.png
398,3c4d6f94-3ef1-80ab-85d4-f11350e3145e,Zionists Arrested in Russia,1929-09-16,Russia; USSR; Antizionism; Europe; Western Antisemitism,images/0398-Zionists-Arrested-in-Russia-1.png
399,3c4d6f94-3ef1-804c-874a-cae4c43b2ca7,Rumanians Attack Jews,1929-09-19,Romania; Europe; Western Antisemitism; Education/Educators weaponized against Jews; Pogroms,images/0399-Rumanians-Attack-Jews-1.png
400,3c4d6f94-3ef1-8060-9c14-e37ec94f0ce2,Zionists Divide on Palestine Riots,1929-09-27,Intent in Israel/Palestine; Political Zionism; Israel/Palestine; Muslim Antisemitism; Arab World; Islamic World; Pogroms,images/0400-Zionists-Divide-on-Palestine-Riots-1.png
401,3c4d6f94-3ef1-8031-be69-f69417f52b23,Dead Now Put at 196,1929-09-01,Israel/Palestine; Pogroms; Muslim Antisemitism; Arab World; Islamic World,images/0401-Dead-Now-Put-at-196-1.png
402,3c4d6f94-3ef1-8048-b9a4-c183d41269cc,Arabs Refuse to Join Anti-Boycott Appeal,1929-09-28,Israel/Palestine; Islamic World; Arab World; Muslim Antisemitism,images/0402-Arabs-Refuse-to-Join-Anti-Boycott-Appeal-1.png
403,3c4d6f94-3ef1-80e5-abb3-cf51634ea79d,Urge Action on Wailing Wall,1928-09-30,Holy Sites; Israel/Palestine; Legal Restrictions against Jews,images/0403-Urge-Action-on-Wailing-Wall-1.png
404,3c4d6f94-3ef1-800c-b418-e0e69c98a9ed,Rejected Students Weep,1928-09-16,Hungary; Europe; Western Antisemitism; Legal Restrictions against Jews; Education/Educators weaponized against Jews,images/0404-Rejected-Students-Weep-1.png
405,3c4d6f94-3ef1-80ba-a953-dc4f4f2d7ae5,Dr. Wang for Zionism,1928-09-02,Political Zionism; China; Asia,images/0405-Dr.-Wang-for-Zionism-1.png
406,3c4d6f94-3ef1-804c-b82f-e33a8884078a,Warsaw Bans “Cash Clo” Men,1928-09-09,rag trade; Poland; Legal Restrictions against Jews; Europe; Western Antisemitism,images/0406-Warsaw-Bans-Cash-Clo-Men-1.png
407,3c4d6f94-3ef1-80c2-b2bb-ff8d60c890eb,Plead for Wailing Wall,1928-09-28,Holy Sites; Israel/Palestine; Legal Restrictions against Jews,images/0407-Plead-for-Wailing-Wall-1.png
408,3c4d6f94-3ef1-80c8-be1c-f8e56a6e8069,Jews at Wailing Wall in Clash with Police,1928-09-25,Holy Sites; Israel/Palestine; Legal Restrictions against Jews,images/0408-Jews-at-Wailing-Wall-in-Clash-with-Police-1.png
409,3c4d6f94-3ef1-8046-80de-e00cbc2c13a2,Rumanian Peasants Riot Against Jews,1928-09-22,Romania; Pogroms; Western Antisemitism; Europe,images/0409-Rumanian-Peasants-Riot-Against-Jews-1.png
410,3c4d6f94-3ef1-8019-8aa1-d4bcdfd19739,Students are Defiant,1928-09-16,Romania; Europe; Western Antisemitism; Education/Educators weaponized against Jews,images/0410-Students-are-Defiant-1.png
411,3c4d6f94-3ef1-8026-807a-eb4462113ee4,Yugoslavs Arrest 40 as Anti-Semites,1928-09-15,Western Antisemitism; Yugoslavia; Europe; Blood Libel; Pogroms,images/0411-Yugoslavs-Arrest-40-as-Anti-Semites-1.png
412,3c4d6f94-3ef1-80fa-8203-f0ba7ace060c,Zionists Protest Soviet ‘Persecutions’,1927-09-13,Antizionism; USSR; Russia; Western Antisemitism; Europe; Israel/Palestine,images/0412-Zionists-Protest-Soviet-Persecutions-1.png
413,3c4d6f94-3ef1-8078-a445-f49bba8b8612,Turkish Feeling Hits Jews,1927-09-20,Turkey; Islamic World; Legal Restrictions against Jews; Muslim Antisemitism,images/0413-Turkish-Feeling-Hits-Jews-1.png
414,3c4d6f94-3ef1-80f1-9281-c2404ad1ce33,Nine Jews Freed in Turkey,1927-09-23,Turkey; Islamic World; Muslim Antisemitism; Legal Restrictions against Jews,images/0414-Nine-Jews-Freed-in-Turkey-1.png
415,3c4d6f94-3ef1-808c-a10c-f8242148f643,Greek Synagogue Opens,1927-09-19,Greece; Europe; Jewish Culture Beliefs & Debates,images/0415-Greek-Synagogue-Opens-1.png
416,3c4d6f94-3ef1-80fa-ba42-f9f0174f0dd3,Jewish Community Planned in Queens,1927-09-30,"US; The Americas; Use of ""colony"" to describe Jewish communities",images/0416-Jewish-Community-Planned-in-Queens-1.png
417,3c4d6f94-3ef1-804f-939f-d779ffc9f92e,Explosion in Jerusalem,1927-09-01,Israel/Palestine; Terrorism; Holy Sites; Muslim Antisemitism; Arab World; Islamic World,images/0417-Explosion-in-Jerusalem-1.png
418,3c4d6f94-3ef1-8025-860f-ce45aa8c6e2e,Plan Memorial to Jewish Patriot,1926-09-27,US; The Americas; Jewish history (relative to time of article),images/0418-Plan-Memorial-to-Jewish-Patriot-1.png
419,3c4d6f94-3ef1-80f6-91c1-ed0f614a7ebc,Wave of Suicides Halted,1926-09-26,Poland; Europe; Sources of Funding,images/0419-Wave-of-Suicides-Halted-1.png
420,3c4d6f94-3ef1-8077-b2bd-d6137cbe296e,Soviet to Name Colony for Zangwill,1926-09-04,"USSR; Russia; Use of ""colony"" to describe Jewish communities; Europe",images/0420-Soviet-to-Name-Colony-for-Zangwill-1.png
421,3c4d6f94-3ef1-8000-9088-dfcbadfaaaba,Pan-German Riot in Vienna,1926-09-13,Austria; Europe; Western Antisemitism; Ghettos; Pogroms,images/0421-Pan-German-Riot-in-Vienna-1.png
422,3c4d6f94-3ef1-80eb-abcf-c717c0a91d90,Exile Zionists to Siberia,1926-09-16,Russia; Antizionism; Europe; Western Antisemitism; Ukraine; USSR,images/0422-Exile-Zionists-to-Siberia-1.png
423,3c4d6f94-3ef1-803e-b621-c8c04ad09210,Suffering of Jews in Europe Relieved,1926-09-02,"Russia; Use of ""colony"" to describe Jewish communities; Western Antisemitism; Europe; Moldova; Ukraine",images/0423-Suffering-of-Jews-in-Europe-Relieved-1.png
424,3c4d6f94-3ef1-8058-af53-cb7732dc73ee,"$10,000,000 For Palestine",1926-09-19,Israel/Palestine; Sources of Funding,images/0424-10-000-000-For-Palestine-1.png
425,3c4d6f94-3ef1-8009-b7da-fd26784df2fd,Rabbis Assail Law Against Evolution,1925-09-20,US; The Americas; Jewish contributions/activism,images/0425-Rabbis-Assail-Law-Against-Evolution-1.png
426,3c4d6f94-3ef1-8042-bac6-fa65bf2bd71d,Turks Demonstrate in Berlin,1925-09-05,"Use of ""colony"" to describe Jewish communities; Turkey; Germany; Europe",images/0426-Turks-Demonstrate-in-Berlin-1.png
427,3c4d6f94-3ef1-80eb-8e79-d7790ef778a6,Hungary Excited over Bomb Verdict,1924-09-28,Hungary; Western Antisemitism; Europe,images/0427-Hungary-Excited-over-Bomb-Verdict-1.png
428,3c4d6f94-3ef1-80cc-830a-f8ac7dd60fd5,Moslems to Meet in 1925,1924-09-07,Islamic World; Pan-Arabism; Arab World; Intent in Israel/Palestine; Hashemites,images/0428-Moslems-to-Meet-in-1925-1.png
429,3c4d6f94-3ef1-800e-a2ba-c9fdeb995683,"70,000 Jews Slain in Ukraine Strife",1924-09-16,Ukraine; Russia; Pogroms; Europe; Western Antisemitism; Victim Blaming/Justification of Antisemitism; Ghettos,images/0429-70-000-Jews-Slain-in-Ukraine-Strife-1.png
430,3c4d6f94-3ef1-80c3-9119-db8ef57492f8,Makes Plea to Jews,1924-09-25,Einstein; Political Zionism; Israel/Palestine; Intent in Israel/Palestine,images/0430-Makes-Plea-to-Jews-1.png
431,3c4d6f94-3ef1-808e-b20e-c615a22cd296,Mecca Reported Taken by the Wahabis,1924-09-28,Western Intervention; Hashemites; Saudi Arabia; Arab World; Islamic World,images/0431-Mecca-Reported-Taken-by-the-Wahabis-1.png
432,3c4d6f94-3ef1-8036-8d62-f04f85dda221,Chief Rabbi Warns Jews,1923-09-05,Europe; Western Antisemitism; Pogroms; Russia,images/0432-Chief-Rabbi-Warns-Jews-1.png
433,3c4d6f94-3ef1-801b-8703-c8b5b23b6787,Anti-Zionist Arrested in Plot,1923-09-05,Israel/Palestine; Antizionism; Arab World; Islamic World,images/0433-Anti-Zionist-Arrested-in-Plot-1.png
434,3c4d6f94-3ef1-8012-b68c-eef79c4d7674,Palestine Outlook Good,1923-09-11,"Israel/Palestine; Political Zionism; Intent in Israel/Palestine; Use of ""colony"" to describe Jewish communities",images/0434-Palestine-Outlook-Good-1.png
435,3c4d6f94-3ef1-80ce-aa8f-fb2d66a96d9c,Attack Expulsion of Jews,1923-09-28,Moldova; Europe; Western Antisemitism; Ethnic Cleansing,images/0435-Attack-Expulsion-of-Jews-1.png
436,3c4d6f94-3ef1-80bd-8d55-dd3c2e6ef06f,Attack Vienna Bourse,1921-09-24,Austria; Western Antisemitism; Europe; Pogroms,images/0436-Attack-Vienna-Bourse-1.png
437,3c4d6f94-3ef1-8050-b8e5-c95e13d0417d,Fined for Pogrom Talk in Chicago,1921-09-27,KKK; Pogroms; US; The Americas; Western Antisemitism,images/0437-Fined-for-Pogrom-Talk-in-Chicago-1.png
438,3c4d6f94-3ef1-8015-8aac-d247dd22a63b,Complain of Ford Again,1921-09-10,US; Western Antisemitism; The Americas,images/0438-Complain-of-Ford-Again-1.png
439,3c4d6f94-3ef1-80d4-b928-e0a83ac58d5a,Massacre by Ukrainians,1920-09-21,Ukraine; Russia; Western Antisemitism; Europe; Pogroms,images/0439-Massacre-by-Ukrainians-1.png
440,3c4d6f94-3ef1-805e-b4a4-ca3409c22bad,Report 200 Jews Slain,1920-09-24,Pogroms; Western Antisemitism; Europe; Ukraine; Austria,images/0440-Report-200-Jews-Slain-1.png
441,3c4d6f94-3ef1-8044-b2e6-f635028f8fbe,Jews Pay Tribute to Martyrs Here,1920-09-10,Sources of Funding; Ukraine; Western Antisemitism; Europe; Pogroms,images/0441-Jews-Pay-Tribute-to-Martyrs-Here-1.png
442,3c4d6f94-3ef1-8079-92b9-d5bdeb3ecc67,"With $40,000,000 Aid Jews Still Suffer",1920-09-06,Pogroms; Europe; Western Antisemitism; Sources of Funding; Poland,images/0442-With-40-000-000-Aid-Jews-Still-Suffer-1.png
443,3c4d6f94-3ef1-8038-b864-ddc2d21d76cd,Fear for Galician Jews,1919-09-17,Austria; Ethnic Cleansing; Europe; Western Antisemitism,images/0443-Fear-for-Galician-Jews-1.png
444,3c4d6f94-3ef1-80f8-a90f-d8250cfe1e00,Finds Lithuanians are Starving,1919-09-21,Lithuania; Europe; Russia; Ethnic Cleansing,images/0444-Finds-Lithuanians-are-Starving-1.png
445,3c4d6f94-3ef1-80db-9740-cdbd7dc4f8ba,Reports Polish Jews in Dire Need,1919-09-07,Poland; Europe; Sources of Funding,images/0445-Reports-Polish-Jews-in-Dire-Need-1.png
446,3c4d6f94-3ef1-80fa-a0d1-c109000c8bb0,Five Million Face Famine in Poland,1919-09-29,Poland; Europe,images/0446-Five-Million-Face-Famine-in-Poland-1.png
447,3c4d6f94-3ef1-80ab-9d80-c0b425fe4a60,"Zionists to Raise $7,000,000 Fund",1919-09-19,Political Zionism; Sources of Funding; Israel/Palestine,images/0447-Zionists-to-Raise-7-000-000-Fund-1.png
448,3c4d6f94-3ef1-80ee-a65e-e48292dac79e,France is Pledged to Jewish Freedom,1919-09-08,France; Western Antisemitism; Legal Restrictions against Jews; Europe,images/0448-France-is-Pledged-to-Jewish-Freedom-1.png
449,3c4d6f94-3ef1-80e2-a6ba-d3eb977198d7,Vienna Mobs Demand Expulsion of Jews,1919-09-29,Austria; Ethnic Cleansing; Western Antisemitism; Europe; Pogroms,images/0449-Vienna-Mobs-Demand-Expulsion-of-Jews-1.png
450,3c4d6f94-3ef1-802d-a3c1-fbf0ad09504e,Protest Against Pogroms,1919-09-05,Europe; Pogroms; Western Antisemitism; Poland,images/0450-Protest-Against-Pogroms-1.png
451,3c4d6f94-3ef1-8062-8a77-cb6e48c5fc6d,List Ukrainian Pogroms,1919-09-11,Ukraine; Russia; Western Antisemitism; Europe,images/0451-List-Ukrainian-Pogroms-1.png
452,3c4d6f94-3ef1-80f7-8a53-fc86e0311be7,White Terrorists Rule in Hungary,1919-09-19,Hungary; Western Antisemitism; Europe; Targeting of Children,images/0452-White-Terrorists-Rule-in-Hungary-1.png
453,3c4d6f94-3ef1-8086-86a4-fbee308dfc88,Says Fate of Jews Depends on America,1919-09-15,Pogroms; Western Antisemitism; Europe; Poland; Russia,images/0453-Says-Fate-of-Jews-Depends-on-America-1.png
454,3c4d6f94-3ef1-80a3-ba34-c2be858a3f30,"130,000 War Refugees Ordered to Leave Austria",1919-09-14,Austria; Ethnic Cleansing; Europe; Western Antisemitism,images/0454-130-000-War-Refugees-Ordered-to-Leave-Austria-1.png
455,3c4d6f94-3ef1-8072-af95-dc5a1f2bcf33,"Jews Expect Drive to Pass $10,000,000",1919-09-15,Sources of Funding; Jewish contributions/activism,images/0455-Jews-Expect-Drive-to-Pass-10-000-000-1.png
456,3c4d6f94-3ef1-80e5-b99a-eb3d59c8df62,"Over 3,000,000 Jews in US",1918-09-08,US; The Americas; Jewish Culture Beliefs & Debates,images/0456-Over-3-000-000-Jews-in-US-1.png
457,3c4d6f94-3ef1-8044-be8d-de83939a2a92,Jews for Welfare Work,1918-09-22,Jewish Culture Beliefs & Debates,images/0457-Jews-for-Welfare-Work-1.png
458,3c4d6f94-3ef1-80e3-a1b8-c54940f9003d,jews in Vienna Protest,1918-09-15,Austria; Western Antisemitism; Europe; Pogroms; Political Zionism,images/0458-jews-in-Vienna-Protest-1.png
459,3c4d6f94-3ef1-801d-af03-c42478458178,Yom Kippur Closes with Great Outpouring of Funds in the Synagogues,1917-09-27,Sources of Funding,images/0459-Yom-Kippur-Closes-with-Great-Outpouring-of-Funds-in-the-Synagogues-1.png
460,3c4d6f94-3ef1-8066-846f-f564011d7fc3,"Ask $4,000,000 Here for Relief of Jews",1917-09-23,Sources of Funding,images/0460-Ask-4-000-000-Here-for-Relief-of-Jews-1.png
461,3c4d6f94-3ef1-8047-9cb5-f5f2cb5b7c11,Jews Plan Canvass for Charities Union,1916-09-16,Sources of Funding; Jewish contributions/activism,images/0461-Jews-Plan-Canvass-for-Charities-Union-1.png
462,3c4d6f94-3ef1-80a9-a777-d7b625ea90a6,Indorses Jews Warning,1916-09-09,Germany; Europe; Western Antisemitism,images/0462-Indorses-Jews-Warning-1.png
463,3c4d6f94-3ef1-80e8-981a-e2677cac4fa6,Defends Jews in Germany,1916-09-08,Western Antisemitism; Europe; Germany,images/0463-Defends-Jews-in-Germany-1.png
464,3c4d6f94-3ef1-80c9-af48-dbfa4c2ccb6c,British Jew a Brigadier,1916-09-30,England/UK; Europe; Jewish contributions/activism,images/0464-British-Jew-a-Brigadier-1.png
465,3c4d6f94-3ef1-80ed-8c2f-f3f89212ff59,Dorsey Assails Slaton and Jews,1916-09-12,US; The Americas; Western Antisemitism; Sources of Funding,images/0465-Dorsey-Assails-Slaton-and-Jews-1.png
466,3c4d6f94-3ef1-8078-91f9-d2300e8d86c1,Seek Million for Jews,1916-09-18,Romania; Western Antisemitism; Europe; Sources of Funding; Legal Restrictions against Jews,images/0466-Seek-Million-for-Jews-1.png
467,3c4d6f94-3ef1-8078-9676-ef0f6a529669,Jews in Russia Seek Their Friends Here,1916-09-05,Russia; Europe; Pogroms; Western Antisemitism,images/0467-Jews-in-Russia-Seek-Their-Friends-Here-1.png
468,3c4d6f94-3ef1-80cf-8cbc-e540f01be050,Reports Thousands are Dying in Syria,1916-09-03,Syria; Arab World; Islamic World; Israel/Palestine,images/0468-Reports-Thousands-are-Dying-in-Syria-1.png
469,3c4d6f94-3ef1-803f-81ef-c0843db0cc5d,Move Here to Free Jews of Russia,1915-09-05,Russia; Europe; Western Antisemitism; Legal Restrictions against Jews,images/0469-Move-Here-to-Free-Jews-of-Russia-1.png
470,3c4d6f94-3ef1-8009-aed7-c6262739fcc6,Jew Appeals to Duma,1915-09-22,Russia; Legal Restrictions against Jews; Europe; Western Antisemitism,images/0470-Jew-Appeals-to-Duma-1.png
471,3c4d6f94-3ef1-801a-bf62-ec5814fd1473,To Ask Wilson’s Aid for European Jews,1915-09-06,Europe; Western Antisemitism; Legal Restrictions against Jews,images/0471-To-Ask-Wilson-s-Aid-for-European-Jews-1.png
472,3c4d6f94-3ef1-808d-84a5-caf04af728c5,Interest Women in ‘Twilight Sleep’,1914-09-27,Jewish contributions/activism; US; The Americas,images/0472-Interest-Women-in-Twilight-Sleep-1.png
473,3c4d6f94-3ef1-80ce-903a-caeb9dcb6837,Jews to Be Officers in Russian Army,1914-09-06,Russia; Legal Restrictions against Jews; Western Antisemitism; Europe,images/0473-Jews-to-Be-Officers-in-Russian-Army-1.png
474,3c4d6f94-3ef1-803c-bfb9-effb7dfc4787,Zionist Cause Advancing,1913-09-29,Political Zionism; Turkey; Islamic World,images/0474-Zionist-Cause-Advancing-1.png
475,3c4d6f94-3ef1-80c8-83b3-f920ea6a2df4,To Aid Rumanian Jews,1913-09-29,Romania; Western Antisemitism; Europe; Legal Restrictions against Jews,images/0475-To-Aid-Rumanian-Jews-1.png
476,3c4d6f94-3ef1-8080-8adf-c650ef0d6188,Brandeis Plans for Zion,1913-09-02,Israel/Palestine; Political Zionism,images/0476-Brandeis-Plans-for-Zion-1.png
477,3c4d6f94-3ef1-80ad-96b9-de39e42baf07,Palestine Gifts by Straus,1912-09-01,Israel/Palestine; Political Zionism; Antizionism,images/0477-Palestine-Gifts-by-Straus-1.png
478,3c4d6f94-3ef1-80a5-8d05-f93acea165a0,Leave for Jewish Soldiers,1912-09-21,US; The Americas; Jewish Culture Beliefs & Debates,images/0478-Leave-for-Jewish-Soldiers-1.png
479,3c4d6f94-3ef1-803b-954c-e2539655308d,Driving Jews from Trade,1911-09-01,Russia; Western Antisemitism; Legal Restrictions against Jews; Europe,images/0479-Driving-Jews-from-Trade-1.png
480,3c4d6f94-3ef1-801f-9d33-ef2d8493acfb,Believe Jews are Safe,1911-09-24,Russia; Pogroms; Western Antisemitism; Europe,images/0480-Believe-Jews-are-Safe-1.png
481,3c4d6f94-3ef1-809e-87e1-ee08a207acb3,Bloom to be a Lieutenant,1911-09-20,US; Western Antisemitism; The Americas,images/0481-Bloom-to-be-a-Lieutenant-1.png
482,3c4d6f94-3ef1-8036-a998-eebe35a0788a,Jews Win Case in Russia,1910-09-23,Russia; Western Antisemitism; Europe; Ukraine; Ethnic Cleansing,images/0482-Jews-Win-Case-in-Russia-1.png
483,3c4d6f94-3ef1-8064-aec5-e88f60f3b3c6,More Jews Must Go,1910-09-11,Ukraine; Russia; Ethnic Cleansing; Western Antisemitism; Europe,images/0483-More-Jews-Must-Go-1.png
484,3c4d6f94-3ef1-805f-8395-c98e010c4b9f,Searching Kieff for Jews,1910-09-14,Ukraine; Russia; Western Antisemitism; Europe; Ethnic Cleansing,images/0484-Searching-Kieff-for-Jews-1.png
485,3c4d6f94-3ef1-802b-bab0-c527d3407db6,Young Turk Party has Revolutionized Sultans Land,1910-09-25,Israel/Palestine; Turkey; Legal Restrictions against Jews,images/0485-Young-Turk-Party-has-Revolutionized-Sultans-Land-1.png
486,3c4d6f94-3ef1-80dd-b5bc-c81267a24780,Image: Kindergarten in Jerusalem,1910-09-25,Israel/Palestine; Political Cartoons/Images,images/0486-Image-Kindergarten-in-Jerusalem-1.png
487,3c4d6f94-3ef1-80df-b048-c35d4b21965a,“Queries and Answers from Readers”,1910-09-17,Political Zionism; Turkey; Israel/Palestine,images/0487-Queries-and-Answers-from-Readers-1.png
488,3c4d6f94-3ef1-8047-b86e-c5040c912014,Finland to Expel Jews,1909-09-12,Finland; Ethnic Cleansing; Legal Restrictions against Jews; Western Antisemitism; Europe,images/0488-Finland-to-Expel-Jews-1.png
489,3c4d6f94-3ef1-80d5-a8fb-c995307eb01f,"Odessa Jews Slain, Police Looking On",1907-09-03,Russia; Western Antisemitism; Europe; Targeting of Children; Ukraine,images/0489-Odessa-Jews-Slain-Police-Looking-On-1.png
490,3c4d6f94-3ef1-80c3-b56f-c88a90d61455,New Massacre at Kishineff,1907-09-11,Ukraine; Russia; Western Antisemitism; Pogroms; Europe,images/0490-New-Massacre-at-Kishineff-1.png
491,3c4d6f94-3ef1-807e-9b8a-e891bada4f3e,Threaten to Leave Russia,1907-09-04,Russia; Western Antisemitism; Europe; Ukraine,images/0491-Threaten-to-Leave-Russia-1.png
492,3c4d6f94-3ef1-8098-831b-ecb2985bf90c,Boys Beat a Boy to Death,1907-09-02,US; Western Antisemitism; The Americas,images/0492-Boys-Beat-a-Boy-to-Death-1.png
493,3c4d6f94-3ef1-8093-8c15-cb4b0b108546,More Odessa Jews Slain,1907-09-17,Ukraine; Russia; Western Antisemitism; Pogroms; Europe,images/0493-More-Odessa-Jews-Slain-1.png
494,3c4d6f94-3ef1-80ce-8ef6-de196fce0b71,Insurgents Capture a Moorish Seaport,1906-09-08,Morocco; Arab World; Pogroms; Islamic World; Legal Restrictions against Jews; Ghettos,images/0494-Insurgents-Capture-a-Moorish-Seaport-1.png
495,3c4d6f94-3ef1-8077-85b3-dded8c2fafc0,Massacre Continues in Siedlces Streets,1906-09-11,Poland; Russia; Pogroms; Western Antisemitism; Europe; Victim Blaming/Justification of Antisemitism,images/0495-Massacre-Continues-in-Siedlces-Streets-1.png
496,3c4d6f94-3ef1-80bd-ad8b-cc5c474337d2,Begs to Aid to Avert Pogrom,1906-09-16,Poland; Western Antisemitism; Europe; Pogroms,images/0496-Begs-to-Aid-to-Avert-Pogrom-1.png
497,3c4d6f94-3ef1-803f-9d6e-ca796ff9cdb5,Pogrom Was Started by Officers’ Servants,1906-09-13,Pogroms; Western Antisemitism; Europe; Poland; Russia,images/0497-Pogrom-Was-Started-by-Officers-Servants-1.png
498,3c4d6f94-3ef1-8007-98da-eca0641b7c18,Red Light Gave Signal for Siedlce Massacre,1906-09-12,Russia; Poland; Pogroms; Western Antisemitism; Europe,images/0498-Red-Light-Gave-Signal-for-Siedlce-Massacre-1.png
499,3c4d6f94-3ef1-803d-9e04-d575ee7c2478,Czar Aids Agitators Who Would Kill Jews,1906-09-28,Russia; Western Antisemitism; Europe,images/0499-Czar-Aids-Agitators-Who-Would-Kill-Jews-1.png
500,3c4d6f94-3ef1-8017-aedc-e02c1ad5fbc0,Siedlce,1906-09-11,Russia; Poland; Western Antisemitism; Pogroms,images/0500-Siedlce-1.png
501,3c4d6f94-3ef1-8062-8956-f101570b702d,“Article 8” - Warsaw,1906-09-12,Poland; Russia; Western Antisemitism; Europe; Pogroms,images/0501-Article-8---Warsaw-1.png
502,3c4d6f94-3ef1-8059-b57f-d4619e1f8375,From Bad to Worse in Russia,1906-09-12,Russia; Western Antisemitism; Europe; Pogroms,images/0502-From-Bad-to-Worse-in-Russia-1.png
503,3c4d6f94-3ef1-80c6-83cc-f1b0a4b25ec5,Jews Should Organize,1906-09-16,Russia; Western Antisemitism; Pogroms; Europe,images/0503-Jews-Should-Organize-1.png
504,3c4d6f94-3ef1-807d-8804-c5d91c24af10,Governor Threatens All Jews with Death,1906-09-22,Russia; Western Antisemitism; Europe; Victim Blaming/Justification of Antisemitism,images/0504-Governor-Threatens-All-Jews-with-Death-1.png
505,3c4d6f94-3ef1-806c-9bd9-efa2a26b000b,To Drench Odessa in Blood,1906-09-27,Russia; Ukraine; Western Antisemitism; Europe; Pogroms,images/0505-To-Drench-Odessa-in-Blood-1.png
506,3c4d6f94-3ef1-80b8-b44f-e9949858707e,Kishineff Jews Shots,1905-09-05,Russia; Ukraine; Western Antisemitism; Pogroms; Legal Restrictions against Jews,images/0506-Kishineff-Jews-Shots-1.png
507,3c4d6f94-3ef1-8033-aa70-d33e09b76e82,200 Jews Arrested,1905-09-24,Poland; Western Antisemitism; Legal Restrictions against Jews; Europe,images/0507-200-Jews-Arrested-1.png
508,3c4d6f94-3ef1-801a-95d1-d938a817035f,More Anti-Jewish Riots,1904-09-23,Pogroms; Europe; Western Antisemitism; Ukraine; Russia,images/0508-More-Anti-Jewish-Riots-1.png
509,3c4d6f94-3ef1-80a1-a97b-d916a0f4638e,Furious Anti-Jewish Outbreak in Poland,1904-09-18,Poland; Europe; Pogroms; Western Antisemitism; Blood Libel; Victim Blaming/Justification of Antisemitism,images/0509-Furious-Anti-Jewish-Outbreak-in-Poland-1.png
510,3c4d6f94-3ef1-80b8-b71c-f7037172e6be,Russian Anti-Jewish Riots,1904-09-12,Russia; Western Antisemitism; Pogroms; Europe,images/0510-Russian-Anti-Jewish-Riots-1.png
511,3c4d6f94-3ef1-8003-8969-cc5d6351f328,More Anti-Jewish Rioting,1904-09-13,Russia; Poland; Pogroms; Western Antisemitism; Europe,images/0511-More-Anti-Jewish-Rioting-1.png
512,3c4d6f94-3ef1-80d8-9937-f8394e8a871c,Russia Still to Bar Jews,1904-09-03,Russia; Western Antisemitism; Europe; Legal Restrictions against Jews,images/0512-Russia-Still-to-Bar-Jews-1.png
513,3c4d6f94-3ef1-8007-92b0-f69ca0f7de5b,Russia Covertly Against Zionism,1903-09-02,Russia; Antizionism; Western Antisemitism; Europe; Legal Restrictions against Jews,images/0513-Russia-Covertly-Against-Zionism-1.png
514,3c4d6f94-3ef1-806d-9889-e9f518bd73e7,Pro-Jew Russian is Punished by the Court,1903-09-30,Russia; Europe,images/0514-Pro-Jew-Russian-is-Punished-by-the-Court-1.png
515,3c4d6f94-3ef1-80fd-a733-d96561612299,Says the Jews are to Blame,1903-09-24,"Victim Blaming/Justification of Antisemitism; accusation of ""Jewish Supremacy"" and/or Genocide; Russia; Western Antisemitism; Europe",images/0515-Says-the-Jews-are-to-Blame-1.png
516,3c4d6f94-3ef1-8048-a1d9-c5b985ab7cdc,Homel a Second Kishineff,1903-09-23,Russia; Western Antisemitism; Pogroms; Europe; Targeting of Children,images/0516-Homel-a-Second-Kishineff-1.png
517,3c4d6f94-3ef1-8025-8b7c-cd33fdbf4a24,Russian Troops Aided the Slayers of Jews,1903-09-24,Russia; Europe; Western Antisemitism; Pogroms,images/0517-Russian-Troops-Aided-the-Slayers-of-Jews-1.png
518,3c4d6f94-3ef1-803f-bfbf-e027a59816f8,Russian Monks Murdered,1903-09-16,Israel/Palestine; Arab World; Islamic World,images/0518-Russian-Monks-Murdered-1.png
519,3c4d6f94-3ef1-80a7-9f14-e24690315cf6,The East Side Riot,1902-09-16,US; Western Antisemitism; Legal Restrictions against Jews,images/0519-The-East-Side-Riot-1.png
520,3c4d6f94-3ef1-80d0-8e1f-e2e2b7608ba8,Asks that Roumania Stop Oppressing Jews,1902-09-18,Romania; Western Antisemitism; Europe; US,images/0520-Asks-that-Roumania-Stop-Oppressing-Jews-1.png
521,3c4d6f94-3ef1-8073-976e-ceb937359c72,Young Men in Iraq Enlist for ‘Holy War’; Moslem Leaders Ask Aid for Palestine Arabs,1938-08-10,Iraq; Intent in Israel/Palestine; Arab World; Islamic World; Israel/Palestine,images/0521-Young-Men-in-Iraq-Enlist-for-Holy-War-Moslem-Leaders-Ask-Aid-for-Palestine-Arabs-1.png
522,3c4d6f94-3ef1-80a5-9922-e9554244ad1e,Anti-Semitic Outbreak,1902-09-14,Poland; Pogroms; Europe; Western Antisemitism,images/0522-Anti-Semitic-Outbreak-1.png
523,3c4d6f94-3ef1-800a-ad0a-ce6d0f09b7ac,Jewish Colony Found in the Caucuses,1902-09-14,"Use of ""colony"" to describe Jewish communities; Jewish history (relative to time of article); Russia",images/0523-Jewish-Colony-Found-in-the-Caucuses-1.png
524,3c4d6f94-3ef1-808d-85fa-cb8dd0586a43,Arabs in Gaza Strip Pouring out In Search of Kin After 19 Years,1967-09-07,"Israel/Palestine; ""The Nakba""/""refugees""; Egypt; Arab World; Islamic World",images/0524-Arabs-in-Gaza-Strip-Pouring-out-In-Search-of-Kin-After-19-Years-1.png
525,3c4d6f94-3ef1-80b9-a67a-ca0fffcb7603,"Arab Bomber, 12, Is in Iraq",1969-09-15,Iraq; Terrorism; Arab World; Islamic World; PFLP; Belgium,images/0525-Arab-Bomber-12-Is-in-Iraq-1.png
526,3c4d6f94-3ef1-8004-ae3e-f740771cdd56,Arabs Express Pride,1968-09-06,Israel/Palestine; Lebanon; Terrorism; Islamic World; Arab World; Iraq,images/0526-Arabs-Express-Pride-1.png
527,3c4d6f94-3ef1-800e-a749-d01f3fbd188f,Arab Group Warns Travelers To Avoid Israeli Jews and Ships,1969-09-10,Israel/Palestine; Terrorism; Arab World; Islamic World; Targeting of Civilians,images/0527-Arab-Group-Warns-Travelers-To-Avoid-Israeli-Jews-and-Ships-1.png
528,3c4d6f94-3ef1-8097-bbc8-fae026371c5a,Arab Boys in Teens Bomb 3 Israeli Officers in Europe,1969-09-09,Israel/Palestine; Terrorism; Europe; Germany; Belgium; Netherlands,images/0528-Arab-Boys-in-Teens-Bomb-3-Israeli-Officers-in-Europe-1.png
529,3c4d6f94-3ef1-80e6-a87c-e68bf02f49b9,Israelis Again Tighten West-Bank Curbs as ‘Open Bridges’ Policy is Debated,1969-09-16,Israel/Palestine; Terrorism; Arab World; Islamic World,images/0529-Israelis-Again-Tighten-West-Bank-Curbs-as-Open-Bridges-Policy-is-Debated-1.png
530,3c4d6f94-3ef1-801f-84a8-e4bfc2889708,Guerrillas Accuse Hussein,1970-09-27,"accusation of ""Jewish Supremacy"" and/or Genocide; Jordan; Israel/Palestine; Arab World; Islamic World; Intent in Israel/Palestine",images/0530-Guerrillas-Accuse-Hussein-1.png
531,3c4d6f94-3ef1-8011-94ee-fbdf21f4b899,Guns Heard in Amman Despite Cease-Fire,1970-09-26,"Jordan; ""The Nakba""/""refugees""; Israel/Palestine; Arab World; Islamic World",images/0531-Guns-Heard-in-Amman-Despite-Cease-Fire-1.png
533,3add6f94-3ef1-807d-a9dd-c3ee8ccd8f26,Cairo,1951-08-06,Egypt; Arab World; Islamic World; Mufti; Jordan; England/UK; Western Intervention,images/0533-Cairo-1.png
534,3add6f94-3ef1-8066-b952-de0191fe7c5c,Egypt and the Suez,1951-08-09,Egypt; Arab World; Africa; Islamic World; Intent in Israel/Palestine,images/0534-Egypt-and-the-Suez-1.png
535,3add6f94-3ef1-80af-a960-f5c3368cb548,Arabs Will Discuss Three Major Issues,1951-08-19,Egypt; Arab World; Arab League; Islamic World; Blockade/Siege/Targeting of Food & Water; Ceasefire Violations; Intent in Israel/Palestine,images/0535-Arabs-Will-Discuss-Three-Major-Issues-1.png
536,3add6f94-3ef1-80dc-981d-e5c1cac602ee,Refugee Position Improved by Iran,1951-08-04,Iran; Islamic World; Ethnic Cleansing; Muslim Antisemitism; UN & League of Nations,images/0536-Refugee-Position-Improved-by-Iran-1.png
537,3add6f94-3ef1-80c5-97f9-de1b70a9323d,"$52,287,000 Expended in Israel in 6 Months",1951-08-31,"Sources of Funding; Use of ""colony"" to describe Jewish communities",images/0537-52-287-000-Expended-in-Israel-in-6-Months-1.png
538,3add6f94-3ef1-80f4-a487-eede3c42cf7d,Plan Given to Spur Farming in Israel,1951-08-20,Israel/Palestine; Intent in Israel/Palestine,images/0538-Plan-Given-to-Spur-Farming-in-Israel-1.png
539,3add6f94-3ef1-80ba-b977-f546f82ef22a,Jewish Committee Fears Nazi Rebirth,1951-08-29,Germany; Europe; Western Antisemitism; Nazis/Fascists,images/0539-Jewish-Committee-Fears-Nazi-Rebirth-1.png
540,3add6f94-3ef1-8059-9801-fe44007f30c1,Jews in Germany Protest,1951-08-22,Germany; Nazis/Fascists; Europe; Western Antisemitism,images/0540-Jews-in-Germany-Protest-1.png
541,3add6f94-3ef1-80f4-abd9-f6b9302c8fab,Jews Criticize Hungary,1951-08-25,Hungary; Europe; Western Antisemitism; Antizionism; Ethnic Cleansing; USSR; Russia,images/0541-Jews-Criticize-Hungary-1.png
542,3add6f94-3ef1-80c6-86bb-f7296926b754,9 More Pledge Palestine Aid,1952-08-01,"England/UK; Western Intervention; Israel/Palestine; ""The Nakba""/""refugees""; Sources of Funding",images/0542-9-More-Pledge-Palestine-Aid-1.png
543,3add6f94-3ef1-8043-81c8-d6a53702e745,Shift in Egypt Spurs Hope for Arab-Israeli Accord,1952-08-24,Egypt; Israel/Palestine; Intent in Israel/Palestine; Arab World; Islamic World; Palestinian Identity,images/0543-Shift-in-Egypt-Spurs-Hope-for-Arab-Israeli-Accord-1.png
544,3add6f94-3ef1-8028-9e68-c854990d97e5,Israel in Peace Bid to New Cairo Chief,1952-08-19,Israel/Palestine; Egypt; Arab World; Islamic World; Intent in Israel/Palestine; Syria; Muslim Antisemitism,images/0544-Israel-in-Peace-Bid-to-New-Cairo-Chief-1.png
545,3add6f94-3ef1-80c6-a155-d7c6294331a3,Israel and Egypt,1952-08-20,Israel/Palestine; Egypt; Arab World; Islamic World; Intent in Israel/Palestine,images/0545-Israel-and-Egypt-1.png
546,3add6f94-3ef1-80fc-a9e7-ef82b26f27e6,Israel Will Replace Tents Of Migrants With Houses,1952-08-02,Israel/Palestine; Sources of Funding; Jewish contributions/activism,images/0546-Israel-Will-Replace-Tents-Of-Migrants-With-Houses-1.png
547,3add6f94-3ef1-8016-93f8-fdeddefa3c2f,Mourners for Auerbach Clash with Munich Police,1952-08-19,Germany; Europe; Western Antisemitism; Holocaust,images/0547-Mourners-for-Auerbach-Clash-with-Munich-Police-1.png
548,3add6f94-3ef1-8041-a88c-ddf9998780fd,Three of Court Were Former Nazis,1952-08-15,Germany; Nazis/Fascists; Western Antisemitism; Europe,images/0548-Three-of-Court-Were-Former-Nazis-1.png
549,3add6f94-3ef1-8031-981b-dc37662cf96f,German Found Perjurer,1952-08-28,Germany; Europe; Western Antisemitism,images/0549-German-Found-Perjurer-1.png
550,3add6f94-3ef1-8080-b75e-cf3b907e166e,U.N.’s Policy on Jerusalem is Issue in New Israeli Move,1953-08-09,UN & League of Nations; Israel/Palestine; Arab World; Islamic World; Intent in Israel/Palestine; Holy Sites,images/0550-U.N.-s-Policy-on-Jerusalem-is-Issue-in-New-Israeli-Move-1.png
551,3add6f94-3ef1-80db-bb53-fbccf67bb2fc,Israeli Charges Jordan ‘Trickery’,1953-08-07,Israel/Palestine; Arab World; Islamic World; Jordan; Lies about Israel; Ceasefire Violations,images/0551-Israeli-Charges-Jordan-Trickery-1.png
552,3add6f94-3ef1-80d2-9b91-fdf77d8fccfd,13 Israelis Jailed in Terrorist Trial,1953-08-26,Terrorism; Israel/Palestine; Stern Group; Intent in Israel/Palestine,images/0552-13-Israelis-Jailed-in-Terrorist-Trial-1.png
553,3add6f94-3ef1-80e4-9bff-d545f482162d,Rabbi Going to Madrid,1953-08-21,Spain; Europe; US; The Americas,images/0553-Rabbi-Going-to-Madrid-1.png
554,3add6f94-3ef1-8068-adc7-e6ba56b06a3e,Jewish Unit Debates Bid to Ask Nazi Curb,1953-08-10,Germany; Nazis/Fascists; Europe; Western Antisemitism,images/0554-Jewish-Unit-Debates-Bid-to-Ask-Nazi-Curb-1.png
555,3add6f94-3ef1-809c-9ca8-cc54fb0a2cb5,"Jews Found Curbed in Iran, Afghanistan",1953-08-02,Afghanistan; Iran; Muslim Antisemitism; Islamic World,images/0555-Jews-Found-Curbed-in-Iran-Afghanistan-1.png
556,3add6f94-3ef1-80d3-b7c6-e30de6f23c1c,Israeli Citizenship Voted to Jews Nazis Destroyed,1953-08-20,Holocaust; Nazis/Fascists; Israel/Palestine; Jewish Culture Beliefs & Debates,images/0556-Israeli-Citizenship-Voted-to-Jews-Nazis-Destroyed-1.png
557,3add6f94-3ef1-803d-8ab8-f3beb42f3c14,Slain Israelis Identified,1953-08-31,Israel/Palestine; Targeting of Civilians; Jordan; Arab World; Islamic World,images/0557-Slain-Israelis-Identified-1.png
558,3add6f94-3ef1-80b7-9b37-d2db555e693e,Izvestia Prints Denial by Israel on U.S. Pact,1954-08-10,Israel/Palestine; US; Russia; USSR; Lies about Israel,images/0558-Izvestia-Prints-Denial-by-Israel-on-U.S.-Pact-1.png
559,3add6f94-3ef1-807d-9c2d-f39238a4798c,Israel Bids U.S. Back its Words,1954-08-31,US; Egypt; Iraq; Israel/Palestine; Arab World; Islamic World; Western Intervention; Blockade/Siege/Targeting of Food & Water,images/0559-Israel-Bids-U.S.-Back-its-Words-1.png
560,3add6f94-3ef1-8014-a858-f245c7591b64,Jews of Africa Sought By Israel,1955-08-24,Africa; Islamic World; Arab World; Israel/Palestine,images/0560-Jews-of-Africa-Sought-By-Israel-1.png
561,3add6f94-3ef1-807e-806b-c5a97dab82f7,"$10,000,000 Asked for African Jews",1955-08-30,Africa; Arab World; Islamic World; Muslim Antisemitism; Israel/Palestine; Sources of Funding,images/0561-10-000-000-Asked-for-African-Jews-1.png
562,3add6f94-3ef1-800e-958c-d058f7b1ef0c,African Jews Ask Haven In Israel,1855-08-26,Africa; Islamic World; Arab World; Muslim Antisemitism; Israel/Palestine; Pogroms; Jewish history (relative to time of article),images/0562-African-Jews-Ask-Haven-In-Israel-1.png
563,3add6f94-3ef1-8077-a2d5-d878a437c8c3,Letter to the editor: Woman’s Role in Judaism,1955-08-12,Jewish Culture Beliefs & Debates; Western Antisemitism,images/0563-Letter-to-the-editor-Woman-s-Role-in-Judaism-1.png
564,3add6f94-3ef1-807d-8ee9-cd4c21fc0276,To Aid Moroccan Jews,1955-08-29,Morocco; Arab World; Islamic World; Pogroms; Muslim Antisemitism; Sources of Funding,images/0564-To-Aid-Moroccan-Jews-1.png
565,3add6f94-3ef1-8000-ba69-c3e83298cdd4,"Woman Named Temple Cantor, Perhaps First in Jewish History",1955-08-03,Jewish Culture Beliefs & Debates; US; The Americas,images/0565-Woman-Named-Temple-Cantor-Perhaps-First-in-Jewish-History-1.png
566,3add6f94-3ef1-806a-bbfc-e77b188fb1c3,More Old Tombs Found,1955-08-10,Israel/Palestine; Jewish history (relative to time of article),images/0566-More-Old-Tombs-Found-1.png
567,3add6f94-3ef1-80e1-ad72-d2033cf15b48,Shrines Decaying in Old Jerusalem,1955-08-21,Holy Sites; Jordan; Legal Restrictions against Jews; Israel/Palestine; Arab World; Islamic World,images/0567-Shrines-Decaying-in-Old-Jerusalem-1.png
568,3add6f94-3ef1-80cb-8a67-d464db3f0634,Letter to the Editor: Israel’s Stand Given in Reply to Recent Criticism,1955-08-22,Israel/Palestine; UN & League of Nations; Egypt; Ceasefire Violations; Intent in Israel/Palestine; Arab World,images/0568-Letter-to-the-Editor-Israel-s-Stand-Given-in-Reply-to-Recent-Criticism-1.png
569,3add6f94-3ef1-806b-bc7f-ebd385af932f,Bulgar Jets Blamed,1955-08-26,Israel/Palestine; Bulgaria; Lies about Israel,images/0569-Bulgar-Jets-Blamed-1.png
570,3add6f94-3ef1-8073-8cbf-f5cacad23b77,Truce Team Scores Egypt,1955-08-15,Ceasefire Violations; Israel/Palestine; Egypt; Arab World; Islamic World; Intent in Israel/Palestine; Blockade/Siege/Targeting of Food & Water,images/0570-Truce-Team-Scores-Egypt-1.png
571,3add6f94-3ef1-801d-8bb0-d0a4a4ae8864,Killings Harass Israel,1955-08-31,Egypt; Israel/Palestine; Arab World; Islamic World; Terrorism,images/0571-Killings-Harass-Israel-1.png
572,3add6f94-3ef1-803f-b5a8-fb12aad3711a,Israel Reports Ambush Death; Egypt Says 12 Other Israelis Die,1955-08-27,Egypt; Israel/Palestine; Islamic World; Arab World; Intent in Israel/Palestine,images/0572-Israel-Reports-Ambush-Death-Egypt-Says-12-Other-Israelis-Die-1.png
573,3add6f94-3ef1-8015-a194-c11950ca3263,Egypt Breaks Off Israeli Talks On Easing Gaza Border Strife,1955-08-25,Egypt; Arab World; Islamic World; Israel/Palestine; UN & League of Nations,images/0573-Egypt-Breaks-Off-Israeli-Talks-On-Easing-Gaza-Border-Strife-1.png
574,3add6f94-3ef1-80a5-ad44-ebb5f57c54af,2 Israelis Wounded in Negev Flare-Up,1955-08-28,Israel/Palestine; Terrorism; Targeting of Civilians; Egypt; Arab World; Islamic World,images/0574-2-Israelis-Wounded-in-Negev-Flare-Up-1.png
575,3add6f94-3ef1-80ef-9e96-d925ab87c07d,Israeli Expert Lays Air Crash to Fighters; Disputes Bulgarian Version About Guns,1955-08-01,Israel/Palestine; Bulgaria; Lies about Israel,images/0575-Israeli-Expert-Lays-Air-Crash-to-Fighters-Disputes-Bulgarian-Version-About-Guns-1.png
576,3add6f94-3ef1-8074-aaa8-f6fb80e9d383,Jordanian Raids Into Israel Drop,1955-08-22,Jordan; Arab World; Islamic World; Israel/Palestine; Terrorism; Intent in Israel/Palestine,images/0576-Jordanian-Raids-Into-Israel-Drop-1.png
577,3acd6f94-3ef1-809c-9739-cbd403df693f,Britain is Uneasy Over Middle East,1955-08-02,England/UK; US; Western Intervention; Egypt; Blockade/Siege/Targeting of Food & Water; Arab World,images/0577-Britain-is-Uneasy-Over-Middle-East-1.png
578,3acd6f94-3ef1-8064-a0d1-ffa04dd6ddab,Cairo Accepts Cease-Fire Proposed by U.N. for Gaza,1955-08-31,Egypt; Terrorism; Arab World; Islamic World; Israel/Palestine; UN & League of Nations; Ceasefire Violations; Targeting of Civilians,images/0578-Cairo-Accepts-Cease-Fire-Proposed-by-U.N.-for-Gaza-1.png
579,3acd6f94-3ef1-8043-8451-da7de59040e0,Sharett Assails Egypt,1955-08-25,Israel/Palestine; Egypt; Arab World; Islamic World; Intent in Israel/Palestine,images/0579-Sharett-Assails-Egypt-1.png
580,3acd6f94-3ef1-803f-bb03-d18eb77451b4,‘New’ Tactic Alleged,1955-08-29,Israel/Palestine; Egypt; Terrorism; Ceasefire Violations; Targeting of Civilians; Arab World; Islamic World,images/0580-New-Tactic-Alleged-1.png
581,3acd6f94-3ef1-8091-899e-d272ee5fed95,Israel is Draining Swamps for Farms,1953-08-18,Israel/Palestine; Land purchases in Israel/Palestine,images/0581-Israel-is-Draining-Swamps-for-Farms-1.png
582,3acd6f94-3ef1-803c-b080-d0584ab0e5dd,Social Gains Won by Tunisia’s Jews,1954-08-01,Tunisia; Africa; Arab World; Islamic World; Legal Restrictions against Jews; Sources of Funding; Jewish contributions/activism,images/0582-Social-Gains-Won-by-Tunisia-s-Jews-1.png; images/0582-Social-Gains-Won-by-Tunisia-s-Jews-2.png
583,3acd6f94-3ef1-80e6-a350-e27b156e8555,Rescue of Jews in Africa Urged,1954-08-25,Arab World; Africa; Islamic World; Muslim Antisemitism; Pogroms; Morocco; Tunisia; Sources of Funding,images/0583-Rescue-of-Jews-in-Africa-Urged-1.png
584,3acd6f94-3ef1-801f-b955-c262e1c8e847,Slave Talks Stir Sudden Interest,1956-08-14,UN & League of Nations; Saudi Arabia; Arab World; Islamic World,images/0584-Slave-Talks-Stir-Sudden-Interest-1.png
585,3acd6f94-3ef1-80e5-973c-d751445de219,Oil For Nasser’s Lamps,1956-08-04,UAR; Egypt; Africa; Arab World; Islamic World; Oil; US; Western Intervention; Sources of Funding,images/0585-Oil-For-Nasser-s-Lamps-1.png
586,3acd6f94-3ef1-8005-8de4-ee42f425add0,Jewish Poet Ends Ordeal in Soviet,1956-08-06,USSR; Russia; Western Antisemitism; Antizionism; Europe,images/0586-Jewish-Poet-Ends-Ordeal-in-Soviet-1.png
587,3acd6f94-3ef1-8047-9056-d0d7229c72dc,Anti-Semitism Rise in West Europe Seen,1956-08-02,Western Antisemitism; Europe; France; Germany; Nazis/Fascists,images/0587-Anti-Semitism-Rise-in-West-Europe-Seen-1.png
588,3acd6f94-3ef1-80ec-bb5a-c11b9b0f353a,Dulles Pledges Anti-Bias Action,1956-08-19,Arab World; Muslim Antisemitism; Saudi Arabia; Islamic World; US,images/0588-Dulles-Pledges-Anti-Bias-Action-1.png
589,3acd6f94-3ef1-80ec-b7f5-e4d2b98e14a3,Israel Condemns Egyptian,1956-08-07,Terrorism; Egypt; Israel/Palestine; Arab World; Islamic World,images/0589-Israel-Condemns-Egyptian-1.png
590,3acd6f94-3ef1-80f6-a0fe-c538a046433f,Panel Bids Jordan Bar Raids on Israel,1956-08-21,Jordan; Arab World; Islamic World; Israel/Palestine; Ceasefire Violations,images/0590-Panel-Bids-Jordan-Bar-Raids-on-Israel-1.png
591,3acd6f94-3ef1-804a-bb03-f8ca75df4f04,Israel Reports Attack,1956-08-13,Israel/Palestine; Arab World; Islamic World; Jordan; Ceasefire Violations; Egypt,images/0591-Israel-Reports-Attack-1.png
592,3acd6f94-3ef1-8018-8de2-f158cd1917f7,Mines Kill 2 Israelis,1956-08-31,Israel/Palestine; Egypt; Arab World; Islamic World; Ceasefire Violations,images/0592-Mines-Kill-2-Israelis-1.png
593,3acd6f94-3ef1-80b4-b047-c67040b75515,Ben-Gurion Cites Israeli Suez Need,1956-08-27,Israel/Palestine; Ceasefire Violations; Egypt; UAR; Arab World; Islamic World; Africa; UN & League of Nations,images/0593-Ben-Gurion-Cites-Israeli-Suez-Need-1.png
594,3acd6f94-3ef1-8013-a3b4-c287ab4241b5,"4 Israelis on Bus Killed, 7 Hurt in an Ambush in Southern Negev",1956-08-17,Israel/Palestine; Targeting of Civilians; Jordan; Arab World; Islamic World; Ceasefire Violations,images/0594-4-Israelis-on-Bus-Killed-7-Hurt-in-an-Ambush-in-Southern-Negev-1.png
595,3acd6f94-3ef1-80ec-9da6-f9022e3cb716,Israel Sees Suez Crisis Strengthening Her Case,1956-08-26,Israel/Palestine; Egypt; UAR; Arab World; Islamic World; Africa; Ceasefire Violations; Blockade/Siege/Targeting of Food & Water,images/0595-Israel-Sees-Suez-Crisis-Strengthening-Her-Case-1.png
596,3acd6f94-3ef1-8064-8d92-f6448e700715,Israeli Offers New Air Concept,1957-08-18,Israel/Palestine; Jewish contributions/activism,images/0596-Israeli-Offers-New-Air-Concept-1.png
597,3acd6f94-3ef1-8074-ab18-e3c688cf3040,Visit to Israeli Barred,1957-08-06,NGOs; Egypt; Ceasefire Violations; Arab World; Islamic World; Israel/Palestine,images/0597-Visit-to-Israeli-Barred-1.png
598,3acd6f94-3ef1-80cd-bd6e-f3f1aa8aaab5,Israel Assails Egypt,1957-08-07,Israel/Palestine; Egypt; Arab World; Islamic World; NGOs; Ceasefire Violations,images/0598-Israel-Assails-Egypt-1.png
599,3acd6f94-3ef1-80ab-a7bc-ffb62b603916,Jordan Widens Israel Boycott,1957-08-30,Jordan; Boycotts against Jews; Arab World; Islamic World; Israel/Palestine,images/0599-Jordan-Widens-Israel-Boycott-1.png
600,3acd6f94-3ef1-80af-9c23-d95395e07525,Police Rout 400 At Negro’s Home,1957-08-20,US; The Americas; Jewish contributions/activism,images/0600-Police-Rout-400-At-Negro-s-Home-1.png
601,3acd6f94-3ef1-80f7-9581-d1671a0e74db,Zionists’ Zeal in Recruiting Emigrants Clogs the ‘Underground Railroad’ - Travelers Refuse to Turn Back,1957-08-25,Arab World; Islamic World; Muslim Antisemitism; Morocco; Ethnic Cleansing; Legal Restrictions against Jews; Antizionism; Political Zionism; Israel/Palestine,images/0601-Zionists-Zeal-in-Recruiting-Emigrants-Clogs-the-Underground-Railroad---Travelers-1.png
602,3acd6f94-3ef1-800e-bfd5-c503f3b2363c,Nazi Urged Jews’ State,1957-08-01,"Nazis/Fascists; Political Zionism; Israel/Palestine; ""Jewish Question""",images/0602-Nazi-Urged-Jews-State-1.png
603,3acd6f94-3ef1-809f-9f5c-d502f70ac48a,"Aid Abroad Goes to 183,075 Jews",1957-08-11,Sources of Funding; Muslim Antisemitism; Western Antisemitism,images/0603-Aid-Abroad-Goes-to-183-075-Jews-1.png
604,3acd6f94-3ef1-800a-aff9-d92840bb707a,Jordan Seizes Arms in Refugee Camps; 142 Reported Held,1958-08-16,"UN & League of Nations; England/UK; Western Intervention; Jordan; Arab World; Islamic World; ""The Nakba""/""refugees""",images/0604-Jordan-Seizes-Arms-in-Refugee-Camps-142-Reported-Held-1.png
605,3acd6f94-3ef1-80c4-af11-fdffe0fb5bc5,Hussein Predicts Jordan Can Save Herself With Aid,1958-08-17,Hashemites; Jordan; Arab World; Islamic World; England/UK; Western Intervention; US,images/0605-Hussein-Predicts-Jordan-Can-Save-Herself-With-Aid-1.png
606,3acd6f94-3ef1-80f9-9974-cf7194c33ac2,U.S. Arms Vessel Arrives in Iraq,1958-08-21,US; Iraq; Arab World; Western Intervention; Islamic World; Hashemites,images/0606-U.S.-Arms-Vessel-Arrives-in-Iraq-1.png
607,3acd6f94-3ef1-8096-8a2f-fe28b14ce9bd,Isolated Jordan Calm on Surface,1958-08-10,Jordan; Arab World; Islamic World; England/UK; Western Intervention; Israel/Palestine,images/0607-Isolated-Jordan-Calm-on-Surface-1.png
608,3acd6f94-3ef1-8042-8c39-c3b4e207a479,Hope For Jordan Considered Slim,1958-08-09,Jordan; Arab World; Islamic World; England/UK; Western Intervention; Hashemites; Lebanon; US,images/0608-Hope-For-Jordan-Considered-Slim-1.png
609,3acd6f94-3ef1-80dd-9f4e-ceda6e1b5230,Jordan Still Shaky,1958-08-03,Jordan; Arab World; Islamic World; England/UK; Arab League; US; Western Intervention,images/0609-Jordan-Still-Shaky-1.png
610,3acd6f94-3ef1-8004-83ea-c9af60982178,Solution For Jordan Key MidEast Problem,1958-08-17,Jordan; England/UK; Arab World; Islamic World; Western Intervention; Sources of Funding; Hashemites; Intent in Israel/Palestine; Terrorism; Israel/Palestine,images/0610-Solution-For-Jordan-Key-MidEast-Problem-1.png; images/0610-Solution-For-Jordan-Key-MidEast-Problem-2.png
611,3acd6f94-3ef1-8045-a899-d44e17e5ec3b,Jordanian Testifies to Anti-Nasser Plot,1958-08-24,Jordan; Egypt; UAR; Arab World; Islamic World; England/UK; Western Intervention,images/0611-Jordanian-Testifies-to-Anti-Nasser-Plot-1.png
612,3acd6f94-3ef1-8046-9eb2-ed6aaf343bee,Seen as Bid to West,1958-08-07,Jordan; Arab World; Islamic World; Israel/Palestine; Intent in Israel/Palestine; US; Western Intervention; England/UK,images/0612-Seen-as-Bid-to-West-1.png
613,3acd6f94-3ef1-8037-85f7-ea588fca19ff,Arabs Called Minority,1958-08-21,Arab World; Islamic World; Kurds; Iran; Turkey; Afghanistan; Pakistan,images/0613-Arabs-Called-Minority-1.png
614,3acd6f94-3ef1-80c2-877a-d8f651a20bf7,Control of Jerusalem Urged,1958-08-10,Israel/Palestine; Intent in Israel/Palestine; Jordan; UAR; Egypt; Pan-Arabism,images/0614-Control-of-Jerusalem-Urged-1.png
615,3acd6f94-3ef1-806e-b148-d9c16d005566,Zionists Endorse U.S. Mideast Plan,1958-08-18,Intent in Israel/Palestine; Arab World; Arab League; Islamic World; Pan-Arabism; UAR; Egypt,images/0615-Zionists-Endorse-U.S.-Mideast-Plan-1.png
616,3acd6f94-3ef1-8024-bff9-da6a2a75df22,Arabs Now Hope to Crush Israel,1958-08-25,Arab World; Arab League; Intent in Israel/Palestine; Islamic World; US; Western Intervention; Israel/Palestine,images/0616-Arabs-Now-Hope-to-Crush-Israel-1.png
617,3acd6f94-3ef1-80b6-9fe5-f72ac8119b15,"Israelis, Syrians Clash",1958-08-01,Israel/Palestine; Syria; Arab World; Islamic World; UN & League of Nations; Targeting of Civilians; Ceasefire Violations,images/0617-Israelis-Syrians-Clash-1.png
618,3acd6f94-3ef1-80e1-8dd6-cdc5f4df9ac8,Two Israelis Slain in Algeria,1958-08-19,Algeria; Africa; Islamic World; Arab World; Israel/Palestine; Antizionism,images/0618-Two-Israelis-Slain-in-Algeria-1.png
619,3acd6f94-3ef1-80f7-9310-dbc6a7bc2c63,Israel Looks to Hammarskjod,1958-08-23,Israel/Palestine; UN & League of Nations; Intent in Israel/Palestine; Arab World; Arab League; Islamic World,images/0619-Israel-Looks-to-Hammarskjod-1.png
620,3acd6f94-3ef1-804a-b9b6-e1f9ccffea90,10 Ex-Nazis Jailed in Slaying of Jews,1958-08-30,Germany; Nazis/Fascists; Holocaust; Western Antisemitism; Europe,images/0620-10-Ex-Nazis-Jailed-in-Slaying-of-Jews-1.png
621,3acd6f94-3ef1-807e-bf1f-d6e6dbfe0624,Israelis Against U.N. Aid For Cairo,1958-08-11,Egypt; UN & League of Nations; Israel/Palestine; Arab World; Islamic World; Jordan; Lebanon; Intent in Israel/Palestine,images/0621-Israelis-Against-U.N.-Aid-For-Cairo-1.png
622,3acd6f94-3ef1-80a6-a286-da2d50c309ba,Letter to Editor: Extremism in the Mideast,1958-08-07,Terrorism; Israel/Palestine; Arab World; Islamic World; Intent in Israel/Palestine,images/0622-Letter-to-Editor-Extremism-in-the-Mideast-1.png
623,3acd6f94-3ef1-80fe-9611-ee987460df36,Bias Against Jews In Soviet Assayed,1958-08-18,USSR; Europe; Russia; Western Antisemitism; Education/Educators weaponized against Jews,images/0623-Bias-Against-Jews-In-Soviet-Assayed-1.png
624,3acd6f94-3ef1-8040-a743-e3227b4a10b8,Anti-Semitism rises at Bavaria College,1958-08-02,Germany; Europe; Western Antisemitism; Education/Educators weaponized against Jews,images/0624-Anti-Semitism-rises-at-Bavaria-College-1.png
625,3acd6f94-3ef1-808d-bffb-ed518b834085,Arabs Cool to U.N. On Refugee Plan,1959-08-09,"Arab World; Arab League; Islamic World; ""The Nakba""/""refugees""; Israel/Palestine; UN & League of Nations; Sources of Funding; US; Western Intervention",images/0625-Arabs-Cool-to-U.N.-On-Refugee-Plan-1.png
626,3acd6f94-3ef1-80ee-aa8c-edadaf812edf,Jordan Premier Offers Refuge to Palestinians,1959-08-27,"Jordan; Arab World; Islamic World; ""The Nakba""/""refugees""",images/0626-Jordan-Premier-Offers-Refuge-to-Palestinians-1.png
627,3acd6f94-3ef1-8051-b290-dcc17e044668,Alabama Governor Defiant,1959-08-11,US; The Americas; Western Antisemitism,images/0627-Alabama-Governor-Defiant-1.png
628,3acd6f94-3ef1-807d-89ae-ed5e5057e840,Soviet Is Accused of Anti-Semitism,1959-08-09,USSR; Russia; Europe; Western Antisemitism,images/0628-Soviet-Is-Accused-of-Anti-Semitism-1.png
629,3acd6f94-3ef1-8015-90a3-d1a38cdbd16c,Arab States Bar Refugee Aid Plan,1959-08-19,"UN & League of Nations; Sources of Funding; ""The Nakba""/""refugees""",images/0629-Arab-States-Bar-Refugee-Aid-Plan-1.png
630,3acd6f94-3ef1-807b-8797-ceadefabf534,Arabs Plan to Tighten Boycott,1959-08-14,Arab World; Arab League; Islamic World; Boycotts against Jews; Israel/Palestine,images/0630-Arabs-Plan-to-Tighten-Boycott-1.png
631,3acd6f94-3ef1-80c3-8a5d-c4ede8b3742f,"$26,400,000 Given to Jewish Appeal",1959-08-28,Sources of Funding,images/0631-26-400-000-Given-to-Jewish-Appeal-1.png
632,3acd6f94-3ef1-805e-9cd5-e4825be78c00,Israel Insistent on Suez Passage,1959-08-14,Israel/Palestine; Arab World; Islamic World; Ceasefire Violations; UN & League of Nations,images/0632-Israel-Insistent-on-Suez-Passage-1.png
633,3acd6f94-3ef1-80b6-ab0e-f46c62b117ad,Cairo Reasserts Israeli Suez Ban,1959-08-09,UAR; Egypt; Israel/Palestine; Ceasefire Violations; UN & League of Nations; Blockade/Siege/Targeting of Food & Water,images/0633-Cairo-Reasserts-Israeli-Suez-Ban-1.png
634,3acd6f94-3ef1-80e3-969a-e1630d9702e8,Beirut Debates Loyalty of Jews,1959-08-07,Lebanon; Islamic World; Arab World; Antizionism; Muslim Antisemitism,images/0634-Beirut-Debates-Loyalty-of-Jews-1.png
635,3acd6f94-3ef1-80d9-9226-ea7c39760a41,Israel Asks Return of Impounded Mail,1959-08-26,Israel/Palestine; UAR; Egypt; Blockade/Siege/Targeting of Food & Water,images/0635-Israel-Asks-Return-of-Impounded-Mail-1.png
636,3acd6f94-3ef1-8041-a1c4-fcb7df048f4f,Temple Attacker Dies in Car Crash,1960-08-31,US; The Americas; Western Antisemitism,images/0636-Temple-Attacker-Dies-in-Car-Crash-1.png
637,3acd6f94-3ef1-8031-96f3-e104ea58ed6a,Jews in India Unite,1960-08-18,India; Jewish Culture Beliefs & Debates,images/0637-Jews-in-India-Unite-1.png
638,3acd6f94-3ef1-8086-a60f-d2ca36279197,Libya Criticizes Iran,1960-08-01,Libya; Iran; Islamic World; Arab World; Africa; Israel/Palestine,images/0638-Libya-Criticizes-Iran-1.png
639,3acd6f94-3ef1-80e7-b3fb-e48a20e23f0f,Arabs to Discuss Palestine Problem,1960-08-22,"Israel/Palestine; Arab World; Islamic World; ""The Nakba""/""refugees""; Jordan; Hashemites; Arab League",images/0639-Arabs-to-Discuss-Palestine-Problem-1.png
640,3acd6f94-3ef1-805c-b157-fff34ef650a4,Israel Reports Syrian Gunfire,1960-08-05,Israel/Palestine; Syria; Arab World; Islamic World; Ceasefire Violations; Targeting of Civilians; Targeting of Children,images/0640-Israel-Reports-Syrian-Gunfire-1.png
641,3acd6f94-3ef1-80eb-a182-d6563f293b55,Kennedy Says Middle East Goal is End of ‘War’ Against Israel,1960-08-18,Israel/Palestine; US; The Americas; Arab World; Intent in Israel/Palestine; Arab League; Islamic World,images/0641-Kennedy-Says-Middle-East-Goal-is-End-of-War-Against-Israel-1.png
642,3acd6f94-3ef1-80ea-96bb-f1898d278c05,Cairo Seeks Use of Israeli Device,1961-08-04,Egypt; UAR; Arab World; Islamic World; Israel/Palestine; Jewish contributions/activism,images/0642-Cairo-Seeks-Use-of-Israeli-Device-1.png
643,3acd6f94-3ef1-801e-b845-d9d831e1fc7d,Jewish Life Termed At an End in Soviet,1961-08-09,USSR; Russia; Europe; Western Antisemitism; Ethnic Cleansing,images/0643-Jewish-Life-Termed-At-an-End-in-Soviet-1.png
644,3acd6f94-3ef1-80ce-ac19-d16828fd44a8,Morocco Warns Jews on Zionism,1961-08-31,Antizionism; Muslim Antisemitism; Arab World; Islamic World; Africa; Israel/Palestine; Legal Restrictions against Jews,images/0644-Morocco-Warns-Jews-on-Zionism-1.png
645,3acd6f94-3ef1-80bd-a3b2-ed99cd787474,Calcutta Jewish Group Dwindles,1961-08-05,Jewish Culture Beliefs & Debates; India; Israel/Palestine,images/0645-Calcutta-Jewish-Group-Dwindles-1.png
646,3acd6f94-3ef1-8093-84f9-dff29cc19f19,Israeli Scientists Devise Means of Identifying Red Blood Cells,1961-08-27,Jewish contributions/activism; Israel/Palestine,images/0646-Israeli-Scientists-Devise-Means-of-Identifying-Red-Blood-Cells-1.png
647,3acd6f94-3ef1-8036-aab3-c004c302d8d6,Israel Will Train African Doctors,1961-08-23,Israel/Palestine; Africa; Jewish contributions/activism,images/0647-Israel-Will-Train-African-Doctors-1.png
648,3acd6f94-3ef1-804d-8efe-ce01d73e5602,Aid Plan Assailed,1961-08-02,US; The Americas; Arab World; Islamic World; Western Antisemitism; Muslim Antisemitism,images/0648-Aid-Plan-Assailed-1.png
649,3acd6f94-3ef1-803c-bd01-d27299dd2f84,50 Moroccan Jews Arrest in Flight,1961-08-13,Israel/Palestine; Morocco; Africa; Arab World; Islamic World; Western Antisemitism; Legal Restrictions against Jews,images/0649-50-Moroccan-Jews-Arrest-in-Flight-1.png
650,3acd6f94-3ef1-8031-9de0-e34c5cf80696,Arab States’ Role in Care of Palestine Refugees Cited,1962-08-19,"UN & League of Nations; Israel/Palestine; Arab World; Islamic World; ""The Nakba""/""refugees""; US; Western Intervention",images/0650-Arab-States-Role-in-Care-of-Palestine-Refugees-Cited-1.png
651,3acd6f94-3ef1-80ad-9941-e1238fb4d3ec,Argentine Priest Accuses Jews of Provoking Student Attacks,1962-08-21,"Argentina; Christianity & Churches; Victim Blaming/Justification of Antisemitism; Western Antisemitism; The Americas; accusation of ""Jewish Supremacy"" and/or Genocide",images/0651-Argentine-Priest-Accuses-Jews-of-Provoking-Student-Attacks-1.png
652,3acd6f94-3ef1-80fe-b844-e03e61b5cd0c,British Nazi Leader Protests Police Raid on Headquarters,1962-08-12,"England/UK; Europe; Nazis/Fascists; Western Antisemitism; accusation of ""Jewish Supremacy"" and/or Genocide",images/0652-British-Nazi-Leader-Protests-Police-Raid-on-Headquarters-1.png
653,3acd6f94-3ef1-8008-bbc5-f0e4b4b02304,Warning to Jews Issued by Jesuits,1962-08-27,Christianity & Churches; Western Antisemitism; Victim Blaming/Justification of Antisemitism; Jewish contributions/activism,images/0653-Warning-to-Jews-Issued-by-Jesuits-1.png
654,3acd6f94-3ef1-8030-9898-e0611404c7c1,Britain Declines to Curb Fascists,1962-08-03,England/UK; Western Antisemitism; Europe; Nazis/Fascists,images/0654-Britain-Declines-to-Curb-Fascists-1.png
655,3acd6f94-3ef1-808f-a75a-f7e9b2facfc0,U.S. Rabbi Asserts Argentina Fails to Halt Attacks on Jews,1962-08-10,Argentina; Western Antisemitism; The Americas; Nazis/Fascists,images/0655-U.S.-Rabbi-Asserts-Argentina-Fails-to-Halt-Attacks-on-Jews-1.png
656,3acd6f94-3ef1-801c-95e2-eda09f8f3a68,"80,000 Jews Leave Algeria",1962-08-15,Israel/Palestine; Arab World; Islamic World; Algeria; Africa; Antizionism; Muslim Antisemitism,images/0656-80-000-Jews-Leave-Algeria-1.png
657,3acd6f94-3ef1-80de-9062-c7469a4ff78d,Tel Aviv to Honor Victims of Stalin,1962-08-14,Israel/Palestine; USSR; Russia; Western Antisemitism; Europe; Antizionism,images/0657-Tel-Aviv-to-Honor-Victims-of-Stalin-1.png
658,3acd6f94-3ef1-80c0-8d8a-f1d6b014e5c0,Israeli Killed in Clash at the Syrian Border,1962-08-30,Israel/Palestine; Syria; Ceasefire Violations; Arab World; Islamic World; Targeting of Civilians,images/0658-Israeli-Killed-in-Clash-at-the-Syrian-Border-1.png
659,3acd6f94-3ef1-80dc-95ba-d3bdcd55ff8d,Flare-Up in Mideast,1963-08-25,Israel/Palestine; Syria; Arab World; Islamic World; Targeting of Civilians; UN & League of Nations; Ceasefire Violations; USSR; Russia; Western Intervention; Scapegoating Israel; Arab League,images/0659-Flare-Up-in-Mideast-1.png
660,3acd6f94-3ef1-80b9-86a7-fa57d69147a4,Pickets Protest Acquittal of Austrian Killer in War,1963-08-14,Austria; Nazis/Fascists; Western Antisemitism; Europe,images/0660-Pickets-Protest-Acquittal-of-Austrian-Killer-in-War-1.png
661,3acd6f94-3ef1-80c0-b666-da5c6f6dbdb3,Reform Jews Act to Help Negroes,1963-08-16,Jewish contributions/activism; The Americas; US,images/0661-Reform-Jews-Act-to-Help-Negroes-1.png
662,3acd6f94-3ef1-80eb-9bc1-d63aa83faa5d,3 Jews in Moscow Appeal Conviction in Matzoh Sale,1963-08-04,Russia; USSR; Western Antisemitism; Europe; Legal Restrictions against Jews,images/0662-3-Jews-in-Moscow-Appeal-Conviction-in-Matzoh-Sale-1.png
663,3acd6f94-3ef1-805f-ad3c-dc014c5e4584,Curb on Nazis in U.S. and Great Britain Urged,1963-08-31,US; The Americas; England/UK; Europe; Nazis/Fascists; Western Antisemitism,images/0663-Curb-on-Nazis-in-U.S.-and-Great-Britain-Urged-1.png
664,3acd6f94-3ef1-8012-890f-c26ebb32b5b3,U.N. Unit’s report pleases Israelis,1963-08-28,UN & League of Nations; Israel/Palestine; Syria; Islamic World; Arab World; Ceasefire Violations; Lies about Israel,images/0664-U.N.-Unit-s-report-pleases-Israelis-1.png
665,3acd6f94-3ef1-80b0-acdc-d779d9034f99,Security council Will Meet Today on MidEast Crisis,1963-08-23,Israel/Palestine; Arab World; Islamic World; UN & League of Nations; Ceasefire Violations; Targeting of Civilians; Scapegoating Israel; USSR; Russia; Western Intervention; Arab League,images/0665-Security-council-Will-Meet-Today-on-MidEast-Crisis-1.png
666,3acd6f94-3ef1-8097-8e95-ce4f880616ba,3 Border Intruders Killed by Israelis,1963-08-19,Israel/Palestine; Arab World; Islamic World; Ceasefire Violations; Jordan; UAR; Egypt,images/0666-3-Border-Intruders-Killed-by-Israelis-1.png
667,3acd6f94-3ef1-8066-88ca-f0cf4bf98686,Israel Asks U.N. To Meet on Syria,1963-08-21,Israel/Palestine; UN & League of Nations; Syria; Arab World; Islamic World; USSR; Russia; Western Intervention; Ceasefire Violations,images/0667-Israel-Asks-U.N.-To-Meet-on-Syria-1.png
668,3acd6f94-3ef1-8052-a0aa-feac56414c1e,4th Border Intruder in 3 Days is Slain by Israelis in Negev,1963-08-20,Israel/Palestine; Ceasefire Violations; Arab World; Islamic World; Egypt; UAR,images/0668-4th-Border-Intruder-in-3-Days-is-Slain-by-Israelis-in-Negev-1.png
669,3acd6f94-3ef1-80c2-86bb-efde6a529e40,Soviet Supports Syrians in U.N.,1963-08-31,Israel/Palestine; Syria; Lies about Israel; USSR; Russia; Western Antisemitism; Arab World; Islamic World; UN & League of Nations; Targeting of Civilians,images/0669-Soviet-Supports-Syrians-in-U.N.-1.png
670,3acd6f94-3ef1-80cd-bbde-cc121cefd5ce,Tel Aviv - Nation is Convinced Cairo Girds for Aggression,1963-08-18,Israel/Palestine; Arab World; Islamic World; UAR; Egypt; Intent in Israel/Palestine; Pan-Arabism,images/0670-Tel-Aviv---Nation-is-Convinced-Cairo-Girds-for-Aggression-1.png
671,3acd6f94-3ef1-8021-bb61-cb1c97adc642,Joint Distribution Chief Calls Aid for Jewish Migrants Urgent,1963-08-04,Israel/Palestine; Muslim Antisemitism; Sources of Funding; Morocco; Algeria; Tunisia; Africa; Arab World; Islamic World,images/0671-Joint-Distribution-Chief-Calls-Aid-for-Jewish-Migrants-Urgent-1.png
672,3acd6f94-3ef1-80eb-bd0c-c5e740cb302c,Middle East War and Peace,1963-08-20,Israel/Palestine; Arab World; Islamic World; Intent in Israel/Palestine; Yemen; Saudi Arabia; Egypt; UAR,images/0672-Middle-East-War-and-Peace-1.png
673,3acd6f94-3ef1-8042-9072-c5207513195f,The Syrian Ambush,1963-08-30,Syria; Islamic World; Arab World; UN & League of Nations; Targeting of Civilians; England/UK; US; Western Intervention; USSR; Russia; Intent in Israel/Palestine,images/0673-The-Syrian-Ambush-1.png
674,3acd6f94-3ef1-801a-b4e7-cbe1cef9a714,Nasser Charges Israel is a Threat,1963-08-12,Israel/Palestine; Arab World; Islamic World; Egypt; UAR; Yemen; Pan-Arabism; Scapegoating Israel,images/0674-Nasser-Charges-Israel-is-a-Threat-1.png
675,3acd6f94-3ef1-8079-bd42-eefe36616f39,Israel Warns U.N. on Rift With Syria,1963-08-12,Israel/Palestine; Syria; Islamic World; Arab World; Ceasefire Violations; Intent in Israel/Palestine,images/0675-Israel-Warns-U.N.-on-Rift-With-Syria-1.png
676,3acd6f94-3ef1-807c-a327-f3f7ab47a263,U.N. Gets Appeal to Censure Syria,1963-08-30,UN & League of Nations; Israel/Palestine; Syria; Islamic World; Arab World; Lies about Israel; Arab League; Ceasefire Violations,images/0676-U.N.-Gets-Appeal-to-Censure-Syria-1.png
677,3acd6f94-3ef1-80d4-911e-eb2f27a0d8c3,U.N. And the Mideast,1963-08-25,UN & League of Nations; Israel/Palestine; Arab World; Islamic World; USSR; Russia; Scapegoating Israel; Lies about Israel; Syria; Ceasefire Violations,images/0677-U.N.-And-the-Mideast-1.png; images/0677-U.N.-And-the-Mideast-2.png
678,3acd6f94-3ef1-803f-aed9-df142f70a662,U.S. Presses U.N. To Condemn Syria On Israeli Deaths,1963-08-29,US; UN & League of Nations; Syria; Israel/Palestine; Arab World; Islamic World; Intent in Israel/Palestine; Lies about Israel; Targeting of Civilians; Ceasefire Violations,images/0678-U.S.-Presses-U.N.-To-Condemn-Syria-On-Israeli-Deaths-1.png
679,3acd6f94-3ef1-808a-bbff-ec7785dfbe65,Ex-Mufti Asks for Intervention,1951-08-26,Mufti; Arab World; Islamic World; Jordan; Israel/Palestine,images/0679-Ex-Mufti-Asks-for-Intervention-1.png
680,3acd6f94-3ef1-809b-a739-fdc445ca2b47,Syrians Pressing to Absorb Jordan,1951-08-05,Syria; Jordan; Arab World; Islamic World; Pan-Arabism; Greater Syria; England/UK; Western Intervention,images/0680-Syrians-Pressing-to-Absorb-Jordan-1.png
681,3acd6f94-3ef1-8049-85b5-d9f783c166c7,Broader Aim Seen in Abdullah Plot,1951-08-21,Jordan; Arab World; Islamic World; Mufti; Arab Higher Committee; Israel/Palestine,images/0681-Broader-Aim-Seen-in-Abdullah-Plot-1.png
682,3acd6f94-3ef1-80f9-8d20-d0f2b9944b65,Mufti’s Acts Protested,1951-08-04,Mufti; Arab World; Islamic World; Jordan; Egypt,images/0682-Mufti-s-Acts-Protested-1.png
683,3acd6f94-3ef1-8089-92c7-cee75522097e,Crisis in Jordan Believed At Hand,1951-08-29,Jordan; Arab World; Islamic World; Pan-Arabism; Iraq; Israel/Palestine,images/0683-Crisis-in-Jordan-Believed-At-Hand-1.png
684,3acd6f94-3ef1-8037-af38-c6a20b10e97d,"U.S., Britain Warned on Suez",1951-08-15,US; England/UK; Egypt; Arab World; Islamic World; Intent in Israel/Palestine; Israel/Palestine,images/0684-U.S.-Britain-Warned-on-Suez-1.png
685,3acd6f94-3ef1-80ab-921d-f8e0732f529b,German Synagogue Ready,1950-08-26,Germany; Europe,images/0685-German-Synagogue-Ready-1.png
686,3acd6f94-3ef1-8068-8e47-e1250959be31,Jewish Gravestones Form German Steps,1950-08-23,Germany; Western Antisemitism; Europe,images/0686-Jewish-Gravestones-Form-German-Steps-1.png
687,3acd6f94-3ef1-8079-920a-f9cccdafe757,Ten Jewish Groups Fight Loan to Spain,1950-08-13,Europe; Western Antisemitism; Spain; Nazis/Fascists; Sources of Funding; US,images/0687-Ten-Jewish-Groups-Fight-Loan-to-Spain-1.png
688,3acd6f94-3ef1-8065-91b0-fd37b2cb2cf1,Vienna Jewish Body Hits Property Law,1950-08-03,Austria; Europe; Legal Restrictions against Jews; Holocaust; Nazis/Fascists,images/0688-Vienna-Jewish-Body-Hits-Property-Law-1.png
689,3acd6f94-3ef1-80a6-9cb6-e1cbeb89af04,Tripoli Described as Refugee Haven,1950-08-27,Pogroms; Muslim Antisemitism; Targeting of Children; Terrorism; Libya; Arab World; Africa,images/0689-Tripoli-Described-as-Refugee-Haven-1.png
690,3acd6f94-3ef1-80ae-b781-fecb159e30ae,$1 Billion Asked for Israeli Need,1950-08-17,Israel/Palestine; Sources of Funding; Europe; Africa; Arab World,images/0690-1-Billion-Asked-for-Israeli-Need-1.png
691,3acd6f94-3ef1-80f6-a6f8-ca2fd62335c0,Ex-Hitler Press Chief Flees Questioners as 19 Nazi Criminals are Freed From Jail,1950-08-26,Germany; Holocaust; Nazis/Fascists,images/0691-Ex-Hitler-Press-Chief-Flees-Questioners-as-19-Nazi-Criminals-are-Freed-From-Jail-1.png
692,3acd6f94-3ef1-8057-b6d8-c7670c00fd60,"One Israeli, 7 Arabs Die in Border Clash",1950-08-08,Israel/Palestine; Arab World; Islamic World; Ceasefire Violations; Jordan; UN & League of Nations,images/0692-One-Israeli-7-Arabs-Die-in-Border-Clash-1.png
693,3acd6f94-3ef1-80fa-b3e8-c5b10f674e82,Separate Arab Palestine Urged,1949-08-18,Israel/Palestine; Arab World; Islamic World; Egypt; Jordan; Intent in Israel/Palestine,images/0693-Separate-Arab-Palestine-Urged-1.png
694,3acd6f94-3ef1-8073-bf6d-f6e88ec14756,Arab Chiefs Strive to Forestall Row,1949-08-20,"Islamic World; Arab World; Iraq; Lebanon; Syria; ""The Nakba""/""refugees""; Egypt",images/0694-Arab-Chiefs-Strive-to-Forestall-Row-1.png
695,3acd6f94-3ef1-8096-83a0-e90c03a35ee8,Arab Revolt Seen if Reforms Drag,1949-08-25,Islamic World; Arab World; Western Intervention; Sources of Funding; Egypt; Syria; Iraq; Jordan; Oil,images/0695-Arab-Revolt-Seen-if-Reforms-Drag-1.png
696,3acd6f94-3ef1-8043-91f7-cd865f8ba581,Refugees Vocal in Lausanne,1949-08-20,"Israel/Palestine; Islamic World; Arab World; ""The Nakba""/""refugees""",images/0696-Refugees-Vocal-in-Lausanne-1.png
697,3acd6f94-3ef1-80ff-abff-caf818b4efee,A Hashemite State Held Abdullah Palestine Aim,1949-08-03,Hashemites; Jordan; Pan-Arabism; England/UK; Western Intervention; Arab World; Islamic World; Iraq,images/0697-A-Hashemite-State-Held-Abdullah-Palestine-Aim-1.png
698,3acd6f94-3ef1-80bc-af7f-c5fc0616ac8b,Abdullah in London to Confer with Bevin,1949-08-19,Jordan; Hashemites; England/UK; Western Intervention; Sources of Funding; Arab World; Islamic World,images/0698-Abdullah-in-London-to-Confer-with-Bevin-1.png
699,3acd6f94-3ef1-8008-8bdb-ef55f49dffcb,Oldest Known Data on Samaritans Revealed in Discovery in Palestine,1949-08-25,Israel/Palestine; Samaritans; Jewish history (relative to time of article),images/0699-Oldest-Known-Data-on-Samaritans-Revealed-in-Discovery-in-Palestine-1.png
700,3acd6f94-3ef1-8076-a639-ebdd447bc170,Premier of Iraq Arrives in London,1949-08-03,England/UK; Iraq; Arab World; Islamic World; Western Intervention,images/0700-Premier-of-Iraq-Arrives-in-London-1.png
701,3acd6f94-3ef1-802a-b60a-e0bacf57ce08,"U.N. Fund For Arab Refugees Increases; Will Carry Well into October, Price Says",1949-08-13,"Israel/Palestine; ""The Nakba""/""refugees""; Sources of Funding; US; The Americas; Arab World; Islamic World; UN & League of Nations",images/0701-U.N.-Fund-For-Arab-Refugees-Increases-Will-Carry-Well-into-October-Price-Says-1.png
702,3acd6f94-3ef1-8066-890c-c60c040445ba,New Coup in Syria,1949-08-15,Syria; Arab World; Islamic World; Jordan; Israel/Palestine; Pan-Arabism,images/0702-New-Coup-in-Syria-1.png
703,3acd6f94-3ef1-80c9-a374-ff322032f380,Iraq to Get British Loan,1949-08-29,Iraq; England/UK; Western Intervention; Oil,images/0703-Iraq-to-Get-British-Loan-1.png
704,3acd6f94-3ef1-8000-8267-d492e9e978da,US Prepares Plan for Refugees,1949-08-12,"Israel/Palestine; US; The Americas; Western Intervention; Arab World; Islamic World; ""The Nakba""/""refugees""; Land for Peace",images/0704-US-Prepares-Plan-for-Refugees-1.png
705,3acd6f94-3ef1-80e7-a5c2-c16774232ec0,Israel to Resettle Arab Refugees Before Actual Accord is Signed,1949-08-06,"Israel/Palestine; Arab World; Islamic World; ""The Nakba""/""refugees""",images/0705-Israel-to-Resettle-Arab-Refugees-Before-Actual-Accord-is-Signed-1.png
706,3acd6f94-3ef1-8016-b386-d4c7b1955817,New Terms Needed by Palestine Body,1949-08-31,"Israel/Palestine; Arab World; Islamic World; Western Intervention; US; Intent in Israel/Palestine; ""The Nakba""/""refugees""",images/0706-New-Terms-Needed-by-Palestine-Body-1.png
707,3acd6f94-3ef1-80f6-99e9-e561dc399b21,Gain on Refugees Cheers Mid-East,1949-08-04,"Israel/Palestine; ""The Nakba""/""refugees""; Arab World; Islamic World",images/0707-Gain-on-Refugees-Cheers-Mid-East-1.png
708,3acd6f94-3ef1-8006-a2a7-e78399e15c71,Arabs to Consider Offer on Refugees,1949-08-03,"Israel/Palestine; ""The Nakba""/""refugees""; Arab World; Islamic World; Intent in Israel/Palestine",images/0708-Arabs-to-Consider-Offer-on-Refugees-1.png
709,3acd6f94-3ef1-8031-85bc-c99428d97b80,Egyptians Moving Refugees to Gaza,1949-08-21,"Israel/Palestine; Arab World; Islamic World; ""The Nakba""/""refugees""; Egypt",images/0709-Egyptians-Moving-Refugees-to-Gaza-1.png
710,3acd6f94-3ef1-80db-ac24-f120952fc404,Israel Expects Aid to Resettle Arabs,1949-08-05,"Israel/Palestine; Arab World; Islamic World; ""The Nakba""/""refugees""; Intent in Israel/Palestine",images/0710-Israel-Expects-Aid-to-Resettle-Arabs-1.png
711,3acd6f94-3ef1-80cf-a941-e087c14041f3,Arab States Seek Wide Israeli Area,1949-08-28,"Israel/Palestine; Arab World; Islamic World; Intent in Israel/Palestine; Land for Peace; ""The Nakba""/""refugees""",images/0711-Arab-States-Seek-Wide-Israeli-Area-1.png
712,3acd6f94-3ef1-8043-826e-cf1c59f25f6b,New Arab Organization,1949-08-28,"Israel/Palestine; Arab World; Islamic World; Intent in Israel/Palestine; Arab Higher Committee; Jordan; Mufti; ""The Nakba""/""refugees""",images/0712-New-Arab-Organization-1.png
713,3acd6f94-3ef1-80a0-b46f-ee5cf9bb5265,"U.N. Bids Israel, Arabs Continue Armistice and Ends Bunche Job",1949-08-12,"Israel/Palestine; Arab World; Islamic World; UN & League of Nations; US; Western Intervention; ""The Nakba""/""refugees""; Land for Peace",images/0713-U.N.-Bids-Israel-Arabs-Continue-Armistice-and-Ends-Bunche-Job-1.png
714,3acd6f94-3ef1-800c-acc6-fcfd5cb63da1,Egypt will Bar Israeli Flag,1949-08-29,Israel/Palestine; Egypt; Arab World; Islamic World; UN & League of Nations,images/0714-Egypt-will-Bar-Israeli-Flag-1.png
715,3acd6f94-3ef1-807a-93a0-d6f3f1dde208,Israel is Willing to Join in Jordan Development,1949-08-29,Israel/Palestine; Jordan; Arab World; Islamic World,images/0715-Israel-is-Willing-to-Join-in-Jordan-Development-1.png
716,3acd6f94-3ef1-809a-88c2-d21b75a491fe,Arabs Meet Israel in Lausanne Today,1949-08-16,Israel/Palestine; Arab World; Islamic World; Intent in Israel/Palestine,images/0716-Arabs-Meet-Israel-in-Lausanne-Today-1.png
717,3acd6f94-3ef1-808d-b904-e6644fc54d6c,Ex-Nazis to Start Papers in Bavaria,1949-08-25,Germany; Europe; Western Antisemitism; Nazis/Fascists,images/0717-Ex-Nazis-to-Start-Papers-in-Bavaria-1.png
718,3acd6f94-3ef1-80ba-84f3-c45eb5cae909,11 Seized in Damascus Bombing of Synagogue that Killed 12 Jews,1949-08-10,Syria; Arab World; Islamic World; Muslim Antisemitism; Education/Educators weaponized against Jews; Antizionism; Intent in Israel/Palestine,images/0718-11-Seized-in-Damascus-Bombing-of-Synagogue-that-Killed-12-Jews-1.png
719,3acd6f94-3ef1-8041-abda-e551fa3fbf21,"Syrian Synagogue Bombed, 6 Killed",1949-08-07,Syria; Islamic World; Arab World; Muslim Antisemitism; Terrorism; Israel/Palestine; Intent in Israel/Palestine; Muslim Brotherhood,images/0719-Syrian-Synagogue-Bombed-6-Killed-1.png
720,3acd6f94-3ef1-80e7-adff-c5d81ec7cdb9,Warning on Antisemitism,1949-08-29,Germany; Europe; Western Antisemitism; Nazis/Fascists,images/0720-Warning-on-Antisemitism-1.png
721,3acd6f94-3ef1-8020-844b-ee9943d897a0,Oil For Israel Barred,1949-08-28,Israel/Palestine; Oil; Saudi Arabia; Arab World; Islamic World; Muslim Antisemitism; The Americas; Western Antisemitism,images/0721-Oil-For-Israel-Barred-1.png
722,3acd6f94-3ef1-806c-ba1b-cc36d5ca6723,Poland Will Help Exodus of Jews,1949-08-25,Poland; Europe; Romania; Hungary; Antizionism; Western Antisemitism,images/0722-Poland-Will-Help-Exodus-of-Jews-1.png
723,3acd6f94-3ef1-80bc-bb69-c24045fe25f6,Egyptian Jews Freed,1949-08-02,Egypt; Israel/Palestine; Arab World; Islamic World; NGOs; Legal Restrictions against Jews; Muslim Antisemitism,images/0723-Egyptian-Jews-Freed-1.png
724,3acd6f94-3ef1-800a-88a5-daed0f21f69b,Germans Warned on Anti-Semitism,1949-08-12,Germany; Europe; Western Antisemitism; Pogroms; Nazis/Fascists; Holocaust,images/0724-Germans-Warned-on-Anti-Semitism-1.png
725,3acd6f94-3ef1-8014-acca-cd4ff9413718,Iraqi Head Warns of War on Israel,1963-08-29,Iraq; Arab World; Islamic World; Israel/Palestine; Intent in Israel/Palestine; Syria; Baathism,images/0725-Iraqi-Head-Warns-of-War-on-Israel-1.png
726,3acd6f94-3ef1-800a-8d45-da6b28d31e80,Hadassah Forms Medical Program,1964-08-17,Africa; Israel/Palestine; Jewish contributions/activism,images/0726-Hadassah-Forms-Medical-Program-1.png
727,3acd6f94-3ef1-80e2-a417-ec0f268a6ec8,‘Zionist Document’ Termed Fabricated,1964-08-17,US; The Americas; Western Antisemitism; Protocols; Antizionism,images/0727-Zionist-Document-Termed-Fabricated-1.png
728,3acd6f94-3ef1-80cb-b727-c9cfb3f9aa89,Germans Cool to Nazi Trials,1964-08-23,Germany; Nazis/Fascists; Holocaust; Europe; Western Antisemitism,images/0728-Germans-Cool-to-Nazi-Trials-1.png
729,3acd6f94-3ef1-8053-b2d0-e6bd9a8eb7e4,35 Flee Synagogue Fire,1964-08-31,US; The Americas; Western Antisemitism,images/0729-35-Flee-Synagogue-Fire-1.png
730,3acd6f94-3ef1-806b-9c7b-ec3d020c601c,U.S. Jews Urge Argentines to Condemn Anti-Semitism,1964-08-17,Argentina; The Americas; US; Western Antisemitism; Arab League; Arab World; Islamic World; Muslim Antisemitism,images/0730-U.S.-Jews-Urge-Argentines-to-Condemn-Anti-Semitism-1.png
731,3acd6f94-3ef1-8069-9164-e5cafee46b6b,Jewish Cemetery Found in Japan,1964-08-03,Jewish Culture Beliefs & Debates; Japan; Asia; Jewish history (relative to time of article),images/0731-Jewish-Cemetery-Found-in-Japan-1.png
732,3acd6f94-3ef1-80d3-94d5-d5192fd2f9fe,Argentina Talks of Ousting Arab,1964-08-09,"Israel/Palestine; Arab World; Arab League; Islamic World; Muslim Antisemitism; Western Antisemitism; Argentina; The Americas; accusation of ""Jewish Supremacy"" and/or Genocide; Antizionism",images/0732-Argentina-Talks-of-Ousting-Arab-1.png
733,3acd6f94-3ef1-80ac-98b8-e5aac1957dc2,A Setback for Nasser,1965-08-27,UAR; Egypt; Arab World; Islamic World; Africa; Yemen; Hashemites; Pan-Arabism; Scapegoating Israel; Israel/Palestine; Intent in Israel/Palestine,images/0733-A-Setback-for-Nasser-1.png
734,3acd6f94-3ef1-8084-a218-f1a5747b5794,Study Finds Fewer Hotels Refusing to Accept Jews,1965-08-06,US; The Americas; Western Antisemitism,images/0734-Study-Finds-Fewer-Hotels-Refusing-to-Accept-Jews-1.png
735,3acd6f94-3ef1-80c3-8bc9-e9afcc2752b6,Letter to the Editor: Import of Denazification,1965-08-31,Germany; Nazis/Fascists; Holocaust; Europe; Western Antisemitism; US; The Americas,images/0735-Letter-to-the-Editor-Import-of-Denazification-1.png
736,3acd6f94-3ef1-801b-9e4d-d2d72ea1e8b3,Protestant Leaders In Germany Urge Support of Vatican Draft on Jews,1965-08-08,Israel/Palestine; Arab World; Islamic World; Christianity & Churches; Western Antisemitism; Syria,images/0736-Protestant-Leaders-In-Germany-Urge-Support-of-Vatican-Draft-on-Jews-1.png
737,3acd6f94-3ef1-80b0-a74f-c2ecaf58263f,Briton to Be Tried on Charge He Set a Synagogue Afire,1965-08-14,England/UK; Europe; Western Antisemitism; Holy Sites; Nazis/Fascists,images/0737-Briton-to-Be-Tried-on-Charge-He-Set-a-Synagogue-Afire-1.png
738,3acd6f94-3ef1-805a-a955-c19524aaba5d,Syrian Tanks Clash With Israeli Force at Galilee Border,1965-08-13,Israel/Palestine; Syria; Arab World; Islamic World; Targeting of Civilians; Targeting of Children,images/0738-Syrian-Tanks-Clash-With-Israeli-Force-at-Galilee-Border-1.png
739,3acd6f94-3ef1-80f5-a105-f6cbcca448c6,Saboteurs Blow Up Pipeline in Israel,1965-08-28,Israel/Palestine; Terrorism; Arab World; Islamic World; Jordan; Syria; Intent in Israel/Palestine,images/0739-Saboteurs-Blow-Up-Pipeline-in-Israel-1.png
740,3acd6f94-3ef1-8050-b9dd-eeee48adb512,Cairo Dooms 7 Found Guilty of Plot to Kill Nasser,1966-08-22,UAR; Egypt; Islamic World; Arab World; Muslim Brotherhood,images/0740-Cairo-Dooms-7-Found-Guilty-of-Plot-to-Kill-Nasser-1.png
741,3acd6f94-3ef1-8008-a5e8-fb3df2dd92c7,49 More Sentenced As Plotters in Cairo,1966-08-23,UAR; Egypt; Arab World; Islamic World; Muslim Brotherhood,images/0741-49-More-Sentenced-As-Plotters-in-Cairo-1.png
742,3acd6f94-3ef1-80ff-8f38-df217f00d1ce,Infiltrators Killed By South Africans,1966-08-27,Terrorism; South Africa; UAR; Egypt; Islamic World; Arab World; USSR; Algeria,images/0742-Infiltrators-Killed-By-South-Africans-1.png
743,3acd6f94-3ef1-80b9-b36f-f0bf6af427d2,Iraqi Pilot in MIG-21 Defects to Israel,1966-08-17,Israel/Palestine; Iraq; Christianity & Churches; Arab World; Islamic World; Kurds,images/0743-Iraqi-Pilot-in-MIG-21-Defects-to-Israel-1.png
744,3acd6f94-3ef1-80d3-8bf0-da5e2aaa6505,Israel Display Chunks of MIG That Syria Reported Retrieved,1966-08-28,Israel/Palestine; Syria; Arab World; Islamic World; Lies about Israel,images/0744-Israel-Display-Chunks-of-MIG-That-Syria-Reported-Retrieved-1.png
745,3acd6f94-3ef1-80d3-96ce-cd2ab8eafb15,Israel Sets Display of Much of MIG-17 Downed in Battle,1966-08-27,Israel/Palestine; Syria; Arab World; Islamic World; Lies about Israel,images/0745-Israel-Sets-Display-of-Much-of-MIG-17-Downed-in-Battle-1.png
746,3acd6f94-3ef1-80d4-a1e1-d198d5d43080,Syria Vows Shift to the Offensive,1966-08-18,Syria; Israel/Palestine; Arab World; Islamic World; Lies about Israel,images/0746-Syria-Vows-Shift-to-the-Offensive-1.png
747,3acd6f94-3ef1-808b-a5a9-ef4661fc535e,Sale of Israeli Oranges In Hungary Vexes Egypt,1966-08-10,Hungary; Israel/Palestine; Egypt; UAR; Arab World; Islamic World; Antizionism,images/0747-Sale-of-Israeli-Oranges-In-Hungary-Vexes-Egypt-1.png
748,3acd6f94-3ef1-80ac-939c-e74d23fea5ad,U.N. Council Bars Censuring Israel,1966-08-04,UN & League of Nations; Syria; Arab World; Islamic World; Israel/Palestine,images/0748-U.N.-Council-Bars-Censuring-Israel-1.png
749,3acd6f94-3ef1-8034-bee7-da81296e43c6,Lebanese Denounce Cincinnati Players,1966-08-12,Israel/Palestine; Lebanon; Antizionism; Arab World; Islamic World,images/0749-Lebanese-Denounce-Cincinnati-Players-1.png
750,3acd6f94-3ef1-80df-b64f-df664a07e769,Israel Complains to U.N.,1966-08-28,Israel/Palestine; UN & League of Nations; Syria; Arab World; Islamic World; Intent in Israel/Palestine,images/0750-Israel-Complains-to-U.N.-1.png
751,3acd6f94-3ef1-8087-b4f8-d2fd7da090ba,White Power Has Ugly Side Too,1966-08-21,US; The Americas; Western Antisemitism; Nazis/Fascists; Antizionism; Dual Loyalty Trope,images/0751-White-Power-Has-Ugly-Side-Too-1.png
752,3acd6f94-3ef1-80e6-9891-eb3761984f45,"$36,000,000 Given to Jewish Appeal",1949-08-26,Sources of Funding; US; The Americas,images/0752-36-000-000-Given-to-Jewish-Appeal-1.png
753,3aad6f94-3ef1-807d-af55-db4ae7dd4279,250 Jews Reported Cairo Riot Victims,1948-08-15,Israel/Palestine; Egypt; Muslim Antisemitism; Pogroms; Arab World; Islamic World; Antizionism; Lies about Israel,images/0753-250-Jews-Reported-Cairo-Riot-Victims-1.png
754,3aad6f94-3ef1-80da-80aa-cd1bb4b42b6b,El-Husseini Warns on Aid to Zionists,1948-08-15,Israel/Palestine; Arab World; Islamic World; Arab Higher Committee; Intent in Israel/Palestine; Arab League,images/0754-El-Husseini-Warns-on-Aid-to-Zionists-1.png
755,3aad6f94-3ef1-806a-bb63-dbf0c4dc9ee4,Egyptians Reject Direct Peace Talks,1948-08-07,Egypt; Israel/Palestine; Arab World; Islamic World; Intent in Israel/Palestine,images/0755-Egyptians-Reject-Direct-Peace-Talks-1.png
756,3aad6f94-3ef1-8081-9aa9-e861ddc827d8,Israel Asks Arabs For Direct Talk,1948-08-06,"Israel/Palestine; Arab World; Islamic World; ""The Nakba""/""refugees""; Blockade/Siege/Targeting of Food & Water; Targeting of Civilians",images/0756-Israel-Asks-Arabs-For-Direct-Talk-1.png
757,3aad6f94-3ef1-80fd-8bff-ee60c129659b,U.S. To Back Israel as U.N. Member at Paris Meeting,1948-08-09,Israel/Palestine; US; The Americas; Intent in Israel/Palestine,images/0757-U.S.-To-Back-Israel-as-U.N.-Member-at-Paris-Meeting-1.png
758,3aad6f94-3ef1-80d2-a8c1-edd8b8f5ce98,Palestine Stalemate - I,1948-08-10,Israel/Palestine; Arab World; Islamic World; Intent in Israel/Palestine,images/0758-Palestine-Stalemate---I-1.png
759,3aad6f94-3ef1-802d-822c-dcad4bedea64,Jerusalem Repels Egyptian Attack,1948-08-26,Israel/Palestine; Arab World; Islamic World; Egypt; Ceasefire Violations,images/0759-Jerusalem-Repels-Egyptian-Attack-1.png
760,3aad6f94-3ef1-80b5-9ef3-cb2320483d2f,Aim to Oust Jews Pledged by Sheikh,1948-08-02,Israel/Palestine; Intent in Israel/Palestine; Muslim Brotherhood; Egypt; Arab World; Islamic World,images/0760-Aim-to-Oust-Jews-Pledged-by-Sheikh-1.png
761,3aad6f94-3ef1-803a-b9b5-da2f7c8ec33e,Circassians Join Israeli Army,1948-08-16,Israel/Palestine,images/0761-Circassians-Join-Israeli-Army-1.png
762,3aad6f94-3ef1-80a0-9229-f53b82cc63fa,More Department Stores Bombed in Cairo,1948-08-02,Egypt; Arab World; Islamic World; Terrorism; Muslim Antisemitism,images/0762-More-Department-Stores-Bombed-in-Cairo-1.png
763,3aad6f94-3ef1-80bf-bdc9-de7a3fc50d81,Israel Fears War Over Truce Abuses,1948-08-03,Israel/Palestine; Arab World; Islamic World; Intent in Israel/Palestine; Ceasefire Violations; Pogroms; Muslim Antisemitism; Bahrain; Syria; Iraq; Morocco,images/0763-Israel-Fears-War-Over-Truce-Abuses-1.png
764,3aad6f94-3ef1-8039-9567-c42e52d996a5,41 Jailed in Anti-Jewish Riot,1948-08-24,Czechoslovakia; Europe; Western Antisemitism; Pogroms,images/0764-41-Jailed-in-Anti-Jewish-Riot-1.png
765,3aad6f94-3ef1-8090-afa6-fe78dadf68cf,Food Clash Starts Riot,1948-08-23,Czechoslovakia; Europe; Western Antisemitism; Pogroms,images/0765-Food-Clash-Starts-Riot-1.png
766,3aad6f94-3ef1-80c8-a98f-d3f807a0266b,A Hospital Plane for the State of Israel,1948-08-13,Israel/Palestine; Jewish contributions/activism,images/0766-A-Hospital-Plane-for-the-State-of-Israel-1.png
767,3aad6f94-3ef1-800b-929e-d7988543e762,"1,000 Jews Reported Detained",1948-08-24,Egypt; Arab World; Islamic World; Muslim Antisemitism; Legal Restrictions against Jews; Antizionism; Terrorism; Theft of Jewish property,images/0767-1-000-Jews-Reported-Detained-1.png
768,3aad6f94-3ef1-80fc-8d7f-f6ea7a5f8d91,Jews Protest To Bolivia,1948-08-28,Bolivia; The Americas; Western Antisemitism; Legal Restrictions against Jews,images/0768-Jews-Protest-To-Bolivia-1.png
769,3aad6f94-3ef1-801d-884d-fb2b545e5f60,Holy City Fight on As Zionists Balk,1948-08-14,Israel/Palestine; Arab World; Islamic World; UN & League of Nations; Ceasefire Violations; Intent in Israel/Palestine,images/0769-Holy-City-Fight-on-As-Zionists-Balk-1.png
770,3aad6f94-3ef1-809b-8d91-c2705085a607,Zionist Truce Hopes Wane,1948-08-14,Israel/Palestine; Intent in Israel/Palestine; Terrorism; Blockade/Siege/Targeting of Food & Water; Arab World; Islamic World; UN & League of Nations; Holy Sites,images/0770-Zionist-Truce-Hopes-Wane-1.png
771,3aad6f94-3ef1-80af-a658-e7869de8ece4,Jerusalem Worker Killed,1948-08-13,Israel/Palestine; Arab World; Islamic World; Jordan; Targeting of Civilians; Ceasefire Violations; UN & League of Nations,images/0771-Jerusalem-Worker-Killed-1.png
772,3aad6f94-3ef1-8085-80bd-d4992df8d9a8,12 Violations Laid to Arab,1948-08-10,Israel/Palestine; Arab World; Islamic World; Ceasefire Violations,images/0772-12-Violations-Laid-to-Arab-1.png
773,3aad6f94-3ef1-80ee-9443-daa7fcdcd555,Resumption of War Urged,1948-08-01,Israel/Palestine; Arab World; Islamic World; Intent in Israel/Palestine; Arab Higher Committee; Mufti,images/0773-Resumption-of-War-Urged-1.png
774,3aad6f94-3ef1-80a6-828f-e763f17f0a0f,Palestinian Arab For Federal Rule,1948-08-08,Israel/Palestine; Arab World; Islamic World; Arab Higher Committee; Pan-Arabism; Intent in Israel/Palestine,images/0774-Palestinian-Arab-For-Federal-Rule-1.png
775,3aad6f94-3ef1-80ef-b7d7-c34feec8bd1f,Israel Again Asks Talks with Arabs,1948-08-23,Intent in Israel/Palestine; Israel/Palestine; Arab World; Islamic World; UN & League of Nations; Egypt; Jordan; Hashemites,images/0775-Israel-Again-Asks-Talks-with-Arabs-1.png
776,3aad6f94-3ef1-80f2-9ffb-dadbd69b211e,Israel Protests Killings,1948-08-24,Israel/Palestine; Arab World; Islamic World,images/0776-Israel-Protests-Killings-1.png
777,3aad6f94-3ef1-80dc-984e-c3509e002e25,Israel Proposes Peace,1948-08-06,Israel/Palestine; Intent in Israel/Palestine; Arab World; Islamic World; Hashemites; Jordan,images/0777-Israel-Proposes-Peace-1.png
778,3aad6f94-3ef1-8029-a019-f9d5e12112cb,Arabs Said to Press for War,1948-08-27,Israel/Palestine; Intent in Israel/Palestine; Arab World; Islamic World,images/0778-Arabs-Said-to-Press-for-War-1.png
779,3aad6f94-3ef1-8066-be25-e7728759de46,Britain is Opposed to Israel U.N. Bid,1948-08-22,Israel/Palestine; UN & League of Nations; England/UK; Western Intervention,images/0779-Britain-is-Opposed-to-Israel-U.N.-Bid-1.png
780,3aad6f94-3ef1-805e-a9b6-c68085aad322,Israel Says Arabs Wage New Attack Around Jerusalem,1948-08-16,Israel/Palestine; Islamic World; Arab World; Ceasefire Violations; Egypt,images/0780-Israel-Says-Arabs-Wage-New-Attack-Around-Jerusalem-1.png
781,3aad6f94-3ef1-806f-8a42-dd3eb6509435,Ancient Samaritan Synagogue Near Latrun Is Discovered by Israeli Trench Diggers,1948-08-14,Israel/Palestine; Samaritans; Jewish history (relative to time of article),images/0781-Ancient-Samaritan-Synagogue-Near-Latrun-Is-Discovered-by-Israeli-Trench-Diggers-1.png
782,3aad6f94-3ef1-80b4-af06-e12fd4a65a18,Bars Repatriation Now,1948-08-02,"""The Nakba""/""refugees""; Islamic World; Arab World; Israel/Palestine; Intent in Israel/Palestine",images/0782-Bars-Repatriation-Now-1.png
783,3aad6f94-3ef1-800c-92e8-eccedaa1173f,Arab Refugee Case Placed Before U.N.,1948-08-06,"Israel/Palestine; ""The Nakba""/""refugees""; Arab World; Islamic World; Intent in Israel/Palestine",images/0783-Arab-Refugee-Case-Placed-Before-U.N.-1.png
784,3aad6f94-3ef1-8059-932f-e3a21ad942b8,Two Arab Armies Merge,1948-08-24,Israel/Palestine; Arab World; Islamic World; Pan-Arabism; Jordan; Iraq; Hashemites,images/0784-Two-Arab-Armies-Merge-1.png
785,3aad6f94-3ef1-80ac-a079-e38084c08042,IRO Shuns Problem of Arab Refugees,1948-08-10,"Israel/Palestine; ""The Nakba""/""refugees""; Arab World; Islamic World; UN & League of Nations; UNRWA",images/0785-IRO-Shuns-Problem-of-Arab-Refugees-1.png
786,3aad6f94-3ef1-800b-87df-d48243bb117b,British Offer Aid to Arab Refugees,1948-08-03,"Israel/Palestine; Arab World; Islamic World; ""The Nakba""/""refugees""",images/0786-British-Offer-Aid-to-Arab-Refugees-1.png
787,3aad6f94-3ef1-80ce-af84-c623dcbc963c,293 Arab Breaches Alleged,1948-08-18,Israel/Palestine; Arab World; Islamic World; Ceasefire Violations,images/0787-293-Arab-Breaches-Alleged-1.png
788,3aad6f94-3ef1-80e0-9ee7-c279d6b95cd9,Fifty-Two Arab Violations Listed,1948-08-27,Israel/Palestine; Arab World; Islamic World; Ceasefire Violations,images/0788-Fifty-Two-Arab-Violations-Listed-1.png
789,3aad6f94-3ef1-8024-b259-e2c0076a99d6,Glubb Pasha in London,1948-08-16,England/UK; Western Intervention; Jordan; Sources of Funding; Arab World; Islamic World,images/0789-Glubb-Pasha-in-London-1.png
790,3aad6f94-3ef1-80af-b77d-ca72a0f7938b,Withdrawal Canceled,1948-08-13,Israel/Palestine; Arab World; Islamic World; Terrorism; Ceasefire Violations; Blockade/Siege/Targeting of Food & Water,images/0790-Withdrawal-Canceled-1.png
791,3aad6f94-3ef1-808a-91fb-d707876ab9ac,Israel Rapidly Gaining Unity and Confidence,1948-08-08,"Intent in Israel/Palestine; ""The Nakba""/""refugees""; Israel/Palestine; Arab World; Islamic World",images/0791-Israel-Rapidly-Gaining-Unity-and-Confidence-1.png
792,3aad6f94-3ef1-8063-a727-de8206639c73,Jerusalem Getting Water,1948-08-15,Israel/Palestine; Arab World; Islamic World; Terrorism; Targeting of Civilians; Blockade/Siege/Targeting of Food & Water,images/0792-Jerusalem-Getting-Water-1.png
793,3aad6f94-3ef1-8087-87fd-c45154cfa91f,Blast Laid to Arabs Razes Pumping Station At Latrun,1948-08-13,Israel/Palestine; Arab World; Islamic World; Terrorism; Targeting of Civilians; Intent in Israel/Palestine; Ceasefire Violations; Blockade/Siege/Targeting of Food & Water,images/0793-Blast-Laid-to-Arabs-Razes-Pumping-Station-At-Latrun-1.png
794,3aad6f94-3ef1-80b4-a539-c4b819b46a9e,Communal Losses By Jews Surveyed,1947-08-09,Holocaust; Nazis/Fascists; Western Antisemitism; Europe; Theft of Jewish property,images/0794-Communal-Losses-By-Jews-Surveyed-1.png
795,3aad6f94-3ef1-804e-9443-e7a15fb8f5a6,"Synagogue, Jewish Shops in Liverpool Are Attacked",1947-08-02,England/UK; Europe; Western Antisemitism; Pogroms,images/0795-Synagogue-Jewish-Shops-in-Liverpool-Are-Attacked-1.png
796,3aad6f94-3ef1-8094-b172-e9f4ed25f330,British Violence Hit,1947-08-09,England/UK; Europe; Western Antisemitism; Antizionism,images/0796-British-Violence-Hit-1.png
797,3aad6f94-3ef1-8004-9bcf-db7635f96375,Britons Continue Anti-Jewish Riots,1947-08-04,England/UK; Europe; Western Antisemitism; Pogroms,images/0797-Britons-Continue-Anti-Jewish-Riots-1.png
798,3aad6f94-3ef1-8071-8dfe-c0486a4dbcec,Anti-Jewish Acts Recur in Britain,1947-08-06,England/UK; Western Antisemitism; Europe; Israel/Palestine; Theft of Jewish property,images/0798-Anti-Jewish-Acts-Recur-in-Britain-1.png
799,3aad6f94-3ef1-8006-b652-db82a04d167e,Anti-Semitic Acts Spread in England,1947-08-03,England/UK; Europe; Western Antisemitism; Pogroms; Palestinian Identity,images/0799-Anti-Semitic-Acts-Spread-in-England-1.png
800,3aad6f94-3ef1-80da-a189-cc019703f493,Arabs Bomb Arab’s Shop,1947-08-27,Israel/Palestine; Islamic World; Arab World; Terrorism,images/0800-Arabs-Bomb-Arab-s-Shop-1.png
801,3aad6f94-3ef1-80ee-b448-e89d130926a0,Slaughtermen in Protest,1947-08-03,Western Antisemitism; Europe; England/UK; Nazis/Fascists,images/0801-Slaughtermen-in-Protest-1.png
802,3aad6f94-3ef1-800b-b470-e6d2c010bc33,Mob Attacks on Jews in Britain Continue; Liverpool Police Active to Halt Outbreaks,1947-08-05,England/UK; Western Antisemitism; Europe; Antizionism,images/0802-Mob-Attacks-on-Jews-in-Britain-Continue-Liverpool-Police-Active-to-Halt-Outbreak-1.png
803,3aad6f94-3ef1-8076-9afe-dbe4a26ec643,Zionists Announce War on Terrorism,1947-08-05,Political Zionism; Terrorism; Israel/Palestine; Arab World; Islamic World; England/UK; Western Intervention,images/0803-Zionists-Announce-War-on-Terrorism-1.png
804,3aad6f94-3ef1-80c7-9dbe-ff4cc2a27c7e,Palestine Jewry Tightens Defense,1947-08-12,Israel/Palestine; Arab World; Islamic World; Terrorism; Intent in Israel/Palestine,images/0804-Palestine-Jewry-Tightens-Defense-1.png
805,3aad6f94-3ef1-80df-af3d-d6e486886585,Arab Influx Threatened,1947-08-25,Israel/Palestine; Arab World; Islamic World; Arab Higher Committee; Legal Restrictions against Jews,images/0805-Arab-Influx-Threatened-1.png
806,3aad6f94-3ef1-80c2-bd8a-ff635b09613c,The Palestine Problem,1947-08-31,England/UK; Western Intervention; Israel/Palestine; Oil; Iraq,images/0806-The-Palestine-Problem-1.png; images/0806-The-Palestine-Problem-2.png
807,3aad6f94-3ef1-80ee-9364-ea0635948afe,Irgun Condemned by Zionist Chiefs,1947-08-17,Israel/Palestine; Terrorism; Political Zionism,images/0807-Irgun-Condemned-by-Zionist-Chiefs-1.png
808,3aad6f94-3ef1-801f-abf6-d5e8e2ec837b,Curb on Jews Seen,1947-08-17,Ausralia; Western Antisemitism; Asia,images/0808-Curb-on-Jews-Seen-1.png
809,3aad6f94-3ef1-80de-ac4d-ec9482686cd8,Arson attempt Fails,1947-08-03,Zimbabwe; Africa; Western Antisemitism,images/0809-Arson-attempt-Fails-1.png
810,3aad6f94-3ef1-80ed-b5f3-d0d196bf873c,Hebrew Papers Banned,1947-08-20,England/UK; Western Intervention; Israel/Palestine; Hebrew,images/0810-Hebrew-Papers-Banned-1.png
811,3aad6f94-3ef1-803f-b829-ed4cb0167cc3,U.S. Press Barred At DP Camp Survey,1947-08-10,Germany; Western Antisemitism; Europe; Targeting of Children,images/0811-U.S.-Press-Barred-At-DP-Camp-Survey-1.png
812,3aad6f94-3ef1-80a5-a587-f2c25d7b8cde,Anti-Semitism Reported,1947-08-01,Germany; Europe; Western Antisemitism,images/0812-Anti-Semitism-Reported-1.png
813,3aad6f94-3ef1-8012-96fa-ca144fadb97b,Bus Attack Kills Jew in Palestine,1947-08-20,Israel/Palestine; Arab World; Islamic World; Terrorism,images/0813-Bus-Attack-Kills-Jew-in-Palestine-1.png
814,3aad6f94-3ef1-8043-826f-e6a673d548e3,Germans Anti-Semitic,1947-08-05,Germany; Western Antisemitism; Europe; US; The Americas,images/0814-Germans-Anti-Semitic-1.png
815,3aad6f94-3ef1-80f3-b68b-dde060ca4b6f,Zionists Stiffen Anti-Terror Stand,1947-08-02,Israel/Palestine; Arab World; Islamic World; Terrorism; Intent in Israel/Palestine,images/0815-Zionists-Stiffen-Anti-Terror-Stand-1.png
816,3aad6f94-3ef1-8024-9c3c-d0f93de1ea5e,"$39,835,756 Spent by United Palestine Fund For Aid to Refugees and Work in Holy Land",1947-08-28,Israel/Palestine; Sources of Funding,images/0816-39-835-756-Spent-by-United-Palestine-Fund-For-Aid-to-Refugees-and-Work-in-Holy-1.png
817,3aad6f94-3ef1-804b-9258-fd91190b0922,Arab Threatens Strife,1947-08-31,UN & League of Nations; Intent in Israel/Palestine; Arab World; Islamic World; Arab League,images/0817-Arab-Threatens-Strife-1.png
818,3aad6f94-3ef1-8025-bd24-cb515d7e9d85,Mufti Instructs Arab Troops,1947-08-09,Mufti; Islamic World; Israel/Palestine; Arab World,images/0818-Mufti-Instructs-Arab-Troops-1.png
819,3aad6f94-3ef1-8097-9943-f0bd5072953e,Cafe Assailants First Routed,1947-08-11,Israel/Palestine; Terrorism; Islamic World; Arab World,images/0819-Cafe-Assailants-First-Routed-1.png
820,3aad6f94-3ef1-8041-9d72-cd76103b7550,Zionists Condemn Plan on Palestine,1946-08-06,Israel/Palestine; Arab League; Arab World; Islamic World; Mufti,images/0820-Zionists-Condemn-Plan-on-Palestine-1.png
821,3aad6f94-3ef1-8025-af30-e1d25298e8bc,"U.S. Shuns Stand on Partition Of Palestine, British Report",1946-08-16,US; England/UK; The Americas; Europe; Israel/Palestine; Mufti,images/0821-U.S.-Shuns-Stand-on-Partition-Of-Palestine-British-Report-1.png
822,3aad6f94-3ef1-8027-9d0b-dc2d1af8d729,Bid for Mufti to Parley in London Demanded by Palestine Arab Bloc,1946-08-26,Mufti; Arab World; Israel/Palestine; Islamic World; Nazis/Fascists; Pan-Arabism,images/0822-Bid-for-Mufti-to-Parley-in-London-Demanded-by-Palestine-Arab-Bloc-1.png
823,3aad6f94-3ef1-8074-867e-cf26781e6797,Arab Aim to Force Terms on Parley is Told by Leader,1946-08-05,Arab World; Islamic World; Muslim Antisemitism; Arab League; Intent in Israel/Palestine; Israel/Palestine,images/0823-Arab-Aim-to-Force-Terms-on-Parley-is-Told-by-Leader-1.png
824,3aad6f94-3ef1-80e5-9d9a-c33ce440a6be,Jewish Morale Sinking in Europe,1946-08-18,Europe; Western Antisemitism; Poland; Sources of Funding; Ethnic Cleansing,images/0824-Jewish-Morale-Sinking-in-Europe-1.png
825,3aad6f94-3ef1-803d-858d-d2860bf3dbe9,Mufti Will Resume Activities in Egypt,1946-08-05,Mufti; Arab World; Islamic World; Egypt,images/0825-Mufti-Will-Resume-Activities-in-Egypt-1.png
826,3aad6f94-3ef1-808f-b793-fab67c0ec585,Arab Acceptance of Parley Implied,1946-08-13,Arab World; Islamic World; Arab Higher Committee; Mufti,images/0826-Arab-Acceptance-of-Parley-Implied-1.png
827,3aad6f94-3ef1-80fb-908a-c54b4870affb,Wailing Wall Rite Curbed; Easing of Curfew Denied,1946-08-06,Israel/Palestine; Holy Sites; Jewish Culture Beliefs & Debates; Legal Restrictions against Jews,images/0827-Wailing-Wall-Rite-Curbed-Easing-of-Curfew-Denied-1.png
828,3aad6f94-3ef1-8059-9929-c0eb0f529e70,"British Battle Jews, Kill 3 in Haifa Riot as Refugees are sent to Cyprus Camps",1946-08-14,Israel/Palestine; England/UK; Western Intervention; Palestinian Identity,images/0828-British-Battle-Jews-Kill-3-in-Haifa-Riot-as-Refugees-are-sent-to-Cyprus-Camps-1.png
829,3aad6f94-3ef1-80e3-a290-ee7a618d7d6e,Grand Mufti Visited by Arab Ministers,1946-08-16,Israel/Palestine; Arab World; Islamic World; Mufti,images/0829-Grand-Mufti-Visited-by-Arab-Ministers-1.png
830,3aad6f94-3ef1-8045-bf24-cf50b02f1b16,Arabs to Ask British for a Bid to Mufti,1946-08-24,Mufti; Israel/Palestine; Arab World; Islamic World; Arab Higher Committee,images/0830-Arabs-to-Ask-British-for-a-Bid-to-Mufti-1.png
831,3aad6f94-3ef1-8007-afc1-de3d31f95b01,Palestine Agency May Widen Ranks,1946-08-22,Israel/Palestine; Mufti; England/UK; Western Intervention; Nazis/Fascists,images/0831-Palestine-Agency-May-Widen-Ranks-1.png
832,3aad6f94-3ef1-80af-91df-d97f45f4140b,Klan Incident Verified,1946-08-14,KKK; US; The Americas; Western Antisemitism,images/0832-Klan-Incident-Verified-1.png
833,3aad6f94-3ef1-80d0-a364-f5e6a6766678,"100,000 More Jews Seen Fleeing Poland",1946-08-04,Poland; Europe; Western Antisemitism; Pogroms,images/0833-100-000-More-Jews-Seen-Fleeing-Poland-1.png
834,3aad6f94-3ef1-8096-a526-c64688f9f096,Two Hungarian Jews Killed by Workings,1946-08-02,Europe; Western Antisemitism; Hungary; Pogroms,images/0834-Two-Hungarian-Jews-Killed-by-Workings-1.png
835,3aad6f94-3ef1-8026-bb5f-fcb9b7c1ab4b,"$5,000,000 Gift Cabled to Palestine Zionists",1946-08-29,Israel/Palestine; Sources of Funding,images/0835-5-000-000-Gift-Cabled-to-Palestine-Zionists-1.png
836,3aad6f94-3ef1-808d-9ea2-e9862c3931af,Doubles Land Holdings,1945-08-30,Political Zionism; Land purchases in Israel/Palestine; Israel/Palestine; Sources of Funding,images/0836-Doubles-Land-Holdings-1.png
837,3aad6f94-3ef1-800a-a36d-f8a5a274b524,Polish Jews Decimated,1945-08-26,Poland; Holocaust; Europe; Western Antisemitism; Pogroms,images/0837-Polish-Jews-Decimated-1.png
838,3aad6f94-3ef1-8018-a041-d908976f5ed9,Allies’ Reich Policy Hits Remaining Jews,1945-08-14,Nazis/Fascists; Germany; Europe; Western Antisemitism,images/0838-Allies-Reich-Policy-Hits-Remaining-Jews-1.png
839,3aad6f94-3ef1-8085-96da-ea3fc557c40e,Arab League Aid Quotes Roosevelt,1945-08-20,Arab World; Arab League; Islamic World; Lies about Israel,images/0839-Arab-League-Aid-Quotes-Roosevelt-1.png
840,3aad6f94-3ef1-8062-9356-fcfc56694671,Pogroms in Poland Reported Occuring,1945-08-21,Poland; Pogroms; Europe; Western Antisemitism; Holocaust,images/0840-Pogroms-in-Poland-Reported-Occuring-1.png
841,3aad6f94-3ef1-80a9-a72e-f1f074df8c65,Zionists Challenge Roosevelt Story,1945-08-28,US; The Americas; Political Zionism; Arab World; Islamic World,images/0841-Zionists-Challenge-Roosevelt-Story-1.png
842,3aad6f94-3ef1-8081-9c7e-e8eff56fce33,"Zionists Appeal for Aid to 1,000,000",1945-08-14,Political Zionism; Sources of Funding; Arab World; Islamic World; Muslim Antisemitism; Morocco; Africa,images/0842-Zionists-Appeal-for-Aid-to-1-000-000-1.png
843,3aad6f94-3ef1-8034-b806-e5e7bd86c2bf,Gillette Heads Palestine League,1945-08-02,Israel/Palestine; Judean origins/Jewish indigeneity,images/0843-Gillette-Heads-Palestine-League-1.png
844,3aad6f94-3ef1-8074-9a63-e402d86624e9,Arab Chiefs Cable Warning to Attlee,1945-08-03,Mufti; Jordan; Hashemites; Land purchases in Israel/Palestine,images/0844-Arab-Chiefs-Cable-Warning-to-Attlee-1.png
845,3aad6f94-3ef1-8035-865b-e1e9629d3880,Nazi Jewish Files Found,1945-08-21,"Germany; Holocaust; Nazis/Fascists; Europe; Western Antisemitism; ""Jewish Question""",images/0845-Nazi-Jewish-Files-Found-1.png
846,3aad6f94-3ef1-809a-bd4c-faa40e659e27,Truman Discloses Plea on Palestine,1945-08-17,US; The Americas; Palestinian Identity; Political Zionism,images/0846-Truman-Discloses-Plea-on-Palestine-1.png
847,3aad6f94-3ef1-8020-a936-c20182eed1c7,Jewish Children Out of Nazi Camps,1945-08-24,Holocaust; Targeting of Children; Europe; Western Antisemitism,images/0847-Jewish-Children-Out-of-Nazi-Camps-1.png
848,3aad6f94-3ef1-8018-b201-d5e1d8deb3e4,Plan is Offered For War Trials,1944-08-29,Holocaust; Europe; Western Antisemitism; Jewish contributions/activism,images/0848-Plan-is-Offered-For-War-Trials-1.png
849,3aad6f94-3ef1-80e7-bdd7-d87e6db574b3,Anti-Jewish Laws Eased,1944-08-23,Bulgaria; Europe; Western Antisemitism; Legal Restrictions against Jews,images/0849-Anti-Jewish-Laws-Eased-1.png
850,3aad6f94-3ef1-80dd-b719-d6bcf7aa436f,Turkey Praises Zionists’ Bond Aid,1944-08-01,Political Zionism; Sources of Funding,images/0850-Turkey-Praises-Zionists-Bond-Aid-1.png
851,3aad6f94-3ef1-80da-beb7-f6abaf948a12,Turkish Refugee Ship Sinks,1944-08-07,Turkey; Holocaust,images/0851-Turkish-Refugee-Ship-Sinks-1.png
852,3aad6f94-3ef1-803c-8f4a-cd52b10dd50c,Arabs Map Unity on Federal Basis,1944-08-13,Israel/Palestine; Arab World; Islamic World; Greater Syria; Pan-Arabism; Intent in Israel/Palestine,images/0852-Arabs-Map-Unity-on-Federal-Basis-1.png
853,3aad6f94-3ef1-8035-82f8-fdfb2c03fb1c,"Report Bares Fate of 8,300,000 Jews",1943-08-27,Holocaust; Europe; Western Antisemitism; Germany; Poland; Russia; USSR; Lithuania; Jewish history (relative to time of article); Romania; Austria; Yugoslavia; Greece; Belgium; Holland; France; Czechoslovakia; Norway; Estonia,images/0853-Report-Bares-Fate-of-8-300-000-Jews-1.png; images/0853-Report-Bares-Fate-of-8-300-000-Jews-2.png
854,3aad6f94-3ef1-8021-b1db-dc2ab0fa42a9,The Nature of the Enemy,1943-08-28,Nazis/Fascists; Holocaust; Europe; Western Antisemitism,images/0854-The-Nature-of-the-Enemy-1.png
855,3aad6f94-3ef1-8078-bb18-c426c5285b3e,Jews of Algeria May Regain Rights,1943-08-02,Algeria; Africa; Arab World; Islamic World; Legal Restrictions against Jews; France,images/0855-Jews-of-Algeria-May-Regain-Rights-1.png
856,3aad6f94-3ef1-8053-b905-c04301068a84,Palestinians Aid RAF,1943-08-01,Israel/Palestine; Jewish contributions/activism; Palestinian Identity,images/0856-Palestinians-Aid-RAF-1.png
857,3aad6f94-3ef1-80ca-8384-d1dec9566a46,Palestine Faces Clash After War,1943-08-01,Israel/Palestine; Arab World; Islamic World; Nazis/Fascists,images/0857-Palestine-Faces-Clash-After-War-1.png
858,3aad6f94-3ef1-80df-90d1-e91ba341f1c2,Deliberate Nazi Murder Policy is Bared by Allied Official Body,1943-08-27,Nazis/Fascists; Holocaust; Europe; Western Antisemitism; Poland; Belgium; Czechoslovakia; France,images/0858-Deliberate-Nazi-Murder-Policy-is-Bared-by-Allied-Official-Body-1.png
859,3aad6f94-3ef1-8018-9d56-f43fe2093fd0,"2,000,000 Murders by Nazis Charged",1943-08-08,Holocaust; Nazis/Fascists; Europe; Western Antisemitism; Targeting of Children,images/0859-2-000-000-Murders-by-Nazis-Charged-1.png
860,3aad6f94-3ef1-8068-ac59-f2adc6988647,Pan-Arab Congress Expected to Be Held,1943-08-08,Pan-Arabism; Arab World; Islamic World; Egypt; Iraq,images/0860-Pan-Arab-Congress-Expected-to-Be-Held-1.png
861,3aad6f94-3ef1-80b6-9a20-d2013f16f6b5,"$9,285,000 Spent in Jewish Relief",1942-08-04,Sources of Funding; Europe; The Americas; Africa; Arab World,images/0861-9-285-000-Spent-in-Jewish-Relief-1.png
862,3aad6f94-3ef1-80e7-a70b-eba2797cd57d,Jews in Palestine Endorse Army Move,1942-08-10,Israel/Palestine; Jewish contributions/activism; Arab World; Islamic World,images/0862-Jews-in-Palestine-Endorse-Army-Move-1.png
863,3aad6f94-3ef1-804b-8fb5-fd1de12d2bc4,Attack Argentine Jewish Group,1942-08-27,Argentina; Western Antisemitism; The Americas,images/0863-Attack-Argentine-Jewish-Group-1.png
864,3aad6f94-3ef1-8007-886a-f5d3982ca1ff,Yugoslavs Seize Two More Towns,1942-08-07,Holocaust; Europe; Nazis/Fascists,images/0864-Yugoslavs-Seize-Two-More-Towns-1.png
865,3aad6f94-3ef1-80cc-a8a7-d12d9b3218ad,"$100,000 to Palestine",1942-08-19,Israel/Palestine; Sources of Funding,images/0865-100-000-to-Palestine-1.png
866,3aad6f94-3ef1-8044-a607-f79c27b700d2,"25,000 Jews Reported Held in South France for Deportation by the Nazis to the East",1942-08-28,France; Europe; Western Antisemitism; Holocaust; Jews as aliens/foreigners; Germany,images/0866-25-000-Jews-Reported-Held-in-South-France-for-Deportation-by-the-Nazis-to-the-Ea-1.png
867,3aad6f94-3ef1-80a1-8fbf-f36c062ada6d,British will Form Palestine Force,1942-08-07,Israel/Palestine; England/UK; Arab World; Islamic World; Jewish contributions/activism,images/0867-British-will-Form-Palestine-Force-1.png
868,3aad6f94-3ef1-8091-9af1-d4a28d325642,Hitler Front Laid to ‘America First’,1941-08-29,US; The Americas; Western Antisemitism; Nazis/Fascists,images/0868-Hitler-Front-Laid-to-America-First-1.png
869,3aad6f94-3ef1-8040-ba57-e9b8865047be,Japanese See Jewish Plot,1941-08-16,"Japan; accusation of ""Jewish Supremacy"" and/or Genocide; Western Antisemitism; Asia; Nazis/Fascists; Jewish Puppet Master Trope",images/0869-Japanese-See-Jewish-Plot-1.png
870,3aad6f94-3ef1-8098-840c-cecd5611936d,To Study Algerian Jewish Issue,1941-08-15,Algeria; France; Nazis/Fascists; Legal Restrictions against Jews; Western Antisemitism; Arab World; Africa,images/0870-To-Study-Algerian-Jewish-Issue-1.png
871,3aad6f94-3ef1-808e-bc38-c46d863af36d,Nazis Again Denounce Jews,1941-08-22,Nazis/Fascists; Western Antisemitism; Germany; Political Zionism; Israel/Palestine,images/0871-Nazis-Again-Denounce-Jews-1.png
872,3aad6f94-3ef1-80a9-a3dc-f73a69e2d175,Jews Face Confiscation,1941-08-24,France; Europe; Western Antisemitism; Nazis/Fascists; Theft of Jewish property,images/0872-Jews-Face-Confiscation-1.png
873,3aad6f94-3ef1-80d4-b437-fc55a28726ef,Arrests Continue - All Taken are Termed Jews - Railway Sabotage Brings Appeal For Workers Not to Oppose Germany,1941-08-22,France; Nazis/Fascists; Europe; Western Antisemitism,images/0873-Arrests-Continue---All-Taken-are-Termed-Jews---Railway-Sabotage-Brings-Appeal-Fo-1.png
874,3aad6f94-3ef1-8051-988b-e7a7e8c5dec4,"150,000 Deprived of Liberty",1941-08-22,France; Europe; Western Antisemitism; Nazis/Fascists,images/0874-150-000-Deprived-of-Liberty-1.png
875,3aad6f94-3ef1-8087-abe8-d12ca253e8ec,21 Here From Syria After 3-Month Trip,1941-08-21,Syria; Pan-Arabism; Arab World; Islamic World; Nazis/Fascists,images/0875-21-Here-From-Syria-After-3-Month-Trip-1.png
876,3aad6f94-3ef1-809e-ae76-fd4b41a21503,Anti-Jewish Riot is Staged in Paris,1940-08-24,France; Western Antisemitism; Nazis/Fascists; Pogroms,images/0876-Anti-Jewish-Riot-is-Staged-in-Paris-1.png
877,3aad6f94-3ef1-8010-bf99-e45a2e914c04,Says Vichy Assures Jews,1940-08-14,France; Europe; Western Antisemitism,images/0877-Says-Vichy-Assures-Jews-1.png
878,3aad6f94-3ef1-8066-8885-de82eaac0d57,Women in Synagogues,1940-08-07,Jewish Culture Beliefs & Debates,images/0878-Women-in-Synagogues-1.png
879,3aad6f94-3ef1-80c4-acc0-ebff5ad3e45a,Nazis Execute a Jew for Threat to Band,1940-08-31,Nazis/Fascists; Europe; Western Antisemitism; France,images/0879-Nazis-Execute-a-Jew-for-Threat-to-Band-1.png
880,3aad6f94-3ef1-80cb-80f2-d27963561761,Italy Aims to Win Arabs by Victory,1940-08-11,Arab World; Islamic World; Italy; Nazis/Fascists,images/0880-Italy-Aims-to-Win-Arabs-by-Victory-1.png
881,3aad6f94-3ef1-8033-9372-ecd0eea3cf8a,KKK Cross Burns at Mattituck,1939-08-07,US; The Americas; Western Antisemitism; KKK,images/0881-KKK-Cross-Burns-at-Mattituck-1.png
882,3aad6f94-3ef1-8060-bb22-e65c60835eed,Jews Flee Slovakie,1939-08-19,Czechoslovakia; Europe; Western Antisemitism; Ethnic Cleansing; Nazis/Fascists; Legal Restrictions against Jews,images/0882-Jews-Flee-Slovakie-1.png
883,3aad6f94-3ef1-8051-94f4-cac359a4d13a,Force in Palestine Decried at Geneva,1939-08-19,Israel/Palestine; Arab World; Islamic World; Terrorism; Intent in Israel/Palestine,images/0883-Force-in-Palestine-Decried-at-Geneva-1.png
884,3aad6f94-3ef1-8053-9761-f9474c2323fa,Jews in Bratislava Are Attacked By Mob,1939-08-12,Europe; Western Antisemitism; Holy Sites; Pogroms; Czechoslovakia,images/0884-Jews-in-Bratislava-Are-Attacked-By-Mob-1.png
885,3aad6f94-3ef1-8068-93c6-ff85f45ad7df,"British Give £235,000 to Palestine Project",1939-08-18,Israel/Palestine; Jewish contributions/activism; Sources of Funding; Intent in Israel/Palestine; Land purchases in Israel/Palestine,images/0885-British-Give-235-000-to-Palestine-Project-1.png
886,3aad6f94-3ef1-8096-b53e-f26808ce9256,Blast Rocks Jerusalem,1939-08-14,Arab World; Islamic World; Israel/Palestine; Terrorism,images/0886-Blast-Rocks-Jerusalem-1.png
887,3aad6f94-3ef1-802e-8bdf-eab6bc1d7f0e,Kidnapped Pastor Here,1939-08-18,Israel/Palestine; Islamic World; Arab World; Terrorism; Christianity & Churches,images/0887-Kidnapped-Pastor-Here-1.png
888,3aad6f94-3ef1-8041-b88b-fac2764e7d99,Two Radio Aides Die in Palestine Blasts,1939-08-04,Israel/Palestine; Arab World; Islamic World; Targeting of Civilians,images/0888-Two-Radio-Aides-Die-in-Palestine-Blasts-1.png
889,3aad6f94-3ef1-8067-909f-c2b3aa754ad8,"6 Killed, 4 Wounded in Palestine Attacks",1939-08-10,Israel/Palestine; Arab World; Islamic World; Terrorism; Targeting of Civilians,images/0889-6-Killed-4-Wounded-in-Palestine-Attacks-1.png
890,3aad6f94-3ef1-805c-bb7d-d5b19376eefa,French Drop Plan for a Syrian King,1939-08-07,Hashemites; England/UK; France; Western Intervention; Syria; Jordan; Arab World; Islamic World,images/0890-French-Drop-Plan-for-a-Syrian-King-1.png
891,3aad6f94-3ef1-80a9-a722-e84e1a5575b5,American Wounded In a Palestine Bus,1939-08-03,Israel/Palestine; Arab World; Islamic World; Targeting of Children; Targeting of Civilians,images/0891-American-Wounded-In-a-Palestine-Bus-1.png
892,3aad6f94-3ef1-8064-85f1-f43a8ff322ce,Jewish Refugees at Shanghai,1938-08-22,Holocaust; China; Asia,images/0892-Jewish-Refugees-at-Shanghai-1.png
893,3aad6f94-3ef1-8099-9969-fa44ef7753f8,7 Slain in Palestine,1938-08-05,Israel/Palestine; Arab World; Islamic World; Targeting of Civilians,images/0893-7-Slain-in-Palestine-1.png
894,3aad6f94-3ef1-80b1-829d-f2ef48b228aa,Arabs Here offer a Palestine Plan,1938-08-07,Israel/Palestine; Arab World; Islamic World; Egypt; Iraq; Pan-Arabism; Intent in Israel/Palestine; England/UK; Western Intervention; Greater Syria; Syria,images/0894-Arabs-Here-offer-a-Palestine-Plan-1.png
895,3aad6f94-3ef1-80d7-9113-e537f1b69444,Jewish Civil War Held Zionist in Peril,1938-08-17,Israel/Palestine; Jabotinsky; Arab World; Islamic World; Terrorism; Targeting of Civilians,images/0895-Jewish-Civil-War-Held-Zionist-in-Peril-1.png
896,3aad6f94-3ef1-80d3-8ae2-d5d76dd2433f,Palestine Peace Seen as Distant,1938-08-12,Israel/Palestine; Arab World; Islamic World; Terrorism,images/0896-Palestine-Peace-Seen-as-Distant-1.png
897,3aad6f94-3ef1-8050-895e-d27fd1c3da66,Nazi Honor to Ford Stirs Cantor’s Ire,1938-08-04,US; The Americas; Nazis/Fascists; Western Antisemitism,images/0897-Nazi-Honor-to-Ford-Stirs-Cantor-s-Ire-1.png
898,3aad6f94-3ef1-80ed-8bf7-cc34bc1cd246,Dissension Injures Jews in Palestine,1938-08-11,Israel/Palestine; Intent in Israel/Palestine; Arab World; Islamic World; Targeting of Civilians,images/0898-Dissension-Injures-Jews-in-Palestine-1.png; images/0898-Dissension-Injures-Jews-in-Palestine-2.png
899,3aad6f94-3ef1-80fe-9b9f-e8d4cc85b5c7,Minor Outbreaks Go On in Palestine,1938-08-30,Israel/Palestine; Arab World; Islamic World; Targeting of Civilians; Pogroms,images/0899-Minor-Outbreaks-Go-On-in-Palestine-1.png
900,3aad6f94-3ef1-809f-83af-ff64b6fcebd2,Palestine Arabs Seize Police Head,1938-08-18,Israel/Palestine; Arab World; Islamic World; Terrorism; Targeting of Civilians; Targeting of Children,images/0900-Palestine-Arabs-Seize-Police-Head-1.png
901,3aad6f94-3ef1-805b-afe3-dfc52d5d7c20,Attack by Arabs Repulsed by Jews,1938-08-15,Israel/Palestine; Arab World; Islamic World; Targeting of Civilians,images/0901-Attack-by-Arabs-Repulsed-by-Jews-1.png
902,3aad6f94-3ef1-80ba-aad1-fce9775f0a09,Germany Tightens Pressure on Jews,1938-08-24,Germany; Nazis/Fascists; Europe; Western Antisemitism; Legal Restrictions against Jews; Theft of Jewish property,images/0902-Germany-Tightens-Pressure-on-Jews-1.png
903,3aad6f94-3ef1-80d0-a3e4-ff5888817d71,Synagogue is Raided by Nazis in Danzig,1938-08-31,Germany; Nazis/Fascists; Western Antisemitism; Theft of Jewish property; Holy Sites,images/0903-Synagogue-is-Raided-by-Nazis-in-Danzig-1.png
904,3aad6f94-3ef1-80a4-b4b1-c39bb9a40b31,Three Slain in Palestine,1938-08-14,Israel/Palestine; Arab World; Islamic World; Targeting of Civilians; Terrorism,images/0904-Three-Slain-in-Palestine-1.png
905,3aad6f94-3ef1-809a-9e6e-e26800cd3c46,Arab Stabs Police in Palestine Fray,1938-08-28,Israel/Palestine; Arab World; Islamic World; Terrorism; Nazis/Fascists; Targeting of Civilians,images/0905-Arab-Stabs-Police-in-Palestine-Fray-1.png
906,3aad6f94-3ef1-80bc-97f3-f0da12c227a2,Arab Chiefs Plan Winter Terrorism,1938-08-26,Terrorism; Israel/Palestine; Arab World; Islamic World,images/0906-Arab-Chiefs-Plan-Winter-Terrorism-1.png
907,3aad6f94-3ef1-8060-826b-f8e5744de3d0,"Britain Criticized By Mandates BodyFrom 88 years ago today: Arab terrorism goes unabated as snipers gun down Jewish civilians and an Arab gang murders fellow Arabs branded ""traitors.”",1938-08-23,Terrorism; Israel/Palestine; Arab World; Islamic World,images/0907-Britain-Criticized-By-Mandates-BodyFrom-88-years-ago-today-Arab-terrorism-goes-u-1.png
908,3aad6f94-3ef1-80d3-ac4c-f00f35dc2a74,Arabs in Palestine Talk of Holy War,,Terrorism; Israel/Palestine; Arab World; Islamic World; Holy Sites,images/0908-Arabs-in-Palestine-Talk-of-Holy-War-1.png; images/0908-Arabs-in-Palestine-Talk-of-Holy-War-2.png
909,3aad6f94-3ef1-80bd-bab5-f844a258b620,Arabs in Palestine Ambush Army Unit,1938-08-19,Islamic World; Israel/Palestine; Arab World; Terrorism; Targeting of Children; Targeting of Civilians,images/0909-Arabs-in-Palestine-Ambush-Army-Unit-1.png
910,3aad6f94-3ef1-808a-99bf-fdef44dbd9f4,Young Men in Iraq Enlist for ‘Holy War’; Moslem Leaders Ask Aid for Palestine Arabs,1938-08-10,Israel/Palestine; Iraq; Islamic World; Arab World; Intent in Israel/Palestine; Terrorism,images/0910-Young-Men-in-Iraq-Enlist-for-Holy-War-Moslem-Leaders-Ask-Aid-for-Palestine-Arabs-1.png
911,3aad6f94-3ef1-80a3-b441-d65486f07ef7,Fascists Give up Ban on Catholics,1938-08-25,Christianity & Churches; Nazis/Fascists; Western Antisemitism; Italy,images/0911-Fascists-Give-up-Ban-on-Catholics-1.png
912,3aad6f94-3ef1-8022-8f1f-d2886929c65e,Palestine Strife Fatal to Thirteen,1938-08-16,Targeting of Civilians; Terrorism; Israel/Palestine; Arab World; Islamic World,images/0912-Palestine-Strife-Fatal-to-Thirteen-1.png
913,3aad6f94-3ef1-803c-aa8b-c6bfd72f019e,Troops Rout Arabs in Palestine Clash,1938-08-01,Israel/Palestine; Arab World; Islamic World; Terrorism; Intent in Israel/Palestine,images/0913-Troops-Rout-Arabs-in-Palestine-Clash-1.png
914,3aad6f94-3ef1-8083-b026-f77714f808cc,Arab Rebels Set Up Palestine Courts,1938-08-02,Terrorism; Israel/Palestine; Arab World; Islamic World; Land purchases in Israel/Palestine,images/0914-Arab-Rebels-Set-Up-Palestine-Courts-1.png
915,3aad6f94-3ef1-8086-8813-f15cfc03dead,Arabs in Palestine Continue Attacks,1938-08-29,Terrorism; Israel/Palestine; Arab World; Targeting of Civilians; Christianity & Churches,images/0915-Arabs-in-Palestine-Continue-Attacks-1.png
916,3aad6f94-3ef1-80f1-83ba-d749355533d7,Araba and Troops Battle in Hebron,1938-08-20,Israel/Palestine; Islamic World; Arab World; Targeting of Civilians; Terrorism,images/0916-Araba-and-Troops-Battle-in-Hebron-1.png
917,3aad6f94-3ef1-8010-9c01-e24855bd6f03,Riot on Beach at Coney,1937-08-01,US; The Americas; Western Antisemitism,images/0917-Riot-on-Beach-at-Coney-1.png
918,3aad6f94-3ef1-805c-b01b-f26b5584cd37,Three Slain in New Palestine Disorders; British Troops Get Orders to ‘Stand To’,1937-08-31,Terrorism; Israel/Palestine; Arab World; Islamic World,images/0918-Three-Slain-in-New-Palestine-Disorders-British-Troops-Get-Orders-to-Stand-To-1.png
919,3aad6f94-3ef1-803a-bec6-e050507cbe1a,Tel Aviv Jew Killed By Bomb from Train,1936-08-17,Terrorism; Israel/Palestine; Islamic World; Arab World,images/0919-Tel-Aviv-Jew-Killed-By-Bomb-from-Train-1.png
920,3aad6f94-3ef1-803f-aadb-ce236a4fc68e,Hebron Mayor Slain; Aid in Safed Urged,1936-08-15,Terrorism; Israel/Palestine; Islamic World; Arab World; Targeting of Children,images/0920-Hebron-Mayor-Slain-Aid-in-Safed-Urged-1.png
921,3aad6f94-3ef1-8050-a8c5-cc36c0497044,Two Britons Deny Libel on the Jews,1936-08-27,England/UK; Europe; Western Antisemitism; Blood Libel; Jews as aliens/foreigners,images/0921-Two-Britons-Deny-Libel-on-the-Jews-1.png; images/0921-Two-Britons-Deny-Libel-on-the-Jews-2.png
922,3aad6f94-3ef1-80a2-9107-de73d57bd860,President Endorses Palestine Appeal,1936-08-06,US; The Americas; Political Zionism,images/0922-President-Endorses-Palestine-Appeal-1.png
923,3aad6f94-3ef1-8074-8789-e74737f1cf24,Palestine Peace Favored by Arabs,1936-08-25,Israel/Palestine; Arab World; Islamic World; Terrorism; Targeting of Civilians,images/0923-Palestine-Peace-Favored-by-Arabs-1.png
924,3aad6f94-3ef1-8077-b03f-e196135614a1,Arabs in Palestine Agree to Mediate,1936-08-30,Islamic World; Arab World; Israel/Palestine; Terrorism; Targeting of Civilians; Arab Higher Committee,images/0924-Arabs-in-Palestine-Agree-to-Mediate-1.png
925,3aad6f94-3ef1-80dd-9a39-cb0e7c2628df,Jerusalem,1936-08-17,Terrorism; Israel/Palestine; Arab World; Islamic World; Targeting of Civilians,images/0925-Jerusalem-1.png
926,3aad6f94-3ef1-8079-89b8-c8316d949d72,Jerusalem,1936-08-15,Israel/Palestine; Terrorism; Islamic World; Arab World; England/UK; Western Intervention,images/0926-Jerusalem-1.png
927,3aad6f94-3ef1-8093-95dd-e2912c400a1c,Reprisals by Jews in Palestine Seen,1936-08-23,Israel/Palestine; Terrorism; Arab World; Islamic World; Targeting of Civilians,images/0927-Reprisals-by-Jews-in-Palestine-Seen-1.png
928,3aad6f94-3ef1-80e5-84e1-cd8ade487705,2 Die in Palestine in New Disorders,1936-08-29,Targeting of Children; Terrorism; Islamic World; Arab World; Israel/Palestine,images/0928-2-Die-in-Palestine-in-New-Disorders-1.png
929,3aad6f94-3ef1-8018-8faa-f0866d313edf,Polish Nationalists Wreck Jews’ Homes,1936-08-24,Poland; Europe; Western Antisemitism; Pogroms,images/0929-Polish-Nationalists-Wreck-Jews-Homes-1.png
930,3aad6f94-3ef1-800b-b6a7-c9c777dc4804,Four Slain in Palestine,1936-08-03,Israel/Palestine; Arab World; Islamic World; Pogroms,images/0930-Four-Slain-in-Palestine-1.png
931,3aad6f94-3ef1-80eb-b287-f00b32350e2d,Palestine Terror Makes All Unsafe,1936-08-16,Terrorism; Israel/Palestine; Arab World; Islamic World,images/0931-Palestine-Terror-Makes-All-Unsafe-1.png
932,3aad6f94-3ef1-80fe-b049-c4fb79c5230d,Action By League in Palestine Urged,1936-08-27,Israel/Palestine; Intent in Israel/Palestine; UN & League of Nations,images/0932-Action-By-League-in-Palestine-Urged-1.png
933,3aad6f94-3ef1-8032-bfbb-d7e4289cb7ef,Danzig Court Backs Boycotting of Jews,1936-08-05,Germany; Nazis/Fascists; Western Antisemitism; Legal Restrictions against Jews; Boycotts against Jews; Europe,images/0933-Danzig-Court-Backs-Boycotting-of-Jews-1.png
934,3aad6f94-3ef1-8093-b8ba-f2c0c21171f5,"50,000 attend rites of 2 slain in Jaffa",1936-08-19,Targeting of Civilians; Israel/Palestine; Arab World; Islamic World,images/0934-50-000-attend-rites-of-2-slain-in-Jaffa-1.png
935,3aad6f94-3ef1-80af-a130-efb5393fd01b,Terror in Poland Reported by Jews,1936-08-11,Poland; Victim Blaming/Justification of Antisemitism; Western Antisemitism; Europe; UN & League of Nations; Pogroms,images/0935-Terror-in-Poland-Reported-by-Jews-1.png
936,3aad6f94-3ef1-8046-9adb-c3aabb47df1e,Arabs Slay Three Jews,1936-08-18,Israel/Palestine; Islamic World; Arab World; Targeting of Civilians,images/0936-Arabs-Slay-Three-Jews-1.png
937,3aad6f94-3ef1-80e4-9f71-cfd509eb4a29,Bomb Kills 3 Jews in New Arab Attack,1936-08-14,Targeting of Civilians; Targeting of Children; Israel/Palestine; Arab World; Islamic World; Legal Restrictions against Jews; Terrorism,images/0937-Bomb-Kills-3-Jews-in-New-Arab-Attack-1.png
938,3aad6f94-3ef1-8032-88b3-e44ea579a44e,Arab Terrorism Breaks Out Again,1936-08-12,Arab World; Israel/Palestine; Islamic World; Hashemites; Muslim Antisemitism; Terrorism,images/0938-Arab-Terrorism-Breaks-Out-Again-1.png
939,3aad6f94-3ef1-80ba-9692-c05bf73c968f,Nazis Whipping Up Anti-Jewish Spirit,1935-08-14,Western Antisemitism; Nazis/Fascists; Germany; Europe,images/0939-Nazis-Whipping-Up-Anti-Jewish-Spirit-1.png
940,3aad6f94-3ef1-8025-8e3f-db0d0d6b39d2,Cultural Ghetto Ordered by Nazis,1935-08-18,Nazis/Fascists; Germany; Legal Restrictions against Jews; Europe; Western Antisemitism,images/0940-Cultural-Ghetto-Ordered-by-Nazis-1.png
941,3aad6f94-3ef1-80e9-acb2-cc506559d2f5,More Jews to Flee New German Bans,1935-08-17,Western Antisemitism; Legal Restrictions against Jews; Germany; Nazis/Fascists; Europe; Ghettos,images/0941-More-Jews-to-Flee-New-German-Bans-1.png
942,3aad6f94-3ef1-805c-ab01-fab17ebaed5b,Nazis are Blocked in Exiling of Jews,1935-08-10,Nazis/Fascists; Western Antisemitism; Europe; Legal Restrictions against Jews,images/0942-Nazis-are-Blocked-in-Exiling-of-Jews-1.png
943,3aad6f94-3ef1-8049-8001-d6368f47ef40,New Attacks in Press,1935-08-23,Germany; Nazis/Fascists; Europe; Western Antisemitism,images/0943-New-Attacks-in-Press-1.png
944,3aad6f94-3ef1-805e-9408-c3d5a7aedfed,Ludendorff Charges Jews Fan Japan’s Nationalism,1935-08-25,Japan; Germany; Nazis/Fascists; Jewish Puppet Master Trope; Western Antisemitism,images/0944-Ludendorff-Charges-Jews-Fan-Japan-s-Nationalism-1.png
945,3aad6f94-3ef1-8075-a19a-fc1677d3d6b7,Goebbels Warns of Greater Drive on Foes of Nazis,1935-08-05,Ghettos; Nazis/Fascists; Western Antisemitism; Christianity & Churches; Germany,images/0945-Goebbels-Warns-of-Greater-Drive-on-Foes-of-Nazis-1.png
946,3aad6f94-3ef1-803d-b283-c17203380fa5,Zionist Flags Fly in Nazi Protest,1935-08-29,Political Zionism; Nazis/Fascists,images/0946-Zionist-Flags-Fly-in-Nazi-Protest-1.png
947,3aad6f94-3ef1-80de-a91a-c428599f4fff,Violence Against Jews Continues,1935-08-08,"Germany; Pogroms; Europe; Western Antisemitism; accusation of ""Jewish Supremacy"" and/or Genocide",images/0947-Violence-Against-Jews-Continues-1.png
948,3aad6f94-3ef1-80b0-a994-de6212042a62,Reich Denounced As Zionists Meet,1935-08-21,Nazis/Fascists; Political Zionism; Western Antisemitism,images/0948-Reich-Denounced-As-Zionists-Meet-1.png
949,3aad6f94-3ef1-809a-990e-e9d7270a59e8,Jewish Orphanage Closed,1935-08-22,Nazis/Fascists; Germany; Europe; Western Antisemitism; Targeting of Children,images/0949-Jewish-Orphanage-Closed-1.png
950,3aad6f94-3ef1-80c7-bb58-d85198e3bb4e,Anti-Jewish Ban Reinstated,1934-08-30,Germany; Europe; Western Antisemitism; Christianity & Churches,images/0950-Anti-Jewish-Ban-Reinstated-1.png
951,3aad6f94-3ef1-80d3-8a5d-e64c8dab23ef,Jewish Exiles Going to Brazil,1934-08-08,Brazil; The Americas; Holocaust,images/0951-Jewish-Exiles-Going-to-Brazil-1.png
952,3aad6f94-3ef1-80b5-9011-c16bd783f19e,Polish Radicals Seized,1934-08-21,Poland; Europe; Western Antisemitism; Education/Educators weaponized against Jews; Pogroms,images/0952-Polish-Radicals-Seized-1.png
953,3aad6f94-3ef1-80bf-95ae-c3af5d870870,Nazi Attack Arouses German Catholics,1934-08-18,Christianity & Churches; Nazis/Fascists; Germany; Europe; Western Antisemitism,images/0953-Nazi-Attack-Arouses-German-Catholics-1.png
954,3aad6f94-3ef1-80c3-aadf-e782c6bdd0d7,Gold Shirts in Mexico Reprimand Deutsch For Minimizing Anti-Semitism in Nation,1934-08-23,Mexico; The Americas; Western Antisemitism,images/0954-Gold-Shirts-in-Mexico-Reprimand-Deutsch-For-Minimizing-Anti-Semitism-in-Nation-1.png
955,3aad6f94-3ef1-8093-894b-d5367e684c54,Mueller Hails Hitler’s Victory Over Jews; Says Anti-Semitism is Christian Campaign,1934-08-20,Christianity & Churches; Western Antisemitism; Germany; Nazis/Fascists; Europe,images/0955-Mueller-Hails-Hitler-s-Victory-Over-Jews-Says-Anti-Semitism-is-Christian-Campaig-1.png
956,3aad6f94-3ef1-8054-b34c-f7e3a4404b40,Paris said to back anti-semitic Poles,1934-08-22,Poland; Europe; Western Antisemitism; France,images/0956-Paris-said-to-back-anti-semitic-Poles-1.png
957,3aad6f94-3ef1-804e-a9f3-cf058179eb37,More Troops Rush to Algerian Cities,1934-08-09,Algeria; Pogroms; Muslim Antisemitism; Arab World; Islamic World,images/0957-More-Troops-Rush-to-Algerian-Cities-1.png
958,3aad6f94-3ef1-807f-a247-c337f622fc9c,Lipsky Sees Europe Forcing Jews Out,1934-08-28,Israel/Palestine; Political Zionism; Holocaust,images/0958-Lipsky-Sees-Europe-Forcing-Jews-Out-1.png
959,3aad6f94-3ef1-807c-ab0d-ffcd3c584b10,Jews Here to Push Boycott on Hitler,1933-08-21,US; The Americas; Western Antisemitism; Nazis/Fascists,images/0959-Jews-Here-to-Push-Boycott-on-Hitler-1.png
960,3aad6f94-3ef1-80d5-aef0-fe8292c4bf96,Publisher Scored For Hitler’s Book,1933-08-18,US; The Americas; Western Antisemitism; Nazis/Fascists,images/0960-Publisher-Scored-For-Hitler-s-Book-1.png
961,3aad6f94-3ef1-80ca-ab3d-cce8a79de45d,Nazis Use Penalty of Medieval Days,1933-08-19,Germany; Nazis/Fascists; Western Antisemitism; Europe,images/0961-Nazis-Use-Penalty-of-Medieval-Days-1.png
962,3aad6f94-3ef1-80cc-9993-dcdeb39f4848,Assails Hunter Teacher,1933-08-02,US; The Americas; Western Antisemitism; Nazis/Fascists; Education/Educators weaponized against Jews,images/0962-Assails-Hunter-Teacher-1.png
963,3aad6f94-3ef1-80a2-92fb-ce6c3a7d93a7,Jewish Homes Attacked in Poland,1933-08-13,Poland; Europe; Western Antisemitism; Ukraine,images/0963-Jewish-Homes-Attacked-in-Poland-1.png
964,3aad6f94-3ef1-8015-bbfc-ca732f45e49c,"Hitler Condemned Pogroms as a Young Man; Had Jewish Friends, Companion Relate",1933-08-22,Nazis/Fascists; Germany; Western Antisemitism; Europe,images/0964-Hitler-Condemned-Pogroms-as-a-Young-Man-Had-Jewish-Friends-Companion-Relate-1.png
965,3aad6f94-3ef1-80bd-956c-db6187bb7757,Nazis in London Raid office of a lawyer,1933-08-07,Nazis/Fascists; England/UK; Western Antisemitism; Europe,images/0965-Nazis-in-London-Raid-office-of-a-lawyer-1.png
966,3aad6f94-3ef1-8047-84bb-f08bf04b0614,League Agenda Omits Nazi-Jewish Question,1933-08-31,UN & League of Nations; Nazis/Fascists; Western Antisemitism,images/0966-League-Agenda-Omits-Nazi-Jewish-Question-1.png
967,3aad6f94-3ef1-809e-bb41-d8847754e0da,Cuba will aid Jews,1933-08-30,"Cuba; The Americas; Use of ""colony"" to describe Jewish communities",images/0967-Cuba-will-aid-Jews-1.png
968,3aad6f94-3ef1-80fe-98f8-e3be1483ffc0,Zionists are urged to Press League,1933-08-31,Political Zionism; Israel/Palestine; England/UK; UN & League of Nations,images/0968-Zionists-are-urged-to-Press-League-1.png
970,3aad6f94-3ef1-80a0-889a-cb8f033619e8,25 Injured in Mexican Clash,1933-08-05,"Mexico; The Americas; Use of ""colony"" to describe Jewish communities; Western Antisemitism",images/0970-25-Injured-in-Mexican-Clash-1.png
972,3aad6f94-3ef1-80e7-86a9-ed9982734b02,Germany Watches Zionist Congress,1933-08-20,Antizionism; Political Zionism; Germany; Nazis/Fascists; Europe; Western Antisemitism,images/0972-Germany-Watches-Zionist-Congress-1.png
973,3aad6f94-3ef1-8052-844a-f9b42b7f5bee,Nazis Imprison Jews in Concentration Camp after French paper charges abuses there,1933-08-30,Nazis/Fascists; Germany; Legal Restrictions against Jews; Western Antisemitism; Europe,images/0973-Nazis-Imprison-Jews-in-Concentration-Camp-after-French-paper-charges-abuses-ther-1.png
974,3aad6f94-3ef1-80d4-9008-e767eb9eaa18,Germans Favor Emigration,1933-08-26,Political Zionism; Germany; Nazis/Fascists; Europe; Western Antisemitism,images/0974-Germans-Favor-Emigration-1.png
975,3aad6f94-3ef1-8025-a0a3-c88553111ffa,Nazis are Winning Southwest Africa,1933-08-08,Africa; Western Antisemitism; South Africa,images/0975-Nazis-are-Winning-Southwest-Africa-1.png
976,3aad6f94-3ef1-80de-9f31-c3169e6ef4ca,Norlin Sees Nazis Rewriting History,1933-08-12,Germany; Nazis/Fascists; Western Antisemitism; Europe; Education/Educators weaponized against Jews,images/0976-Norlin-Sees-Nazis-Rewriting-History-1.png
977,3aad6f94-3ef1-8071-afcf-c8891f04bf7e,Quebec Asks Canada to Bar German Jews,1933-08-27,Canada; The Americas; Western Antisemitism; Holocaust,images/0977-Quebec-Asks-Canada-to-Bar-German-Jews-1.png
978,3aad6f94-3ef1-809a-99cd-ded50636f1c1,New Boycott of Jews in Germany Reported,1933-08-19,Germany; Nazis/Fascists; Western Antisemitism; Europe,images/0978-New-Boycott-of-Jews-in-Germany-Reported-1.png
979,3aad6f94-3ef1-801d-85bc-cf68f14a7f4f,"100,000 Jews face ruin in Germany",1933-08-21,Germany; Europe; Nazis/Fascists,images/0979-100-000-Jews-face-ruin-in-Germany-1.png
980,3aad6f94-3ef1-808e-b1d3-d307db44d1bf,Budapest Curbs Nazis,1933-08-29,Hungary; Europe; Nazis/Fascists; Western Antisemitism,images/0980-Budapest-Curbs-Nazis-1.png
981,3aad6f94-3ef1-80d9-af28-e20e6c448a83,Catholic Youths Acclaim Hitler,1933-08-21,Germany; Nazis/Fascists; Europe; Christianity & Churches,images/0981-Catholic-Youths-Acclaim-Hitler-1.png
982,3aad6f94-3ef1-8018-9584-dc8afbe85007,Hitler is acclaimed as a second luther,1933-08-20,Germany; Nazis/Fascists; Christianity & Churches,images/0982-Hitler-is-acclaimed-as-a-second-luther-1.png
983,3aad6f94-3ef1-804a-a7e2-c64442bfc08f,Jews Beaten by Anti-Communist Argentines; Demand Protection at Homes and Theatres,1932-08-20,Argentina; Western Antisemitism; The Americas,images/0983-Jews-Beaten-by-Anti-Communist-Argentines-Demand-Protection-at-Homes-and-Theatres-1.png
984,3aad6f94-3ef1-80bc-807b-e26cd41327a3,Hitler Seeks to Curb Followers,1932-08-10,Germany; Nazis/Fascists; Europe,images/0984-Hitler-Seeks-to-Curb-Followers-1.png
985,3a9d6f94-3ef1-8034-9e08-d2e7ec16da48,Pan-Arab Parley is Planned; Iraq-Syria Union Will Come Up,1932-08-31,Hashemites; Iraq; Syria; Israel/Palestine; Arab World; Pan-Arabism; Egypt; Jordan; Islamic World,images/0985-Pan-Arab-Parley-is-Planned-Iraq-Syria-Union-Will-Come-Up-1.png
986,3a9d6f94-3ef1-80d3-83f9-fbd93bc829f5,Palestine Zionists Hail British Upset,1931-08-31,Israel/Palestine; Islamic World; Arab World; Muslim Antisemitism; England/UK,images/0986-Palestine-Zionists-Hail-British-Upset-1.png
987,3a9d6f94-3ef1-8025-98e6-f0a325795e5b,Praises Achievement of Jews in Palestine,1931-08-22,Israel/Palestine; Arab World; Islamic World; Intent in Israel/Palestine,images/0987-Praises-Achievement-of-Jews-in-Palestine-1.png
988,3a9d6f94-3ef1-8022-baf9-e13fcea568fa,Seven Hurt in Riot in Palestine Town,1931-08-24,Israel/Palestine; Arab World; Islamic World,images/0988-Seven-Hurt-in-Riot-in-Palestine-Town-1.png
989,3a9d6f94-3ef1-80de-93e5-e57573ed77b4,British Aid Barred by Palestine Arabs,1931-08-17,Israel/Palestine; Arab World; Islamic World; Sources of Funding; Intent in Israel/Palestine; Land purchases in Israel/Palestine,images/0989-British-Aid-Barred-by-Palestine-Arabs-1.png
990,3a9d6f94-3ef1-8094-bd51-df7cd2861d22,Armenian Colonizing Alarms Turks,1931-08-14,"Use of ""colony"" to describe Jewish communities; Armenians; Turkey",images/0990-Armenian-Colonizing-Alarms-Turks-1.png
991,3a9d6f94-3ef1-8073-9716-d3e50e65ef52,Jewish Fete Curtailed,1930-08-02,Israel/Palestine; Holy Sites; Legal Restrictions against Jews; England/UK; Western Intervention,images/0991-Jewish-Fete-Curtailed-1.png
992,3a9d6f94-3ef1-80f0-ae6d-d7965e7137de,Wailing Wall Service,1930-08-04,Holy Sites; Israel/Palestine; Legal Restrictions against Jews; England/UK; Western Intervention,images/0992-Wailing-Wall-Service-1.png
993,3a9d6f94-3ef1-8027-a569-e469bca0c2e0,Arab Paper at Jerusalem Suspended,1930-08-16,Israel/Palestine; Arab World; Islamic World; Muslim Antisemitism,images/0993-Arab-Paper-at-Jerusalem-Suspended-1.png
994,3a9d6f94-3ef1-807a-a9f3-f75e000f3dea,Rioters in Rumania Set Fire to Synagogue,1930-08-13,Romania; Europe; Western Antisemitism; Pogroms,images/0994-Rioters-in-Rumania-Set-Fire-to-Synagogue-1.png
995,3a9d6f94-3ef1-800f-955b-d06140c61523,Rabbi Reported Arrested by Soviet,1930-08-16,USSR; Russia; Europe; Western Antisemitism,images/0995-Rabbi-Reported-Arrested-by-Soviet-1.png
996,3a9d6f94-3ef1-80f0-8e53-f6b55d90030a,Cleared of Libel on Reds,1930-08-13,Russia; USSR; Western Antisemitism; Legal Restrictions against Jews; Austria; Europe,images/0996-Cleared-of-Libel-on-Reds-1.png
997,3a9d6f94-3ef1-80d2-9092-f26ece8f9fdb,Rumania Prohibits Student Meetings,1930-08-10,Romania; Western Antisemitism; Europe; Education/Educators weaponized against Jews,images/0997-Rumania-Prohibits-Student-Meetings-1.png
998,3a9d6f94-3ef1-8035-8602-eb3812752368,Trace anti-semite aid to official sources,1930-08-02,Romania; Europe; Western Antisemitism; Education/Educators weaponized against Jews,images/0998-Trace-anti-semite-aid-to-official-sources-1.png
999,3a9d6f94-3ef1-806c-98a9-e3e3b3ea34b7,Synagogue Fire Foiled,1930-08-23,Romania; Europe; Western Antisemitism,images/0999-Synagogue-Fire-Foiled-1.png
1000,3a9d6f94-3ef1-8025-a4b2-f0ac73988f0b,Rumanian Jews Attacked,1930-08-26,Romania; Europe; Western Antisemitism; Education/Educators weaponized against Jews,images/1000-Rumanian-Jews-Attacked-1.png
1001,3a9d6f94-3ef1-8076-8e6f-dc9d2146407e,Soviet Acts to push colonizing of Bureya,1930-08-16,"Russia; USSR; Use of ""colony"" to describe Jewish communities; Legal Restrictions against Jews",images/1001-Soviet-Acts-to-push-colonizing-of-Bureya-1.png
1002,3a9d6f94-3ef1-8099-aa7d-ec6ca2de676d,Anti-Semite Acquitted,1930-08-14,Romania; Western Antisemitism; Europe; Education/Educators weaponized against Jews,images/1002-Anti-Semite-Acquitted-1.png
1003,3a9d6f94-3ef1-8025-a7fb-c88507b3c314,Carol Orders Maniu to Curb Anti-Semites,1930-08-04,Romania; Europe; Western Antisemitism,images/1003-Carol-Orders-Maniu-to-Curb-Anti-Semites-1.png
1004,3a9d6f94-3ef1-80a5-b967-f02be84b53c3,"$2,083813 For Palestine",1930-08-19,Israel/Palestine; Sources of Funding,images/1004-2-083813-For-Palestine-1.png
1005,3a9d6f94-3ef1-80d5-8583-cf98adfab603,"Palestine Death Toll Mounts Hourly, with fifteen Americans among slain; new outbreaks indicate Arab revolt",1929-08-27,Israel/Palestine; Arab World; Islamic World; Ethnic Cleansing; Targeting of Civilians; England/UK; Western Intervention,images/1005-Palestine-Death-Toll-Mounts-Hourly-with-fifteen-Americans-among-slain-new-outbre-1.png
1006,3a9d6f94-3ef1-8049-85f3-f0a85a725754,Troops Seize Arab Chiefs At Gates of Jerusalem; Move to Take City Foiled,1929-08-30,Israel/Palestine; Arab World; Islamic World; Lies about Israel; Targeting of Civilians,images/1006-Troops-Seize-Arab-Chiefs-At-Gates-of-Jerusalem-Move-to-Take-City-Foiled-1.png; images/1006-Troops-Seize-Arab-Chiefs-At-Gates-of-Jerusalem-Move-to-Take-City-Foiled-2.png
1007,3a9d6f94-3ef1-8015-af8f-fa2098ebb506,London Alarmed As Arabs Advance,1929-08-31,Israel/Palestine; Arab World; Islamic World; England/UK; Targeting of Children; Targeting of Civilians; Theft of Jewish property,images/1007-London-Alarmed-As-Arabs-Advance-1.png
1008,3a9d6f94-3ef1-8093-ae35-c7cf34014a88,Horrors of Rioting in Palestine Told,1929-08-27,Israel/Palestine; Arab World; Islamic World; Pogroms; Targeting of Civilians; Targeting of Children; Ethnic Cleansing,images/1008-Horrors-of-Rioting-in-Palestine-Told-1.png
1009,3a9d6f94-3ef1-80e2-89b8-ec402fbf63d3,"Arabs Attack Jaffa, Thirty are Killed",1929-08-26,Israel/Palestine; Arab World; Islamic World; Pogroms; Targeting of Civilians,images/1009-Arabs-Attack-Jaffa-Thirty-are-Killed-1.png
1010,3a9d6f94-3ef1-8098-a347-f99348564647,RothenBerg Wants Palestine Reform,1929-08-28,Israel/Palestine; Land purchases in Israel/Palestine; Holy Sites; Muslim Antisemitism,images/1010-RothenBerg-Wants-Palestine-Reform-1.png
1011,3a9d6f94-3ef1-80f1-8d46-d6f3cf8d844f,"47 Dead in Jerusalem Riot; Attacks by Arabs Spread, British Troops Rush to City",1929-08-25,Israel/Palestine; Arab World; Islamic World; Pogroms,images/1011-47-Dead-in-Jerusalem-Riot-Attacks-by-Arabs-Spread-British-Troops-Rush-to-City-1.png
1012,3a9d6f94-3ef1-8021-a8fd-d716ad2d39ad,Jews Allege Arabs Desecrate Wall,1929-08-25,Israel/Palestine; Arab World; Islamic World; Holy Sites; Muslim Antisemitism,images/1012-Jews-Allege-Arabs-Desecrate-Wall-1.png
1013,3a9d6f94-3ef1-8044-bc1d-f34532c8a989,Eye-Witnesses Tell of Jewish Massacres,1929-08-28,Israel/Palestine; Targeting of Civilians; Arab World; Islamic World; Pogroms,images/1013-Eye-Witnesses-Tell-of-Jewish-Massacres-1.png
1014,3a9d6f94-3ef1-8059-9f92-f33f7f22ff89,Arrest Ten Arabs For Attack on Jews,1929-08-18,Israel/Palestine; Arab World; Islamic World; Holy Sites; Muslim Antisemitism,images/1014-Arrest-Ten-Arabs-For-Attack-on-Jews-1.png
1015,3a9d6f94-3ef1-80e7-8b2d-cf5df4c7c09c,Wailing Wall Plea Vain,1929-08-07,Israel/Palestine; Arab World; Islamic World; England/UK; Western Intervention; Holy Sites,images/1015-Wailing-Wall-Plea-Vain-1.png
1016,3a9d6f94-3ef1-80a9-a336-c7a7bb2469a5,Few Buildings Left After Raid in Safed,1929-08-31,Israel/Palestine; Arab World; Islamic World; Ethnic Cleansing; Theft of Jewish property,images/1016-Few-Buildings-Left-After-Raid-in-Safed-1.png
1017,3a9d6f94-3ef1-804b-bd2a-f012e00c1deb,"Give $1,000,000 to Aid Palestine Movement",,Israel/Palestine; Sources of Funding,images/1017-Give-1-000-000-to-Aid-Palestine-Movement-1.png
1018,3a9d6f94-3ef1-80b3-973a-c7958d38a75a,Wailing Wall Permit Stirs Palestine Jews,1929-08-01,Israel/Palestine; Western Intervention; Holy Sites; Arab World; Islamic World,images/1018-Wailing-Wall-Permit-Stirs-Palestine-Jews-1.png
1019,3a9d6f94-3ef1-8081-96cc-dd64bd27e803,Report Lithuania in Fresh Turmoil,1929-08-18,Lithuania; Europe; Western Antisemitism; Nazis/Fascists; Pogroms; Legal Restrictions against Jews,images/1019-Report-Lithuania-in-Fresh-Turmoil-1.png
1020,3a9d6f94-3ef1-8080-bbf3-c2e6b554b68b,Arabs Opened Attack After Noon Prayers,1929-08-25,Israel/Palestine; Arab World; Islamic World; Pogroms,images/1020-Arabs-Opened-Attack-After-Noon-Prayers-1.png
1021,3a9d6f94-3ef1-80f8-b7aa-c1a7a7469437,Dobbie Gives Jews Promise of Action,1929-08-31,Israel/Palestine; Ethnic Cleansing; England/UK; Arab World; Islamic World; Western Intervention,images/1021-Dobbie-Gives-Jews-Promise-of-Action-1.png
1022,3a9d6f94-3ef1-8053-a2f3-dde2add680b6,Ask All Christians to Save Wailing Wall,1929-08-19,Israel/Palestine; Arab World; Islamic World; Holy Sites,images/1022-Ask-All-Christians-to-Save-Wailing-Wall-1.png
1023,3a9d6f94-3ef1-80fe-afe2-d7604f9bbd7e,Jerusalem Clashes Result in One Death,1929-08-21,Israel/Palestine; Islamic World; Arab World; Targeting of Children,images/1023-Jerusalem-Clashes-Result-in-One-Death-1.png
1024,3a9d6f94-3ef1-807a-95ac-c8a4b100e4ff,All British Armed After Sykes Death,1929-08-28,Israel/Palestine; Arab World; Islamic World; Ethnic Cleansing; Targeting of Civilians,images/1024-All-British-Armed-After-Sykes-Death-1.png
1025,3a9d6f94-3ef1-80b4-a3da-d86d01f574d6,Arabs Here Assail Jewish Riot Views,1929-08-29,Israel/Palestine; Control of media trope; Islamic World; Arab World; Muslim Antisemitism,images/1025-Arabs-Here-Assail-Jewish-Riot-Views-1.png
1026,3a9d6f94-3ef1-80ac-9807-c0ab2b3cc193,Moslems in Open Revolt; Offices of Government In Two Towns Attacked,1929-08-29,Israel/Palestine; Islamic World; Arab World; Ethnic Cleansing; Lies about Israel; Victim Blaming/Justification of Antisemitism; England/UK; Western Intervention; Targeting of Children; Targeting of Civilians,images/1026-Moslems-in-Open-Revolt-Offices-of-Government-In-Two-Towns-Attacked-1.png; images/1026-Moslems-in-Open-Revolt-Offices-of-Government-In-Two-Towns-Attacked-2.png; images/1026-Moslems-in-Open-Revolt-Offices-of-Government-In-Two-Towns-Attacked-3.png
1027,3a9d6f94-3ef1-80e6-8711-f166101e931b,8 Americans Listed in 70 Hebron Dead,1929-08-27,Israel/Palestine; Arab World; Islamic World; Muslim Antisemitism; Ethnic Cleansing; Targeting of Children; Targeting of Civilians,images/1027-8-Americans-Listed-in-70-Hebron-Dead-1.png
1028,3a9d6f94-3ef1-80b8-9c74-c356f5ee84ad,"British Troops Fight Moslems in Haifa; Jerusalem, Calmer, Fears New Attacks; Arabs Reported Massing on Borders",1929-08-28,Arab World; Islamic World; Ethnic Cleansing; Israel/Palestine,images/1028-British-Troops-Fight-Moslems-in-Haifa-Jerusalem-Calmer-Fears-New-Attacks-Arabs-R-1.png
1029,3a9d6f94-3ef1-80fa-ad55-f5537e321a40,"Jewish Fund $9,911,077",1928-08-05,Israel/Palestine; Sources of Funding,images/1029-Jewish-Fund-9-911-077-1.png
1030,3a9d6f94-3ef1-808a-93c1-fc8d0f3ff0bd,Lithuanian Sunday Law Stands,1928-08-26,Lithuania; Legal Restrictions against Jews; Europe; Western Antisemitism,images/1030-Lithuanian-Sunday-Law-Stands-1.png
1031,3a9d6f94-3ef1-8006-8b66-ef543a23f272,"2,600,945 Jews in Russia",1928-08-26,Jewish Culture Beliefs & Debates; Russia; USSR,images/1031-2-600-945-Jews-in-Russia-1.png
1032,3a9d6f94-3ef1-801f-9493-ca66b07adcbb,Jews Made to Trade on Saturday,1928-08-19,Romania; Europe; Western Antisemitism; Legal Restrictions against Jews,images/1032-Jews-Made-to-Trade-on-Saturday-1.png
1033,3a9d6f94-3ef1-8076-b297-fafe245a6ac4,"Jewish Welfare Body Aided 12,000 in 1927",1928-08-08,Jewish contributions/activism,images/1033-Jewish-Welfare-Body-Aided-12-000-in-1927-1.png
1034,3a9d6f94-3ef1-80e0-8a43-c899e6040e05,Arab Criticizes Jewish Unions,1928-08-19,Israel/Palestine; Jewish contributions/activism,images/1034-Arab-Criticizes-Jewish-Unions-1.png
1035,3a9d6f94-3ef1-8039-97c7-d8da28dc4f58,Arabic Poetry Concordance Issued,1928-08-08,Jewish contributions/activism; Israel/Palestine,images/1035-Arabic-Poetry-Concordance-Issued-1.png
1036,3a9d6f94-3ef1-80b9-8a3e-e74b4f475a02,Chaim Yechiel Bornstein,1928-08-16,Jewish Culture Beliefs & Debates,images/1036-Chaim-Yechiel-Bornstein-1.png
1037,3a9d6f94-3ef1-80e8-aea8-d9cb78b55290,Turkish Jews Riot at Funeral of Girl,1927-08-20,"Turkey; Islamic World; Muslim Antisemitism; Use of ""colony"" to describe Jewish communities",images/1037-Turkish-Jews-Riot-at-Funeral-of-Girl-1.png
1038,3a9d6f94-3ef1-80f7-be22-e56fc4c2e66f,Russia is Denounced As Jews’ Oppressor,,Russia; Europe; Western Antisemitism; Antizionism; USSR,images/1038-Russia-is-Denounced-As-Jews-Oppressor-1.png
1039,3a9d6f94-3ef1-8000-847c-dc1d6a2e247e,"Palestine Credits Receive $575,000",1927-08-30,Israel/Palestine; Sources of Funding,images/1039-Palestine-Credits-Receive-575-000-1.png
1040,3a9d6f94-3ef1-8071-9cab-d66edbfe47e0,Lithuanian Consul Here Forced to Quit,1927-08-07,Lithuania; Western Antisemitism; Europe; Jews as aliens/foreigners,images/1040-Lithuanian-Consul-Here-Forced-to-Quit-1.png
1041,3a9d6f94-3ef1-8035-bf58-ed28d6ac38e7,Kemal Heeds Minorities,1927-08-29,Turkey; Islamic World; Muslim Antisemitism; Legal Restrictions against Jews,images/1041-Kemal-Heeds-Minorities-1.png
1042,3a9d6f94-3ef1-804a-95a3-eb062819f914,"Laughter is God’s Blessing, Not Road to Sin, Rabbi Says",1927-08-01,Jewish Culture Beliefs & Debates,images/1042-Laughter-is-God-s-Blessing-Not-Road-to-Sin-Rabbi-Says-1.png
1043,3a9d6f94-3ef1-80f9-b52a-ecf41b0665d9,First Taxicab Appears In Jerusalem,1927-08-27,Israel/Palestine,images/1043-First-Taxicab-Appears-In-Jerusalem-1.png
1044,3a9d6f94-3ef1-8027-9c3b-f7d4065a1a73,Britain’s Way With the Arabs,1926-08-08,Hashemites; England/UK; Western Intervention; Arab World; Islamic World; Mesopotamia,images/1044-Britain-s-Way-With-the-Arabs-1.png
1045,3a9d6f94-3ef1-802c-b2d1-c12305d50b32,Oppose Anti-Hebrew Ban,1926-08-09,Western Antisemitism; Russia; USSR; Europe; Hebrew; Israel/Palestine,images/1045-Oppose-Anti-Hebrew-Ban-1.png
1046,3a9d6f94-3ef1-807d-aa30-facc0fdb2a25,German Radicals Assail Students,1926-08-29,Germany; Europe; Western Antisemitism; Education/Educators weaponized against Jews,images/1046-German-Radicals-Assail-Students-1.png
1047,3a9d6f94-3ef1-808d-b2d4-c128c4aed51c,Zionist Denounces Hungarians’ Stand,1925-08-25,Hungary; Europe; Western Antisemitism; Antizionism; USSR; Russia,images/1047-Zionist-Denounces-Hungarians-Stand-1.png
1048,3a9d6f94-3ef1-807d-a3d2-ed843e7d665e,Soviet Promises Republic for Jews,,"Use of ""colony"" to describe Jewish communities; Russia; Europe",images/1048-Soviet-Promises-Republic-for-Jews-1.png
1049,3a9d6f94-3ef1-80fc-a8b7-dfcbe002cb4e,"Estimates 14,830,832 Jews in World",1925-08-07,Jewish Culture Beliefs & Debates,images/1049-Estimates-14-830-832-Jews-in-World-1.png
1050,3a9d6f94-3ef1-8077-9e2d-e50d1e3f8875,American Appeals For Zionist Unity,1925-08-26,Political Zionism; Jabotinsky; Intent in Israel/Palestine; Israel/Palestine,images/1050-American-Appeals-For-Zionist-Unity-1.png
1051,3a9d6f94-3ef1-804e-868e-cde33ab51a41,Zionists Attack British Methods,1925-08-22,Political Zionism; England/UK; Land purchases in Israel/Palestine; Israel/Palestine; Western Intervention,images/1051-Zionists-Attack-British-Methods-1.png
1052,3a9d6f94-3ef1-807e-9930-d21dc226e783,"Propose $50,000,000 Loan",1925-08-21,"Israel/Palestine; Sources of Funding; Use of ""colony"" to describe Jewish communities; Russia; Europe; Political Zionism; accusation of ""Jewish Supremacy"" and/or Genocide",images/1052-Propose-50-000-000-Loan-1.png
1053,3a9d6f94-3ef1-8058-9ba1-d726bdba034d,Protest Zionists in Vienna,1925-08-01,Austria; Europe; Western Antisemitism; Political Zionism,images/1053-Protest-Zionists-in-Vienna-1.png; images/1053-Protest-Zionists-in-Vienna-2.png
1054,3a9d6f94-3ef1-80e4-a348-f71313f5f27e,"Reports $8,646,750 Spent in Palestine",1925-08-16,Israel/Palestine; Sources of Funding,images/1054-Reports-8-646-750-Spent-in-Palestine-1.png
1055,3a9d6f94-3ef1-8091-b7bc-cea29b51457a,Dr. Wise Denounces Vienna Violence,1925-08-20,Political Zionism; Austria; Europe; Western Antisemitism,images/1055-Dr.-Wise-Denounces-Vienna-Violence-1.png
1056,3a9d6f94-3ef1-805c-8528-cc7ad85d9de4,Believe Emir Abdullah is Involved,1925-08-09,Hashemites; Druze; Syria; Islamic World; Arab World; France,images/1056-Believe-Emir-Abdullah-is-Involved-1.png
1057,3a9d6f94-3ef1-80a8-b484-c5fe730c62d0,Faisal Reported Behind Revolt,1925-08-12,Hashemites; Syria; Iraq; Druze; Oil; France,images/1057-Faisal-Reported-Behind-Revolt-1.png
1058,3a9d6f94-3ef1-80ac-b49e-ec6d3297578c,"10,000 Jews Plan to Go to Mexico",1924-08-18,"Mexico; The Americas; Use of ""colony"" to describe Jewish communities",images/1058-10-000-Jews-Plan-to-Go-to-Mexico-1.png
1059,3a9d6f94-3ef1-809b-b325-f5eab0232a93,Mayor Seitz Denounces Anti-Semites,1924-08-31,Austria; Europe; Western Antisemitism; Education/Educators weaponized against Jews,images/1059-Mayor-Seitz-Denounces-Anti-Semites-1.png
1060,3a9d6f94-3ef1-8098-87f4-e74941144d48,Mosul Territory Claimed by Husein,1924-08-31,Pan-Arabism; Hashemites; Iraq; Arab World; Islamic World; Western Intervention; England/UK,images/1060-Mosul-Territory-Claimed-by-Husein-1.png
1061,3a9d6f94-3ef1-8037-a8f6-f597f3dac03f,"$4,300,000 For Palestine",1923-08-18,Sources of Funding; Israel/Palestine,images/1061-4-300-000-For-Palestine-1.png
1062,3a9d6f94-3ef1-80e2-a751-c208634cc7c7,Vienna Racialists Guarded in Parade,,Antizionism; Austria; Western Antisemitism; Europe; Nazis/Fascists,images/1062-Vienna-Racialists-Guarded-in-Parade-1.png
1063,3a9d6f94-3ef1-80c8-b7c6-fa3bce49619c,Weizmann Defends Zionist Policies,,Political Zionism; Intent in Israel/Palestine; Land purchases in Israel/Palestine; Israel/Palestine,images/1063-Weizmann-Defends-Zionist-Policies-1.png
1064,3a9d6f94-3ef1-8080-b301-fe7fe0b60669,Violent Rioting Starts in Vienna as Zionists Meet,1925-08-18,Austria; Western Antisemitism; Antizionism; Political Zionism; Education/Educators weaponized against Jews; Europe,images/1064-Violent-Rioting-Starts-in-Vienna-as-Zionists-Meet-1.png
1065,3a9d6f94-3ef1-807f-9e12-d58aca7b57f5,Six Arabs Injured In Palestine Riots,1931-08-23,Israel/Palestine; Islamic World; Arab World,images/1065-Six-Arabs-Injured-In-Palestine-Riots-1.png
1066,3a9d6f94-3ef1-8052-88c2-e8f84848910b,Assyrians’ Leader Deported By Iraq,2026-08-19,Islamic World; Arab World; Iraq; Assyrians; Western Intervention,images/1066-Assyrians-Leader-Deported-By-Iraq-1.png
1067,3a9d6f94-3ef1-8056-ab3d-c85debf30333,British Acquiesce In Choice of Mufti as Arab Delegate,1946-08-27,England/UK; Israel/Palestine; Islamic World; Mufti; Nazis/Fascists,images/1067-British-Acquiesce-In-Choice-of-Mufti-as-Arab-Delegate-1.png
1068,3a6d6f94-3ef1-8084-8eae-d560775b645c,To Ostracize Jews,1889-04-04,US; The Americas; Western Antisemitism,images/1068-To-Ostracize-Jews-1.png
1069,3a6d6f94-3ef1-80e0-be54-c010873f9721,Wandering Jews,1889-12-22,wandering Jew trope; Western Antisemitism; Jews as aliens/foreigners; Africa,images/1069-Wandering-Jews-1.png
1070,3a6d6f94-3ef1-805d-8b78-c6b7e605f73b,How Many Jews are There?,1889-02-10,Jewish Culture Beliefs & Debates; Legal Restrictions against Jews; Western Antisemitism; Europe; France; England/UK; Emancipation; Russia,images/1070-How-Many-Jews-are-There-1.png
1071,3a6d6f94-3ef1-80e6-bec0-ef5fb42b3415,Jews Ordered to Leave,1889-11-16,US; The Americas; Western Antisemitism,images/1071-Jews-Ordered-to-Leave-1.png
1072,3a6d6f94-3ef1-8067-8b92-e1e92977db4d,"Heine, Napoleon, and the Jew",1889-11-10,Germany; Europe; Western Antisemitism; France; Theft of Jewish property; Jewish history (relative to time of article),images/1072-Heine-Napoleon-and-the-Jew-1.png
1073,3a6d6f94-3ef1-80b7-9741-ef3bdf722337,Hebrews not Wanted,1889-07-21,US; The Americas; Western Antisemitism,images/1073-Hebrews-not-Wanted-1.png
1074,3a6d6f94-3ef1-8009-8c15-e34679bf95db,A Jewish View of Christians,1889-12-29,Jewish Culture Beliefs & Debates; Christianity & Churches; Jewish history (relative to time of article),images/1074-A-Jewish-View-of-Christians-1.png
1075,3a6d6f94-3ef1-80d2-9a4a-d1da91864a2d,Tetuan’s Moors and Jews,2027-02-12,Ghettos; Legal Restrictions against Jews; Africa; Morocco; Jewish Culture Beliefs & Debates; Muslim Antisemitism,images/1075-Tetuan-s-Moors-and-Jews-1.png
1076,3a6d6f94-3ef1-8046-bef7-c596320073d2,The Jews of the World,1888-05-17,Israel/Palestine; Jewish Culture Beliefs & Debates; England/UK; Europe; Germany; Africa; Ethiopia; Poland; Russia; Sources of Funding,images/1076-The-Jews-of-the-World-1.png
1077,3a6d6f94-3ef1-80ad-bb0e-c803b36270a8,Jews Leaving Russia,1888-10-14,Russia; Ethnic Cleansing; Europe; Western Antisemitism,images/1077-Jews-Leaving-Russia-1.png
1078,3a6d6f94-3ef1-80c7-be5e-f300af9c7ddb,Jerusalem as a Trade Center,1888-09-23,Israel/Palestine; Turkey; Islamic World; Legal Restrictions against Jews,images/1078-Jerusalem-as-a-Trade-Center-1.png
1079,3a6d6f94-3ef1-8037-8fdf-d4071b320a1e,Jews in Russia,1887-09-11,"Europe; ""Jewish Question""; Western Antisemitism; Pogroms; Legal Restrictions against Jews",images/1079-Jews-in-Russia-1.png
1080,3a6d6f94-3ef1-80f4-8fa3-e1ea6ea9759a,The Oldest Jewish Gravestone,1887-10-30,Germany; Europe; Jewish history (relative to time of article),images/1080-The-Oldest-Jewish-Gravestone-1.png
1081,3a6d6f94-3ef1-8023-bc7d-d7588700b3ab,Jewish Colonists for Mexico,1887-02-13,"Mexico; Use of ""colony"" to describe Jewish communities; The Americas; Western Antisemitism",images/1081-Jewish-Colonists-for-Mexico-1.png
1082,3a6d6f94-3ef1-8019-b78e-ca75641fea84,Debates in the Reichstag,1887-05-08,Germany; Europe; Western Antisemitism; Legal Restrictions against Jews,images/1082-Debates-in-the-Reichstag-1.png
1083,3a6d6f94-3ef1-80d3-be4b-f54a40441009,Appeal for Suffering Hebrew,1887-07-21,Pogroms; Romania; Europe; Western Antisemitism,images/1083-Appeal-for-Suffering-Hebrew-1.png
1084,3a6d6f94-3ef1-8079-add5-c516b03e09be,Labor Riots in Russia,1887-06-20,Russia; Europe; Western Antisemitism,images/1084-Labor-Riots-in-Russia-1.png
1085,3a6d6f94-3ef1-8062-b18a-f6826e502757,Facts About the Jews,1886-11-29,Jewish Culture Beliefs & Debates; Israel/Palestine; France; Germany; Austria; Europe; Arab World; Islamic World; Turkey; Greece; Spain; Sweden; Russia; Iran; Africa; Egypt; Tunisia; Algeria; Morocco; US; The Americas,images/1085-Facts-About-the-Jews-1.png
1086,3a6d6f94-3ef1-805c-a423-f7b12d8018ab,A Threatened Jewish Landmark,1886-04-17,"England/UK; Europe; Use of ""colony"" to describe Jewish communities; Christianity & Churches; Ethnic Cleansing; Jewish history (relative to time of article)",images/1086-A-Threatened-Jewish-Landmark-1.png
1087,3a6d6f94-3ef1-80a8-bf3a-d33032c55cc5,German Jews Going to London,1886-01-02,Germany; England/UK; Europe; Ethnic Cleansing; Romania; Russia,images/1087-German-Jews-Going-to-London-1.png
1088,3a6d6f94-3ef1-805e-bcba-d1f9b6fc05db,Last of the Roman Ghetto,1886-08-16,Italy; Europe; Western Antisemitism; Ghettos,images/1088-Last-of-the-Roman-Ghetto-1.png
1089,3a6d6f94-3ef1-800a-9769-db095fe1a334,Wine From Jerusalem,1886-03-11,Israel/Palestine; US; The Americas; Jewish Culture Beliefs & Debates,images/1089-Wine-From-Jerusalem-1.png
1090,3a6d6f94-3ef1-80f9-81c6-efae2099580f,The Jews of Morocco,1885-05-10,Morocco; Arab World; Islamic World; Muslim Antisemitism; Ghettos; Legal Restrictions against Jews,images/1090-The-Jews-of-Morocco-1.png
1091,3a6d6f94-3ef1-8067-bba6-d34c80ac5d10,Protection to Jews in Tangiers,1885-03-15,Morocco; Arab World; Islamic World; Muslim Antisemitism; Pogroms,images/1091-Protection-to-Jews-in-Tangiers-1.png
1092,3a6d6f94-3ef1-8034-a2d9-fdf50c3161a9,Statistics of Russian Jews,1885-01-06,Russia; Europe; Jewish Culture Beliefs & Debates,images/1092-Statistics-of-Russian-Jews-1.png
1093,3a6d6f94-3ef1-8067-881f-dc08eca15e69,Austrian Riots and Elections,1885-06-03,Austria; Pogroms; Europe; Western Antisemitism; Theft of Jewish property,images/1093-Austrian-Riots-and-Elections-1.png
1094,3a6d6f94-3ef1-80a9-8b5b-ff5329a5f70b,No Hebrews Accepted,1885-04-11,US; The Americas; Western Antisemitism,images/1094-No-Hebrews-Accepted-1.png
1095,3a6d6f94-3ef1-8068-b916-cad75a6cfca4,Iraqi Bombs Hit Turkey,1962-07-10,Iraq; Turkey; Arab World; Islamic World; Kurds,images/1095-Iraqi-Bombs-Hit-Turkey-1.png
1096,3a6d6f94-3ef1-80db-ae39-e5a2e4c6c0c4,Israeli Border Guard Hurt in Exchange with Syrians,1962-07-10,Israel/Palestine; Syria; Arab World; Islamic World; Ceasefire Violations,images/1096-Israeli-Border-Guard-Hurt-in-Exchange-with-Syrians-1.png
1097,3a6d6f94-3ef1-80b2-aa85-d5845425e0cb,A Question for the Jews,1884-01-17,Jewish Culture Beliefs & Debates; US; The Americas,images/1097-A-Question-for-the-Jews-1.png
1098,3a6d6f94-3ef1-8097-87a3-dcc612cbd90b,The Egyptian Massacre,1884-04-22,Egypt; Arab World; Islamic World; Targeting of Children,images/1098-The-Egyptian-Massacre-1.png
1099,3a6d6f94-3ef1-8090-ae28-e1c79e7b3f61,The Jews in Russia,1883-08-23,Russia; Europe; Western Antisemitism; Legal Restrictions against Jews,images/1099-The-Jews-in-Russia-1.png
1100,3a6d6f94-3ef1-80b8-8c09-c4c8083fbdb8,Herr Lasker on German Jews,1883-08-26,Germany; Europe; Western Antisemitism; Education/Educators weaponized against Jews; Bismark,images/1100-Herr-Lasker-on-German-Jews-1.png
1101,3a6d6f94-3ef1-8082-823d-d8352979101f,Affairs in Foreign Lands,1883-08-28,Russia; Hungary; Europe; Western Antisemitism; Pogroms,images/1101-Affairs-in-Foreign-Lands-1.png
1102,3a6d6f94-3ef1-8061-9b2e-faf41d531538,The Hungarian Riots,1883-09-02,Hungary; Europe; Western Antisemitism; Pogroms,images/1102-The-Hungarian-Riots-1.png
1103,3a6d6f94-3ef1-800a-a58c-f575a7d5d82f,Struck by A Judge and Beaten,1883-12-02,Ukraine; Western Antisemitism; Europe; Legal Restrictions against Jews,images/1103-Struck-by-A-Judge-and-Beaten-1.png
1104,3a6d6f94-3ef1-802e-9507-d2fe86071418,A Middle Age Trial,1883-07-01,Hungary; Europe; Western Antisemitism; Blood Libel; Pogroms; Jewish history (relative to time of article),images/1104-A-Middle-Age-Trial-1.png
1105,3a6d6f94-3ef1-80a4-b599-cb54da2cdda2,The Outrages in Hungary,1883-08-10,Hungary; Europe; Western Antisemitism; Pogroms; Blood Libel,images/1105-The-Outrages-in-Hungary-1.png
1106,3a6d6f94-3ef1-80c2-8f67-d94a2ad1a365,The Alleged Jewish Murder,1883-06-27,Hungary; Western Antisemitism; Europe; Blood Libel,images/1106-The-Alleged-Jewish-Murder-1.png
1107,3a6d6f94-3ef1-8003-bb20-efddd3c5a220,More Anti-Jewish Riots,1883-09-10,Croatia; Europe; Western Antisemitism; Pogroms,images/1107-More-Anti-Jewish-Riots-1.png
1108,3a6d6f94-3ef1-8059-8b22-c6f25e296636,The Troubles in Hungary,1883-09-01,Hungary; Europe; Western Antisemitism; Pogroms; Croatia,images/1108-The-Troubles-in-Hungary-1.png
1109,3a6d6f94-3ef1-809c-a3e7-ec7dbb68c7a8,Riotus Doings in Hungary,1883-12-02,Hungary; Western Antisemitism; Europe,images/1109-Riotus-Doings-in-Hungary-1.png
1110,3a6d6f94-3ef1-8055-be9b-d9daf805378f,To Aid a Hebrew Colony,1883-08-01,"US; The Americas; Use of ""colony"" to describe Jewish communities",images/1110-To-Aid-a-Hebrew-Colony-1.png
1111,3a6d6f94-3ef1-805a-8c04-f58b0c3c1f7c,Soviet Said to Counsel Arabs to Caution,1972-06-30,Russia; USSR; Arab World; Islamic World; UN & League of Nations; Arab League; Intent in Israel/Palestine,images/1111-Soviet-Said-to-Counsel-Arabs-to-Caution-1.png
1112,3a6d6f94-3ef1-8017-9b29-ee568eb8a2dc,One Guerilla Group Rejects Beirut Pact Curbing Raids on Israel,1972-06-30,Lebanon; Arab World; Islamic World; Israel/Palestine; PFLP; Intent in Israel/Palestine,images/1112-One-Guerilla-Group-Rejects-Beirut-Pact-Curbing-Raids-on-Israel-1.png
1113,3a6d6f94-3ef1-80bd-9d39-c274d7681812,Pictures the Jews on Russian Farms,1926-06-29,Russia; Europe; Ghettos; Legal Restrictions against Jews; Western Antisemitism,images/1113-Pictures-the-Jews-on-Russian-Farms-1.png
1114,3a6d6f94-3ef1-802d-8e08-d886c0040156,Zionist Oppose Strife in Palestine,1926-06-29,Political Zionism; Israel/Palestine; Sources of Funding; Intent in Israel/Palestine; Jabotinsky,images/1114-Zionist-Oppose-Strife-in-Palestine-1.png
1115,3a6d6f94-3ef1-80f9-9c90-fb780263bfbc,Mesopotamia,1919-01-26,Mesopotamia; Iraq; Arab World; Islamic World; Assyrians; Hashemites,images/1115-Mesopotamia-1.png
1116,3a6d6f94-3ef1-800c-add1-e980e6fb5062,Britain Honors Feisul,1926-10-10,England/UK; Europe; Western Intervention; Hashemites; Arab World,images/1116-Britain-Honors-Feisul-1.png
1117,3a6d6f94-3ef1-809c-8175-e444eef02afc,The Russian Side of the Story,1882-03-26,Russia; Europe; Western Antisemitism; Tokenism; Talmud Trope; Victim Blaming/Justification of Antisemitism; Control of media trope,images/1117-The-Russian-Side-of-the-Story-1.png
1118,3a6d6f94-3ef1-8087-b655-d3f17cc4c07a,The Number of the Beast,1882-10-14,England/UK; Europe; Western Antisemitism,images/1118-The-Number-of-the-Beast-1.png
1119,3a6d6f94-3ef1-806c-963d-ff1dc7eec840,Cost of the Anti-Jewish Crusade,1882-05-19,Ethnic Cleansing; Russia; Western Antisemitism; Europe,images/1119-Cost-of-the-Anti-Jewish-Crusade-1.png
1120,3a6d6f94-3ef1-8046-be9b-cd4e5d4dacc4,Another Anti-Jewish Riot,1882-09-30,Austria; Europe; Western Antisemitism; Pogroms,images/1120-Another-Anti-Jewish-Riot-1.png
1121,3a6d6f94-3ef1-80ee-aa7a-dc812b387032,The Jewish policy of Russia,1882-03-24,Russia; Europe; Western Antisemitism; Legal Restrictions against Jews; Theft of Jewish property,images/1121-The-Jewish-policy-of-Russia-1.png
1122,3a6d6f94-3ef1-8006-a2b9-d4798a799e60,The Jewish Persecutions,1882-02-02,Russia; Europe; Western Antisemitism; Pogroms,images/1122-The-Jewish-Persecutions-1.png
1123,3a6d6f94-3ef1-8045-871d-f01815f3994b,The Anti-Jewish Crusade,1882-05-25,Russia; Europe; Western Antisemitism; Legal Restrictions against Jews,images/1123-The-Anti-Jewish-Crusade-1.png
1124,3a6d6f94-3ef1-8062-860f-e2b51d825343,Russian Jewish Horrors,1882-01-28,Russia; Europe; Western Antisemitism; Pogroms,images/1124-Russian-Jewish-Horrors-1.png
1125,3a6d6f94-3ef1-8079-8963-c8bf74d4506b,The Troubles of Russia,1882-02-21,Russia; Europe; Pogroms; Poland,images/1125-The-Troubles-of-Russia-1.png
1126,3a6d6f94-3ef1-80fb-a459-f9fd8ed092aa,The Russian Jewish Outrages,1882-02-08,Russia; Europe; Western Antisemitism; Pogroms,images/1126-The-Russian-Jewish-Outrages-1.png
1127,3a6d6f94-3ef1-80c8-a052-fd1624f4071b,The Folly of Persecution,1882-07-21,Russia; Europe; Western Antisemitism,images/1127-The-Folly-of-Persecution-1.png
1128,3a6d6f94-3ef1-8043-ba03-e0c277e0450b,Aid for the Russian Jews,1882-05-10,Russia; Europe; Western Antisemitism; US; The Americas,images/1128-Aid-for-the-Russian-Jews-1.png
1129,3a6d6f94-3ef1-807e-baf8-c3f36418a487,The Russian Jews,1882-02-19,Russia; US; The Americas,images/1129-The-Russian-Jews-1.png
1130,3a6d6f94-3ef1-8034-b8a3-fe2489a9f772,The Hebrews from Russia,1882-07-16,Russia; Europe; Pogroms; US; The Americas,images/1130-The-Hebrews-from-Russia-1.png
1131,3a6d6f94-3ef1-803d-871f-d686dab43945,The Jewish Agitation in England,1882-01-23,Europe; England/UK; Western Antisemitism; Victim Blaming/Justification of Antisemitism; Russia; Pogroms,images/1131-The-Jewish-Agitation-in-England-1.png
1132,3a6d6f94-3ef1-8048-93be-e49224c12075,Lebanese Pleads at Islamic Talks for a P.L.O. Curb,1981-01-29,Israel/Palestine; Ceasefire Violations; Lebanon; Arab World; Islamic World,images/1132-Lebanese-Pleads-at-Islamic-Talks-for-a-P.L.O.-Curb-1.png
1133,3a6d6f94-3ef1-80cc-8b53-f2ce6d4606e8,Security Council Takes up Invasion,1948-05-16,Intent in Israel/Palestine; Israel/Palestine; Jordan; Arab World; Islamic World; England/UK; Western Intervention,images/1133-Security-Council-Takes-up-Invasion-1.png
1134,3a6d6f94-3ef1-80ad-bee1-f3af0f27dd68,Attack Concerted,1948-05-16,"Israel/Palestine; Intent in Israel/Palestine; Arab League; Arab World; Islamic World; Egypt; Ethnic Cleansing; ""The Nakba""/""refugees""; UN & League of Nations",images/1134-Attack-Concerted-1.png
1135,3a6d6f94-3ef1-803a-ac98-c0340f6ee557,The Arab Armies Smash into Palestine,1948-05-16,"Intent in Israel/Palestine; Jordan; Arab World; Islamic World; Israel/Palestine; Syria; Ethnic Cleansing; ""The Nakba""/""refugees""",images/1135-The-Arab-Armies-Smash-into-Palestine-1.png
1136,3a6d6f94-3ef1-80ff-8dce-eb9d3e93b5cf,Arab Legion Takes Judean Hill Posts,1948-05-16,Jordan; England/UK; Europe; Arab World; Islamic World; Western Intervention,images/1136-Arab-Legion-Takes-Judean-Hill-Posts-1.png
1137,3a6d6f94-3ef1-807a-ba99-f483bf24d688,Rabbi Ordered to Leave,1948-05-16,Egypt; Islamic World; Arab World; Muslim Antisemitism,images/1137-Rabbi-Ordered-to-Leave-1.png
1138,3a6d6f94-3ef1-801a-b93d-d9360b2e6092,Wallace Bids U.S. Stand by Israel,1948-05-16,US; The Americas; England/UK; Europe; Western Intervention; Israel/Palestine; Political Zionism; Oil; Jordan,images/1138-Wallace-Bids-U.S.-Stand-by-Israel-1.png
1139,3a6d6f94-3ef1-80de-947c-c4b69b59bd14,Egyptian Skyline,1956-03-11,Egypt; Arab World; Islamic World; Political Cartoons/Images; Israel/Palestine,images/1139-Egyptian-Skyline-1.png
1140,3a6d6f94-3ef1-802b-b92b-f730d32f0f64,Zionist’s work in London,1900-08-26,England/UK; Europe; Political Zionism,images/1140-Zionist-s-work-in-London-1.png
1141,3a6d6f94-3ef1-804c-94c6-ec6f7bb64a51,Another Russian Anti-Jewish Measure,1901-08-09,Russia; Europe; Western Antisemitism; Legal Restrictions against Jews; Education/Educators weaponized against Jews,images/1141-Another-Russian-Anti-Jewish-Measure-1.png
1142,3a6d6f94-3ef1-8088-ae41-c1151f382fc3,Number of Jews in Greater New York,1902-08-17,US; The Americas,images/1142-Number-of-Jews-in-Greater-New-York-1.png
1143,3a6d6f94-3ef1-8015-8832-ca90b0faafb6,Russian Move Against Zionism,1903-08-07,Antizionism; Russia; Europe; Western Antisemitism; Legal Restrictions against Jews,images/1143-Russian-Move-Against-Zionism-1.png
1144,3a6d6f94-3ef1-806b-83a2-d147328cab30,In Foreign Lands,1903-08-09,Russia; Europe; Western Antisemitism; Legal Restrictions against Jews; Jews as aliens/foreigners,images/1144-In-Foreign-Lands-1.png
1145,3a6d6f94-3ef1-8019-9787-f56350437703,Russia’s Policy Toward the Jews,1903-08-12,"Russia; Europe; Western Antisemitism; ""Jewish Question""; Legal Restrictions against Jews",images/1145-Russia-s-Policy-Toward-the-Jews-1.png
1146,3a6d6f94-3ef1-801f-87c2-f9198dee4923,Russia’s Guilt at Kishineff,1903-08-01,Russia; Ukraine; Pogroms; Europe; Western Antisemitism,images/1146-Russia-s-Guilt-at-Kishineff-1.png
1147,3a6d6f94-3ef1-8075-b4ba-f3a268aeba95,Investigated At Kishineff,1903-08-13,Ukraine; Russia; Europe; Western Antisemitism; Pogroms; Targeting of Children; Blood Libel; Christianity & Churches,images/1147-Investigated-At-Kishineff-1.png
1148,3a6d6f94-3ef1-80b1-b1dd-dd0832cdd592,Russia will Refuse,1904-08-30,Russia; Europe; Legal Restrictions against Jews; Western Antisemitism,images/1148-Russia-will-Refuse-1.png
1149,3a6d6f94-3ef1-80cd-a564-c88536e30eb0,Race Prejudice Condemned,1904-08-21,US; Western Antisemitism; The Americas; Legal Restrictions against Jews,images/1149-Race-Prejudice-Condemned-1.png
1150,3a6d6f94-3ef1-80d3-b63c-c6a9a1ba3f9b,Jews Oppose Loan Plan,1905-08-17,Russia; Europe; Western Antisemitism; Sources of Funding; Bundists/Bundism; Pogroms,images/1150-Jews-Oppose-Loan-Plan-1.png
1151,3a6d6f94-3ef1-803e-89bf-fb3f5fefdebc,Territorial Zones for Jews,1905-08-31,Russia; Europe; Western Antisemitism; Legal Restrictions against Jews,images/1151-Territorial-Zones-for-Jews-1.png
1152,3a6d6f94-3ef1-80e4-875c-c74726f9f1e3,"Thirty Orphans Arrive, Bereaved by Massacres",1906-08-26,Russia; Pogroms; Europe; Western Antisemitism; Targeting of Children; US; The Americas,images/1152-Thirty-Orphans-Arrive-Bereaved-by-Massacres-1.png
1153,3a6d6f94-3ef1-80e1-ad27-f1bfea4a0c46,30 Russian Orphans are Ordered Deported,1906-08-27,US; The Americas; Russia; Europe; Western Antisemitism; Pogroms; Targeting of Children,images/1153-30-Russian-Orphans-are-Ordered-Deported-1.png
1154,3a6d6f94-3ef1-8060-b336-cd3394845d80,Pogrom in Warsaw Feared,1906-08-20,Poland; Europe; Western Antisemitism; Pogroms,images/1154-Pogrom-in-Warsaw-Feared-1.png
1155,3a6d6f94-3ef1-80af-a9f6-f139905a1374,Great Jewish Emigration,1906-08-05,Russia; Europe,images/1155-Great-Jewish-Emigration-1.png
1156,3a6d6f94-3ef1-8039-a3d5-d3506c5fc639,Jews Officially Blamed,1906-08-25,"Poland; Europe; Western Antisemitism; Pogroms; Victim Blaming/Justification of Antisemitism; accusation of ""Jewish Supremacy"" and/or Genocide",images/1156-Jews-Officially-Blamed-1.png
1157,3a6d6f94-3ef1-8091-8529-cde815c503d1,Russian Premier Gives Little Hope to Jews,1906-08-22,"Russia; Europe; Western Antisemitism; ""Jewish Question""",images/1157-Russian-Premier-Gives-Little-Hope-to-Jews-1.png
1158,3a6d6f94-3ef1-8087-be63-e645eb672de9,250 Jews Killed or Wounded?,1906-08-17,Poland; Europe; Western Antisemitism; Pogroms,images/1158-250-Jews-Killed-or-Wounded-1.png
1159,3a6d6f94-3ef1-80de-be9c-dd607f560da1,Moors Repulsed at Casablanca,1907-08-10,Morocco; Islamic World; Arab World; Africa; Pogroms; Muslim Antisemitism,images/1159-Moors-Repulsed-at-Casablanca-1.png
1160,3a6d6f94-3ef1-80a1-aaea-f492467dffb5,Jewish Colony in Mexico,1907-08-08,"Mexico; The Americas; Use of ""colony"" to describe Jewish communities",images/1160-Jewish-Colony-in-Mexico-1.png
1161,3a6d6f94-3ef1-8099-a500-c171a07fd3bf,Czar to Exclude Jews?,1907-08-19,Russia; Europe; Western Antisemitism; Legal Restrictions against Jews,images/1161-Czar-to-Exclude-Jews-1.png
1162,3a6d6f94-3ef1-8014-9260-f8e8156a0e08,Home for the Persecuted,1908-08-27,"Russia; Europe; Western Antisemitism; Use of ""colony"" to describe Jewish communities; US; The Americas",images/1162-Home-for-the-Persecuted-1.png
1163,3a6d6f94-3ef1-80b6-8e94-f15dabbdc2fa,Zionists Loyal to Turkey,1909-08-09,Turkey; Political Zionism; Islamic World; Intent in Israel/Palestine,images/1163-Zionists-Loyal-to-Turkey-1.png
1164,3a6d6f94-3ef1-80eb-9529-f237952923d4,Jews Returning to Wales,1911-08-25,England/UK; Europe; Western Antisemitism; Pogroms,images/1164-Jews-Returning-to-Wales-1.png
1165,3a6d6f94-3ef1-80c4-9cc0-d9d1a48b668b,Zionist Work in Palestine,1911-08-11,Israel/Palestine; Political Zionism,images/1165-Zionist-Work-in-Palestine-1.png
1166,3a6d6f94-3ef1-80d2-a672-e2a6cda76e95,Turkey Thanks Zionists,1911-08-12,Turkey; Political Zionism; Islamic World; Sources of Funding,images/1166-Turkey-Thanks-Zionists-1.png
1167,3a6d6f94-3ef1-80c5-a229-c31065b744f1,Ritual Murder Libel Encouraged by Russian court,1911-08-27,Russia; Europe; Western Antisemitism; Blood Libel,images/1167-Ritual-Murder-Libel-Encouraged-by-Russian-court-1.png
1168,3a6d6f94-3ef1-80bb-9fd0-ea17207be7c6,Jewish Colony for Utah,1911-08-13,"US; The Americas; Use of ""colony"" to describe Jewish communities",images/1168-Jewish-Colony-for-Utah-1.png
1169,3a6d6f94-3ef1-80d2-a7c4-e83552a1adfb,Russia May Sign Taft Peace Treaty,1911-08-09,"""Jewish Question""; Russia; Western Antisemitism; Europe; The Americas; US",images/1169-Russia-May-Sign-Taft-Peace-Treaty-1.png
1170,3a6d6f94-3ef1-8032-98bf-e9e6124db50f,Justice for Jews is Promise in Balkans,1913-08-21,Romania; Emancipation; Legal Restrictions against Jews; Europe; Western Antisemitism,images/1170-Justice-for-Jews-is-Promise-in-Balkans-1.png
1171,3a6d6f94-3ef1-80f3-b848-d5fe411492c3,Minimizes Favor to Jews,1913-08-01,Romania; Emancipation; Legal Restrictions against Jews; Western Antisemitism; Europe,images/1171-Minimizes-Favor-to-Jews-1.png
1172,3a6d6f94-3ef1-80dd-b8d3-c52327e48d71,Handcuffs May Prove Clue to Identity of at Least One of Leo Frank’s Lynchers,1915-08-19,Leo Frank; US; The Americas; Western Antisemitism,images/1172-Handcuffs-May-Prove-Clue-to-Identity-of-at-Least-One-of-Leo-Frank-s-Lynchers-1.png
1173,3a6d6f94-3ef1-80a8-98f6-f1259dfe22b6,Appeal to Georgia,1915-08-21,US; The Americas; Western Antisemitism; Leo Frank,images/1173-Appeal-to-Georgia-1.png
1174,3a6d6f94-3ef1-80c2-98bd-e02dcead4cca,Americans Aid Black Jews,1915-08-27,Sources of Funding; Africa; Ethiopia; US; The Americas,images/1174-Americans-Aid-Black-Jews-1.png
1175,3a6d6f94-3ef1-8030-9f4a-f4f378c28eae,"20,000 Jews Serving with British Army",1915-08-01,England/UK; Europe; Jewish contributions/activism,images/1175-20-000-Jews-Serving-with-British-Army-1.png
1176,3a6d6f94-3ef1-8010-8ecb-d2c55f31fa3d,Urge Jewish Congress,1915-08-06,US; The Americas; Jewish contributions/activism,images/1176-Urge-Jewish-Congress-1.png
1177,3a6d6f94-3ef1-80f9-826c-ff43c58e3ced,Jewish Peace in Sight,1916-08-03,US; The Americas; Jewish contributions/activism,images/1177-Jewish-Peace-in-Sight-1.png
1178,3a6d6f94-3ef1-80ab-864f-fe5ff5b8e4c4,Jews’ Congress Plan,1916-08-29,US; The Americas; Jewish contributions/activism,images/1178-Jews-Congress-Plan-1.png
1179,3a6d6f94-3ef1-80d4-8e08-c132f87cfa03,"Jewish War Victims Receive $3,891,613",1916-08-20,Europe; Sources of Funding; Russia; Israel/Palestine,images/1179-Jewish-War-Victims-Receive-3-891-613-1.png
1180,3a6d6f94-3ef1-80de-a0d0-e14004e5ca9f,Tells of Duma Plan to Free the Jews,1916-08-24,"Emancipation; Russia; Europe; Western Antisemitism; ""Jewish Question""",images/1180-Tells-of-Duma-Plan-to-Free-the-Jews-1.png
1181,3a6d6f94-3ef1-80c5-9be6-c8ba5a17d147,Austrian Threats to Jews,1916-08-29,Austria; Europe; Western Antisemitism; Legal Restrictions against Jews; Victim Blaming/Justification of Antisemitism,images/1181-Austrian-Threats-to-Jews-1.png
1182,3a6d6f94-3ef1-80ea-b717-d34d7d6056fd,To Aid Jews in Service,1917-08-09,US; The Americas; Jewish contributions/activism,images/1182-To-Aid-Jews-in-Service-1.png
1183,3a6d6f94-3ef1-8067-8fd9-de1372a9e71f,American Work in Turkey,1917-08-17,Turkey; US; Islamic World; The Americas,images/1183-American-Work-in-Turkey-1.png
1184,3a6d6f94-3ef1-80bd-9a7f-eb802fc919dc,Boost Jewish Recuiting,1918-08-24,Israel/Palestine; England/UK; Political Zionism; Judean origins/Jewish indigeneity,images/1184-Boost-Jewish-Recuiting-1.png
1185,3a6d6f94-3ef1-801c-b609-c96dd8f0fc5a,Palestine’s Joy at Allied Gains,1918-08-04,Israel/Palestine; Judean origins/Jewish indigeneity,images/1185-Palestine-s-Joy-at-Allied-Gains-1.png
1186,3a6d6f94-3ef1-808d-b562-fadc59877a6f,Germans Held Back Jewish Charity Fund,1918-08-25,Germany; Europe; Western Antisemitism; Sources of Funding; Theft of Jewish property,images/1186-Germans-Held-Back-Jewish-Charity-Fund-1.png
1187,3a6d6f94-3ef1-80bb-be5f-f635bb8c2228,Zionists Lay Cornerstone,1918-08-12,Israel/Palestine; Political Zionism,images/1187-Zionists-Lay-Cornerstone-1.png
1188,3a6d6f94-3ef1-805e-a698-eb65144f1440,Famous Advocate Slain in Russia,1918-08-19,Russia; Legal Restrictions against Jews; Europe; Western Antisemitism,images/1188-Famous-Advocate-Slain-in-Russia-1.png
1189,3a6d6f94-3ef1-80ab-a28b-c9cfe599a345,Turks Anxious for US to Run Their Country,1919-08-30,Turkey; US; Greater Syria; Israel/Palestine; Islamic World; Arab World; Palestinian Identity,images/1189-Turks-Anxious-for-US-to-Run-Their-Country-1.png
1190,3a6d6f94-3ef1-80de-b686-ef179e49e0f5,"Schiff Gives $35,000 to Zionists",1919-08-03,Sources of Funding; Political Zionism; Israel/Palestine,images/1190-Schiff-Gives-35-000-to-Zionists-1.png
1191,3a6d6f94-3ef1-8067-b830-ecdaefd50a07,Jewish Medal for Gentiles,1919-08-24,Europe; Sources of Funding,images/1191-Jewish-Medal-for-Gentiles-1.png
1192,3a6d6f94-3ef1-80a9-8600-f0c93c8da2a9,"Collect $30,000 For Jewish Relief",1919-08-24,Sources of Funding; Europe; Legal Restrictions against Jews; Emancipation; Pogroms; Western Antisemitism,images/1192-Collect-30-000-For-Jewish-Relief-1.png
1193,3a6d6f94-3ef1-8013-a987-d672ab676391,Jews in Desperate Plight in Serbia,1919-08-03,Europe; Serbia; Sources of Funding; Bulgaria; Romania,images/1193-Jews-in-Desperate-Plight-in-Serbia-1.png
1194,3a6d6f94-3ef1-806f-b35b-f2af3b3f0a82,Berlin Reactionaries Plan War on Jews,1919-08-31,"Germany; Europe; Western Antisemitism; accusation of ""Jewish Supremacy"" and/or Genocide; Victim Blaming/Justification of Antisemitism; Jews as aliens/foreigners",images/1194-Berlin-Reactionaries-Plan-War-on-Jews-1.png
1195,3a6d6f94-3ef1-8038-a5ff-d0c02bd517c0,Calls Bolsheviki Enemies of Jews,1919-08-02,Ukraine; Europe; Pogroms; Western Antisemitism; Victim Blaming/Justification of Antisemitism,images/1195-Calls-Bolsheviki-Enemies-of-Jews-1.png
1196,3a6d6f94-3ef1-80a1-9be4-daef7b05ebbb,"$35,000,000 Needed for Jewish Relief",1919-08-10,Sources of Funding; Europe; US,images/1196-35-000-000-Needed-for-Jewish-Relief-1.png
1197,3a6d6f94-3ef1-80c7-b949-d2d1861a1d81,"Say 40,000 Jews of Poland Ask Leave to Emigrate Here",1919-08-13,Poland; Europe; US; The Americas,images/1197-Say-40-000-Jews-of-Poland-Ask-Leave-to-Emigrate-Here-1.png
1198,3a6d6f94-3ef1-80ee-a056-ec95b1318d84,"Jews to Raise $7,500,000",1919-08-17,Sources of Funding; Europe; Targeting of Children,images/1198-Jews-to-Raise-7-500-000-1.png
1199,3a6d6f94-3ef1-8012-8754-d59bc2836555,"To Raise $20,000,000",1919-08-27,Sources of Funding; Europe,images/1199-To-Raise-20-000-000-1.png
1200,3a6d6f94-3ef1-8051-ada4-dbfeb19e8200,Reported Massacre of Jews in Minsk,1919-08-29,Russia; Pogroms; Europe; Western Antisemitism,images/1200-Reported-Massacre-of-Jews-in-Minsk-1.png
1201,3a6d6f94-3ef1-806c-9f90-e48d324267a3,Mesopotamian Home Rule,1920-08-30,Mesopotamia; Iraq; Arab World; Islamic World; England/UK; Western Intervention,images/1201-Mesopotamian-Home-Rule-1.png
1202,3a6d6f94-3ef1-804f-b047-e3bea20d5529,150 Christians Slain,1920-08-28,Israel/Palestine; Christianity & Churches,images/1202-150-Christians-Slain-1.png
1203,3a6d6f94-3ef1-805e-bb26-cecd03204c8b,Refugees Barred at Danzig,1920-08-15,Poland; Europe; Pogroms; Ethnic Cleansing; Western Antisemitism,images/1203-Refugees-Barred-at-Danzig-1.png
1204,3a6d6f94-3ef1-80b2-b89f-ef62e0e09442,Ancient Tiberias Found,1920-08-18,Israel/Palestine; Jewish history (relative to time of article),images/1204-Ancient-Tiberias-Found-1.png
1205,3a6d6f94-3ef1-80c4-86a6-d1b5c070d6c7,Germans in Silesia Wreck Consulates,1920-08-27,Germany; Europe; Poland; Western Antisemitism,images/1205-Germans-in-Silesia-Wreck-Consulates-1.png
1206,3a6d6f94-3ef1-80d2-81fb-c40b834f26a2,Poles and Jews Confer,1920-08-29,Poland; Europe; Western Antisemitism; Victim Blaming/Justification of Antisemitism,images/1206-Poles-and-Jews-Confer-1.png
1207,3a6d6f94-3ef1-8083-b35c-ee951fc2959a,Suffering of Jews After War Related,1920-08-15,Europe; Western Antisemitism; Russia; Ukraine; Pogroms; Boycotts against Jews,images/1207-Suffering-of-Jews-After-War-Related-1.png
1208,3a6d6f94-3ef1-80cc-9715-d92e52651e02,Condition of Jews in Russia Improved,1920-08-04,Russia; Europe; Western Antisemitism; Sources of Funding; Legal Restrictions against Jews; Political Zionism,images/1208-Condition-of-Jews-in-Russia-Improved-1.png
1209,3a6d6f94-3ef1-8019-a679-c6128fda094c,Relief Sent Russian Jews,1920-08-08,Russia; Europe; Pogroms; Western Antisemitism; USSR,images/1209-Relief-Sent-Russian-Jews-1.png
1210,3a6d6f94-3ef1-80a5-8353-e700b2774c95,Tells of Killing of Jews,1920-08-08,Russia; Pogroms; Europe; Western Antisemitism; Targeting of Children,images/1210-Tells-of-Killing-of-Jews-1.png
1211,3a6d6f94-3ef1-809f-a65a-f0ddfc89ddb7,"Pogrom, Too, in Breslau",1920-08-29,Pogroms; Europe; Western Antisemitism; Poland,images/1211-Pogrom-Too-in-Breslau-1.png
1212,3a6d6f94-3ef1-806a-8d69-fb58e98d2a05,Herod’s Statue Found,1921-08-04,Israel/Palestine; Jewish history (relative to time of article),images/1212-Herod-s-Statue-Found-1.png
1213,3a6d6f94-3ef1-8069-a1d7-e8df9feb8aa7,Hard Times for Kings,1921-08-12,Israel/Palestine; Christianity & Churches; Arab World,images/1213-Hard-Times-for-Kings-1.png
1214,3a6d6f94-3ef1-8025-8146-ed78e68050e5,Pogroms in the Ukraine,1921-08-14,Ukraine; Europe; Pogroms; Western Antisemitism,images/1214-Pogroms-in-the-Ukraine-1.png
1215,3a6d6f94-3ef1-80c3-a288-f97a215c8cc6,Report New Pogroms,1921-08-01,Pogroms; Europe; Ukraine; Western Antisemitism,images/1215-Report-New-Pogroms-1.png
1216,3a6d6f94-3ef1-80ac-afed-e4b8aa3ac70a,Einstein Has Fled Temporarily From Germany Because of Threats that He Will Be Killed,1922-08-06,Einstein; Western Antisemitism; Germany; Europe,images/1216-Einstein-Has-Fled-Temporarily-From-Germany-Because-of-Threats-that-He-Will-Be-Ki-1.png
1217,3a6d6f94-3ef1-8092-9125-df1fe2788f7c,Arabs Fight Jews at Haifa,1922-08-06,Israel/Palestine; Arab World,images/1217-Arabs-Fight-Jews-at-Haifa-1.png
1218,3a6d6f94-3ef1-8060-800f-dda12e4bc237,Twelve Lives Lost in Orphanage Fire,1922-08-17,US; The Americas,images/1218-Twelve-Lives-Lost-in-Orphanage-Fire-1.png
1219,3a6d6f94-3ef1-8085-859e-cb56e9504129,"$2,300,000 To Aid Russia",1922-08-02,Sources of Funding; Russia; Europe,images/1219-2-300-000-To-Aid-Russia-1.png
1220,3a6d6f94-3ef1-80f4-aa8c-ed964de4c27e,Cholera Raging in Crimea,1922-08-17,Ukraine; Europe,images/1220-Cholera-Raging-in-Crimea-1.png
1221,3a6d6f94-3ef1-8060-9f9f-f27fe591583e,"Describes Plight of 7,000,000 Jews",1922-08-27,Pogroms; Europe; Russia; Western Antisemitism; Ukraine; Sources of Funding,images/1221-Describes-Plight-of-7-000-000-Jews-1.png
1222,3a6d6f94-3ef1-8078-b6f7-da23577fb95b,Report 40 Jews Executed,1922-08-11,Romania; Europe; Western Antisemitism,images/1222-Report-40-Jews-Executed-1.png
1223,3a6d6f94-3ef1-806d-9a59-df760a850467,Pogroms in Silesia,1922-08-23,Poland; Europe; Western Antisemitism; Pogroms,images/1223-Pogroms-in-Silesia-1.png
1224,3a6d6f94-3ef1-80e7-944d-ebe65ce32ac1,Against Palestine as a Jewish State,1922-08-20,Israel/Palestine; US; The Americas; Greater Syria; Hashemites; Arab World; Islamic World,images/1224-Against-Palestine-as-a-Jewish-State-1.png
1225,3a6d6f94-3ef1-8091-9b4c-e4438f34bdf3,Fears Trouble on Jordan,1922-08-02,Jordan; Arab World; Islamic World; Hashemites; England/UK; Western Intervention,images/1225-Fears-Trouble-on-Jordan-1.png
1226,3a6d6f94-3ef1-80d5-9725-d14b4772b427,Jerusalem,1922-08-26,Israel/Palestine; Arab World; Islamic World; Palestinian Identity; UN & League of Nations; Intent in Israel/Palestine,images/1226-Jerusalem-1.png
1227,3a6d6f94-3ef1-80ce-8647-eb0617dc80f2,Emir Feisal Ascends the The Throne of Irak,1921-08-24,Iraq; Hashemites; England/UK; Arab World; Western Intervention,images/1227-Emir-Feisal-Ascends-the-The-Throne-of-Irak-1.png
1228,3a6d6f94-3ef1-80c3-aef5-d26caafa1f65,Jews Beaten in Budapest,1919-08-11,Hungary; Western Antisemitism; Europe; Education/Educators weaponized against Jews,images/1228-Jews-Beaten-in-Budapest-1.png
1229,3a6d6f94-3ef1-80a9-980e-f89b22e50d42,Vorwaerts Says New Outbreaks are Planned - Anti-Semitism in Berlin,1919-08-24,Germany; Pogroms; Western Antisemitism; Europe,images/1229-Vorwaerts-Says-New-Outbreaks-are-Planned---Anti-Semitism-in-Berlin-1.png
1230,3a6d6f94-3ef1-8009-97e7-fe6c77f137ea,Fear Incitement of German Pogroms,1919-08-17,Germany; Pogroms; Europe; Western Antisemitism; Victim Blaming/Justification of Antisemitism,images/1230-Fear-Incitement-of-German-Pogroms-1.png
1231,3a6d6f94-3ef1-80a8-97a8-d4a0736a5cbc,Reports Massacre of Jews in Ukraine,1919-08-01,Ukraine; Europe; Western Antisemitism; Russia; Targeting of Children,images/1231-Reports-Massacre-of-Jews-in-Ukraine-1.png
1232,3a6d6f94-3ef1-8013-8c59-cbbaf6e61746,The Massacre at Pinsk,1919-08-02,Pogroms; Russia; Western Antisemitism; Europe; Ukraine,images/1232-The-Massacre-at-Pinsk-1.png
1233,3a6d6f94-3ef1-80d3-b246-f1685de2e5d1,Massacre of Odessa Jews by Ukrainians is Reported Through Polish Sources,1919-08-03,Ukraine; Poland; Pogroms; Europe; Western Antisemitism; Russia,images/1233-Massacre-of-Odessa-Jews-by-Ukrainians-is-Reported-Through-Polish-Sources-1.png
1234,3a6d6f94-3ef1-803b-af1a-c3da75bcc39b,Hungary Expels Jews and Seizes Their Money,1918-08-26,Hungary; Europe; Western Antisemitism; Theft of Jewish property; Ethnic Cleansing; Legal Restrictions against Jews; Jews as aliens/foreigners,images/1234-Hungary-Expels-Jews-and-Seizes-Their-Money-1.png
1235,3a6d6f94-3ef1-8089-a625-e9451eeb25c6,Germans let Jews Die,1917-08-10,Germany; Europe; Western Antisemitism; Poland,images/1235-Germans-let-Jews-Die-1.png
1236,3a6d6f94-3ef1-80ad-96b2-d9a4702a3ba1,Freeing of Jews a Stupendous Task,1917-08-10,Russia; Europe; Western Antisemitism; Legal Restrictions against Jews; Jewish history (relative to time of article),images/1236-Freeing-of-Jews-a-Stupendous-Task-1.png
1237,3a6d6f94-3ef1-801d-b9fd-d1c49e0dd235,Barbarity of Turks Crushing Palestine,1917-08-14,Israel/Palestine; Turkey; Islamic World; Arab World; Muslim Antisemitism,images/1237-Barbarity-of-Turks-Crushing-Palestine-1.png; images/1237-Barbarity-of-Turks-Crushing-Palestine-2.png
1238,3a6d6f94-3ef1-802f-8873-dba9810e478e,Russia’s Expulsion of Jews,1915-08-15,Russia; Europe; Western Antisemitism; Ethnic Cleansing; Pogroms,images/1238-Russia-s-Expulsion-of-Jews-1.png
1239,3a6d6f94-3ef1-800f-a20a-ca906cfa40ed,Report Outrages on Jews,1914-08-26,Russia; Europe; Western Antisemitism; Germany,images/1239-Report-Outrages-on-Jews-1.png
1240,3a6d6f94-3ef1-8001-888b-f42ed961e05b,To Expel 500 Jews,1911-08-24,Russia; Europe; Ethnic Cleansing; Western Antisemitism; Legal Restrictions against Jews,images/1240-To-Expel-500-Jews-1.png
1241,3a6d6f94-3ef1-8058-bf06-ca61906cda55,Savage Anti-Jewish Rioting in Wales,1911-08-23,England/UK; Western Antisemitism; Europe; Pogroms,images/1241-Savage-Anti-Jewish-Rioting-in-Wales-1.png
1242,3a6d6f94-3ef1-8074-a647-cccd8f95e845,Russia Admits Straus,1910-08-27,Russia; Europe; Legal Restrictions against Jews; Western Antisemitism; US,images/1242-Russia-Admits-Straus-1.png
1243,3a6d6f94-3ef1-807b-82b2-e6e99b1e83e1,Tangier in Peril; Europeans Fleeing,1907-08-09,Morocco; Pogroms; Muslim Antisemitism; Arab World; Africa,images/1243-Tangier-in-Peril-Europeans-Fleeing-1.png
1244,3a6d6f94-3ef1-806b-bd32-ee3e793b9869,10 Days’ Massacre of Jews,1905-08-27,Moldova; Ukraine; Russia; Western Antisemitism; Europe; Pogroms,images/1244-10-Days-Massacre-of-Jews-1.png
1245,3a6d6f94-3ef1-80d2-9c13-f6f0790098b3,Russian Jews Massacred,1904-08-26,"Russia; Pogroms; Western Antisemitism; Europe; Christianity & Churches; accusation of ""Jewish Supremacy"" and/or Genocide",images/1245-Russian-Jews-Massacred-1.png
1246,3a6d6f94-3ef1-801f-8c16-e530a275c5f3,Nothing to Gain from Zion,1903-08-26,Western Antisemitism; Russia; Europe; Political Zionism; France,images/1246-Nothing-to-Gain-from-Zion-1.png
1247,3a6d6f94-3ef1-8051-a021-e571ce81bcbd,Jews in Harlem Confer,1902-08-04,US; Western Antisemitism; The Americas,images/1247-Jews-in-Harlem-Confer-1.png
1248,3a6d6f94-3ef1-80e9-97c2-f119269d6ad4,In Foreign Lands,1900-08-20,Pogroms; Ukraine; Europe; Western Antisemitism,images/1248-In-Foreign-Lands-1.png
1249,3a2d6f94-3ef1-8049-9f47-ef83086fe11e,Great Arab Tribes Join the British,1917-03-10,England/UK; Western Intervention; Iraq; Iran; Arab World; Europe; Islamic World,images/0001-Great-Arab-Tribes-Join-the-British-1.png
1250,39fd6f94-3ef1-8003-b824-d4acc8fb6f17,Libya Seeks British Aid,1958-04-22,Libya; England/UK; Western Intervention; Arab World; Africa; Europe; Islamic World,images/0002-Libya-Seeks-British-Aid-1.png
1251,39ed6f94-3ef1-80d3-9135-e2793f5f333f,Riot Against Austrian Jews,1884-07-22,Austria; Pogroms; Europe,images/0003-Riot-Against-Austrian-Jews-1.png
1252,398d6f94-3ef1-8043-b9c8-d7375f414d57,Islamic Nations Move to Keep Out ‘Schindler’s List’,1994-04-07,Muslim Antisemitism; Lebanon; Jordan; Malaysia; Indonesia; Arab World; Asia; Islamic World,images/0004-Islamic-Nations-Move-to-Keep-Out-Schindler-s-List-1.png
1253,397d6f94-3ef1-801b-bcf0-f73021ab194b,"Turks Rob, Slay Jews",1914-12-23,Turkey; Muslim Antisemitism; Ghettos; Ethnic Cleansing; Targeting of Civilians; Targeting of Children; Abductions of Jews; Islamic World,images/0005-Turks-Rob-Slay-Jews-1.png
1254,395d6f94-3ef1-8011-ac31-c210ece5cf5a,Justice for Jerusalem,1971-05-26,Israel/Palestine; Jordan; Legal Restrictions against Jews; Muslim Antisemitism; Western Intervention; Jewish history (relative to time of article); Arab World; Islamic World,images/0006-Justice-for-Jerusalem-1.png; images/0006-Justice-for-Jerusalem-2.png
1255,38fd6f94-3ef1-8000-81fe-eba0a07023af,Alleged Outrages on Jews ,1899-01-05,US; Western Antisemitism; The Americas,images/0007-Alleged-Outrages-on-Jews-1.png
1256,38cd6f94-3ef1-80f9-b8d8-d13c2111df8b,Mesopotamia,1919-01-26,Pan-Arabism; Mesopotamia; Iraq; Western Intervention; Arab World; Islamic World,images/0008-Mesopotamia-1.png
1257,38cd6f94-3ef1-80a3-a3df-ea2a654b1b91,A Plea From Mesopotamia,1919-01-09,Mesopotamia; Western Intervention; Pan-Arabism; Iraq; Arab World; Islamic World,images/0009-A-Plea-From-Mesopotamia-1.png
1258,38cd6f94-3ef1-80b7-8a34-f9ed6b0da1c6,Arab Aspirations Menace Asia Minor,1919-03-13,Iraq; Pan-Arabism; Mesopotamia; Arab World; Islamic World,images/0010-Arab-Aspirations-Menace-Asia-Minor-1.png
1259,38bd6f94-3ef1-80e2-b304-ebccd80e56c8,Russia and the Jews,1882-04-22,Russia; Pogroms; Western Antisemitism; Ukraine; Europe,images/0011-Russia-and-the-Jews-1.png
1260,38bd6f94-3ef1-806f-b60d-f309f880214c,Iraq Protests Jewish Deputies,1950-06-26,Iraq; Muslim Antisemitism; Arab World; Islamic World,images/0012-Iraq-Protests-Jewish-Deputies-1.png
1261,38bd6f94-3ef1-807a-bc3a-e768cdd58ba8,The Russian Refugees,1882-06-05,"Russia; Western Antisemitism; Use of ""colony"" to describe Jewish communities; US; Ethnic Cleansing; Europe; The Americas",images/0013-The-Russian-Refugees-1.png
1262,38bd6f94-3ef1-8018-b29a-eadfb04d1ab8,Hungarians and Jews,1882-07-14,Western Antisemitism; Blood Libel; Russia; England/UK; Christianity & Churches; Hungary; Ethnic Cleansing; Europe,images/0014-Hungarians-and-Jews-1.png
1263,38bd6f94-3ef1-80fe-9505-e72e7fb7439c,The Jews of York,1882-08-27,England/UK; Western Antisemitism; Pogroms; Jewish history (relative to time of article); Europe,images/0015-The-Jews-of-York-1.png
1264,38bd6f94-3ef1-80a9-8b29-c827e760808d,Between Moslem and Jew,1882-08-20,Christianity & Churches; Western Antisemitism; Judean origins/Jewish indigeneity; Jewish history (relative to time of article),images/0016-Between-Moslem-and-Jew-1.png
1265,38bd6f94-3ef1-80bc-a5fe-f0a8b4c18369,Provocations to Russian Jews,1882-02-05,Russia; Western Antisemitism; Legal Restrictions against Jews; Europe,images/0017-Provocations-to-Russian-Jews-1.png
1266,38bd6f94-3ef1-80cf-8548-d235acd54fc1,Only Killing a Jew,1882-04-16,Western Antisemitism; US; The Americas,images/0018-Only-Killing-a-Jew-1.png
1267,38bd6f94-3ef1-802b-ba31-c57a83300728,Shall Jews Go East or West,1882-09-24,Syria; Russia; Romania; US; Western Antisemitism; Arab World; Europe; The Americas; Islamic World,images/0019-Shall-Jews-Go-East-or-West-1.png
1268,38bd6f94-3ef1-80c7-a14f-d8baf26d3c6b,Tried for Blasphemy,1882-05-24,Western Antisemitism; Christianity & Churches; US; Legal Restrictions against Jews; The Americas,images/0020-Tried-for-Blasphemy-1.png
1269,38bd6f94-3ef1-80c7-936b-c02fd4f75248,Jews Going Out of Russia,1882-06-12,"Russia; Pogroms; Ethnic Cleansing; Sources of Funding; Use of ""colony"" to describe Jewish communities; Europe",images/0021-Jews-Going-Out-of-Russia-1.png
1270,38bd6f94-3ef1-8071-baeb-e29c5fb75c0e,Russian Jews as Citizens,1882-08-12,Western Antisemitism; Russia; US; Europe; The Americas,images/0022-Russian-Jews-as-Citizens-1.png
1271,38bd6f94-3ef1-80a5-98f7-d3cc6d30fdff,No Exceptions For the Hebrews,1882-12-24,US; Western Antisemitism; Legal Restrictions against Jews; The Americas,images/0023-No-Exceptions-For-the-Hebrews-1.png
1272,38bd6f94-3ef1-807a-a3ea-d999e0bfd412,The Polish Jewish Colony,1882-06-19,"Poland; US; Use of ""colony"" to describe Jewish communities; Europe; The Americas",images/0024-The-Polish-Jewish-Colony-1.png
1273,38bd6f94-3ef1-808e-b1e7-d9c4f3db523c,The Jewish Agitation,1882-02-04,Western Antisemitism; Russia; England/UK; Europe,images/0025-The-Jewish-Agitation-1.png
1274,38bd6f94-3ef1-8059-903a-c5126c39faee,The Jewish Riots in Hungary,1882-10-12,Hungary; Western Antisemitism; Pogroms; Europe,images/0026-The-Jewish-Riots-in-Hungary-1.png
1275,38bd6f94-3ef1-80c1-8e50-d3c09ba6fe56,Anti-Jewish Agitation,1881-08-25,Western Antisemitism; Bismark; Germany; Europe,images/0027-Anti-Jewish-Agitation-1.png
1276,38bd6f94-3ef1-804e-88be-d39e5602487a,Jewish Ladies Whipped,1881-07-04,Western Antisemitism; Russia; Targeting of Children; Pogroms; Legal Restrictions against Jews; Europe,images/0028-Jewish-Ladies-Whipped-1.png
1277,38bd6f94-3ef1-80b6-8454-cee10582e9b6,Anti-Jewish Riots in Europe,1881-04-30,Western Antisemitism; Education/Educators weaponized against Jews; Russia; Blood Libel; Pogroms; Europe,images/0029-Anti-Jewish-Riots-in-Europe-1.png
1278,38bd6f94-3ef1-8070-ade3-ed05e3c7c892,Events in Russia,1881-05-02,Western Antisemitism; Russia; Pogroms; Europe,images/0030-Events-in-Russia-1.png
1279,38bd6f94-3ef1-80be-870a-e02154957539,The Crusade Against the Jews,1881-05-22,Western Antisemitism; Russia; Pogroms; Europe,images/0031-The-Crusade-Against-the-Jews-1.png
1280,38bd6f94-3ef1-80df-8cc3-f9aa1b20e2c6,The Anti-Jewish Riots,1882-10-01,Western Antisemitism; Pogroms; Austria; Europe,images/0032-The-Anti-Jewish-Riots-1.png
1281,38bd6f94-3ef1-80f5-811f-df67a2425beb,Reformed Judaism,1881-10-31,Jewish Culture Beliefs & Debates,images/0033-Reformed-Judaism-1.png
1282,38bd6f94-3ef1-809a-9494-c1cd17a8ed66,State Questions in Germany,1881-09-15,Germany; Western Antisemitism; Pogroms; Bismark; Legal Restrictions against Jews; Europe,images/0034-State-Questions-in-Germany-1.png
1283,38bd6f94-3ef1-8038-80f2-ffa0508af05f,The Calamity At Warsaw,1881-12-27,Poland; Russia; Pogroms; Western Antisemitism; Europe,images/0035-The-Calamity-At-Warsaw-1.png
1284,38bd6f94-3ef1-80a3-adc9-e91cc3019287,Persecution of Jews in Morocco,1881-01-16,Morocco; Muslim Antisemitism; Legal Restrictions against Jews; Arab World; Africa; Islamic World,images/0036-Persecution-of-Jews-in-Morocco-1.png
1285,38bd6f94-3ef1-80c6-b56e-dcc2e2af1530,Herr Stocker And the Jews,1881-07-28,"Christianity & Churches; Germany; accusation of ""Jewish Supremacy"" and/or Genocide; Western Antisemitism; Europe",images/0037-Herr-Stocker-And-the-Jews-1.png
1286,38bd6f94-3ef1-80d2-b67e-f9b7cbec0a55,How Jews Have Fared in Spain,1881-07-12,Spain; Western Antisemitism; Ethnic Cleansing; Europe,images/0038-How-Jews-Have-Fared-in-Spain-1.png
1287,38bd6f94-3ef1-8021-81bd-d7b20383ca03,The Jews in Germany,1881-04-16,Germany; Western Antisemitism; Legal Restrictions against Jews; Bismark; Europe,images/0039-The-Jews-in-Germany-1.png
1288,38bd6f94-3ef1-803b-9c29-c2d9d5fd756e,Judeophobia,1881-02-20,Israel/Palestine; Western Antisemitism; Muslim Antisemitism; Boycotts against Jews; Romania; Italy; Europe,images/0040-Judeophobia-1.png
1289,38bd6f94-3ef1-8019-89a2-fee8829d1754,Jews in Palestine,1881-11-25,Israel/Palestine; Turkey; Syria; Western Antisemitism; Muslim Antisemitism; Judean origins/Jewish indigeneity; Jewish history (relative to time of article); Arab World; Islamic World,images/0041-Jews-in-Palestine-1.png
1290,38bd6f94-3ef1-80fd-9fcd-d23004f4408f,Restoring Solomon’s Temple,1881-10-31,Israel/Palestine; Turkey; Judean origins/Jewish indigeneity; Jewish history (relative to time of article); Islamic World,images/0042-Restoring-Solomon-s-Temple-1.png
1291,38bd6f94-3ef1-80e2-929e-d7935218b9ca,The Mosque at Jerusalem and Not the Temple to Be Restored,1881-12-12,Israel/Palestine; Turkey; Jewish history (relative to time of article); Islamic World,images/0043-The-Mosque-at-Jerusalem-and-Not-the-Temple-to-Be-Restored-1.png
1292,38bd6f94-3ef1-80fd-843f-ce613cb18f94,Journeys In Asia Minor,1881-04-25,Israel/Palestine; Antizionism; Western Antisemitism; Judean origins/Jewish indigeneity,images/0044-Journeys-In-Asia-Minor-1.png
1293,38bd6f94-3ef1-8047-8712-dadc60ad032f,The Two Worlds of Palestine,1948-05-16,Israel/Palestine; Land purchases in Israel/Palestine; Pan-Arabism,images/0045-The-Two-Worlds-of-Palestine-1.png; images/0045-The-Two-Worlds-of-Palestine-2.png
1294,859f2551-47dd-4e87-9648-a2db7f9c7ff6,The Weakness of the Jews,1903-05-24,Russia; Pogroms; Western Antisemitism; Jews as aliens/foreigners; Europe,images/0046-The-Weakness-of-the-Jews-1.png
1295,ca0e2f60-59e0-42b1-b12a-e32c2095df24,Turkey: The Anti-Jewish Riots at Smyrna,1872-05-31,Turkey; Greece; Western Antisemitism; Blood Libel; Pogroms; Targeting of Children; Europe; Islamic World,images/0047-Turkey-The-Anti-Jewish-Riots-at-Smyrna-1.png
1296,c846e748-d502-4bb7-8a39-7a0cbede6bc2,Abduction a Christian Duty,1858-11-09,Italy; Christianity & Churches; Targeting of Children; Western Antisemitism; Legal Restrictions against Jews; Europe,images/0048-Abduction-a-Christian-Duty-1.png
1297,ec04cc7b-b2df-448c-9fee-b02f426f4246,A Rabbi's Scientific Expedition,1874-11-11,Morocco; Algeria; France; Africa; Arab World; Europe; Islamic World,images/0049-A-Rabbi-s-Scientific-Expedition-1.png
1298,ba47cb44-a18c-4838-8180-ddb7b75d626f,Russia: An Old Law Relating to Jews Revived,1869-11-27,Russia; Western Antisemitism; Legal Restrictions against Jews; Ethnic Cleansing; Europe,images/0050-Russia-An-Old-Law-Relating-to-Jews-Revived-1.png
1299,22681fe5-431f-430b-bcd7-5b4c764a897a,Jerusalem,1875-10-10,Israel/Palestine; Judean origins/Jewish indigeneity,images/0051-Jerusalem-1.png; images/0051-Jerusalem-2.png
1300,d4b0df7b-df01-4bc2-9169-de8ab9e18b0e,Compulsory Christianity in Italy,1858-10-23,Italy; Christianity & Churches; Targeting of Children; Western Antisemitism; Legal Restrictions against Jews; Europe,images/0052-Compulsory-Christianity-in-Italy-1.png
1301,f56bcc57-e0b4-4cae-a52d-526b32952751,De Cordova's Lecture on the Jews,1860-10-24,US; Western Antisemitism; Austria; Spain; Germany; Holland; rag trade; Jewish history (relative to time of article); Europe; The Americas,images/0053-De-Cordova-s-Lecture-on-the-Jews-1.png
1302,1e592a5c-bbb9-4e0c-9b9b-819e3e02838b,The Sea of Galilee,1879-04-06,Israel/Palestine; Jewish history (relative to time of article),images/0054-The-Sea-of-Galilee-1.png
1303,bbcbeaf1-9d02-41bd-83ea-38394cc3bea8,Krakow,1879-02-16,Poland; Jewish history (relative to time of article); Europe,images/0055-Krakow-1.png
1304,4a233297-4356-4c56-94b4-92e65f7128e8,American Israelites in Russia,1879-06-11,US; Russia; Western Antisemitism; Legal Restrictions against Jews; Europe; The Americas,images/0056-American-Israelites-in-Russia-1.png
1305,72d454be-ec16-4386-a692-e590dd7ecd6b,A Plea for Dumb Animals,1879-01-17,US; Jewish contributions/activism; The Americas,images/0057-A-Plea-for-Dumb-Animals-1.png
1306,733854e8-2459-4f17-9eb7-7f8fa68a5ae6,Egyptian Influence on Hebrew Names,1879-03-30,Egypt; Jewish history (relative to time of article); Arab World; Africa; Islamic World,images/0058-Egyptian-Influence-on-Hebrew-Names-1.png
1307,9183288b-eff9-4fcd-95b2-a41ef088898b,Race Prejudice,1879-09-21,US; Western Antisemitism; Christianity & Churches; Legal Restrictions against Jews; Jewish history (relative to time of article); The Americas,images/0059-Race-Prejudice-1.png
1308,28cc1394-9dd1-4c67-ac94-3448fd806454,The Roumanian Hebrews,1879-09-14,Romania; Western Antisemitism; Legal Restrictions against Jews; Victim Blaming/Justification of Antisemitism; Jews as aliens/foreigners; Europe,images/0060-The-Roumanian-Hebrews-1.png
1309,361161f3-b007-4526-921f-cbf6dee2561b,European Statesmanship,1879-10-19,Romania; Western Antisemitism; Legal Restrictions against Jews; Europe,images/0061-European-Statesmanship-1.png
1310,e970ae73-ee0d-4c5c-b97d-39a308b6a968,The Jews of Roumania,1879-07-06,Romania; Western Antisemitism; Legal Restrictions against Jews; Jews as aliens/foreigners; Europe,images/0062-The-Jews-of-Roumania-1.png
1311,0f4e5563-a3b4-4f5e-9081-b9bc37b4a8ad,The Turkish Negotiations,1879-09-08,Romania; Turkey; Western Antisemitism; Legal Restrictions against Jews; Emancipation; Europe; Islamic World,images/0063-The-Turkish-Negotiations-1.png
1312,22f63eec-9d79-4a97-8e02-674c514dc573,Jews in Germany in the Last Century,1879-01-05,Germany; Western Antisemitism; Legal Restrictions against Jews; rag trade; Europe,images/0064-Jews-in-Germany-in-the-Last-Century-1.png
1313,9e4931fe-564d-4739-8df1-1b273b47b596,Jews Excluded,1879-08-10,US; Western Antisemitism; Legal Restrictions against Jews; The Americas,images/0065-Jews-Excluded-1.png
1314,8965ff82-f512-4f98-a6af-d812af46fd96,Dark Omens in the East,1879-12-15,Germany; Western Antisemitism; Jews as aliens/foreigners; Europe,images/0066-Dark-Omens-in-the-East-1.png
1315,09779201-28f2-4099-bfbd-6121c1b50b9b,Sunday Services for Hebrews,1879-05-19,US; Jewish Culture Beliefs & Debates; The Americas,images/0067-Sunday-Services-for-Hebrews-1.png
1316,77d60572-7201-4c85-82a1-175623545ae1,A Dark Chapter of History,1879-03-03,Spain; Christianity & Churches; Ethnic Cleansing; Western Antisemitism; Legal Restrictions against Jews; Jewish history (relative to time of article); Europe,images/0068-A-Dark-Chapter-of-History-1.png
1317,14be0200-5c4f-475c-8012-3bbeca88dcdd,A Jewish Emigration Scheme,1879-03-15,"US; Hungary; Use of ""colony"" to describe Jewish communities; Europe; The Americas",images/0069-A-Jewish-Emigration-Scheme-1.png
1318,5ad72bdd-ca56-4662-b63b-057d9015ec5e,The Syrian Outbreak,1860-08-11,Syria; Turkey; Arab World; Islamic World,images/0070-The-Syrian-Outbreak-1.png
1319,2fda4ff6-39c4-4a32-a91e-35b50b160aaf,Affairs in Syria,1860-10-25,Syria; Israel/Palestine; Sources of Funding; Arab World; Islamic World,images/0071-Affairs-in-Syria-1.png
1320,2bc9ca72-bdfb-4736-a374-54f8031565b0,The Syrian Christians,1860-11-21,Syria; France; Arab World; Europe; Islamic World,images/0072-The-Syrian-Christians-1.png
1321,f6c6b9f8-78c8-4d1d-845f-404e70ea2f4d,The Slaughter in Syria,1860-07-26,Syria; Turkey; Arab World; Islamic World,images/0073-The-Slaughter-in-Syria-1.png
1322,9fa894d4-4c7f-4332-8dd8-75cd279eeb95,Abyssinian Slaves,1874-08-02,Africa; Ethiopia; Sudan; Arab World; Islamic World,images/0074-Abyssinian-Slaves-1.png
1323,0ab887b2-1d5c-4d03-840c-bf326adaa762,Religious Dissensions in Syria,1874-12-27,Syria; Arab World; Islamic World,images/0075-Religious-Dissensions-in-Syria-1.png
1324,e4a466be-0627-4707-9383-fb04a9106b9c,Desolation of Palestine,1880-05-03,Israel/Palestine; Turkey; Islamic World,images/0076-Desolation-of-Palestine-1.png
1325,2efb637f-bec5-4172-a0f7-21804c64e806,Pleas for German Jews,1880-12-20,"Germany; Western Antisemitism; Legal Restrictions against Jews; accusation of ""Jewish Supremacy"" and/or Genocide; Education/Educators weaponized against Jews; Europe",images/0077-Pleas-for-German-Jews-1.png
1326,8e92aa2c-8d86-4d3c-937c-3d295e19fb90,Persecution of Jews in Morocco,1880-10-09,Morocco; Muslim Antisemitism; Legal Restrictions against Jews; Arab World; Africa; Islamic World,images/0078-Persecution-of-Jews-in-Morocco-1.png
1327,c4990c11-ed05-475f-aac6-e4b31658ded1,The Jews in Germany,1880-11-29,Germany; Western Antisemitism; Legal Restrictions against Jews; Education/Educators weaponized against Jews; Jews as aliens/foreigners; Europe,images/0079-The-Jews-in-Germany-1.png
1328,5a864784-9b36-43e5-9be6-f73b106bce0a,Jews in Germany,1880-08-28,Germany; Western Antisemitism; Legal Restrictions against Jews; Bismark; Europe,images/0080-Jews-in-Germany-1.png
1329,54a612ab-a085-49fc-825d-96c6c4d9f3bd,The German War on the Jews,1880-11-24,Germany; Western Antisemitism; Legal Restrictions against Jews; Europe,images/0081-The-German-War-on-the-Jews-1.png
1330,0209d053-2a7a-42fc-ac8e-0c09906e156e,The Jews in Europe,1880-02-15,Western Antisemitism; Political Zionism; Christianity & Churches; Germany; Romania; Europe,images/0082-The-Jews-in-Europe-1.png
1331,bbc1b49f-77ad-43db-86e8-4426739a1c60,Outrages at Smyrna,1874-09-14,Turkey; Muslim Antisemitism; Islamic World,images/0083-Outrages-at-Smyrna-1.png
1332,870db0f4-60d9-4ac1-8860-88af0135c046,"Hebrew, Israelite, Jew",1877-09-18,US; Jewish history (relative to time of article); The Americas,images/0084-Hebrew-Israelite-Jew-1.png
1333,388d6f94-3ef1-808a-8b14-e239cd3dfd12,"White Paper Faces Fire of Arabs, Jews",1939-05-15,Israel/Palestine; England/UK; Arab League; Western Intervention; Intent in Israel/Palestine; Mufti; Europe,images/0085-White-Paper-Faces-Fire-of-Arabs-Jews-1.png
1334,388d6f94-3ef1-8014-8bb2-dc6bc494c4af,England: The Jewish Emancipation Bill Thrown Out,1853-05-16,"England/UK; Western Antisemitism; Legal Restrictions against Jews; Christianity & Churches; Emancipation; accusation of ""Jewish Supremacy"" and/or Genocide; Europe",images/0086-England-The-Jewish-Emancipation-Bill-Thrown-Out-1.png
1335,388d6f94-3ef1-80e4-a85b-e1f21f10416c,Turkey: Protection for the Jews,1868-05-11,Turkey; Muslim Antisemitism; Romania; Ukraine; Moldova; Europe; Islamic World,images/0087-Turkey-Protection-for-the-Jews-1.png
1336,388d6f94-3ef1-80de-b1e3-c65b05d89536,Rabbis Discuss Sabbath,1904-06-29,US; Jewish Culture Beliefs & Debates; The Americas,images/0088-Rabbis-Discuss-Sabbath-1.png
1337,388d6f94-3ef1-8024-a82a-d2c50fe1f79f,Fear of Pogroms To-Day,1906-06-30,Russia; Pogroms; Western Antisemitism; Christianity & Churches; Europe,images/0089-Fear-of-Pogroms-To-Day-1.png
1338,388d6f94-3ef1-809a-9bab-c9a4c5efee1a,Makes an Appeal for Starving Jews,1916-06-30,Russia; Lithuania; Poland; Ethnic Cleansing; Western Antisemitism; Europe,images/0090-Makes-an-Appeal-for-Starving-Jews-1.png
1339,388d6f94-3ef1-80dc-9035-cc2bfca4f117,The Suffering Jews in Turkey,1878-03-01,Turkey; Israel/Palestine; Ethnic Cleansing; Bulgaria; Europe; Islamic World,images/0091-The-Suffering-Jews-in-Turkey-1.png
1340,388d6f94-3ef1-8032-bce7-efca5e2f7dea,The Jews in Italy,1874-03-04,Italy; Legal Restrictions against Jews; Western Antisemitism; Europe,images/0092-The-Jews-in-Italy-1.png
1341,388d6f94-3ef1-80a6-9e64-ee880c9af2e7,Persecution of Jews in Roumania,1872-03-23,Romania; Pogroms; Western Antisemitism; Ethnic Cleansing; Europe,images/0093-Persecution-of-Jews-in-Roumania-1.png
1342,388d6f94-3ef1-8059-8da8-c111fa3a9435,Pogroms Reported in Ukraine Towns,1922-06-22,USSR; Russia; Pogroms; Ethnic Cleansing; Europe,images/0094-Pogroms-Reported-in-Ukraine-Towns-1.png
1343,388d6f94-3ef1-8008-b0b3-ea75c8279031,Rumania Oppresses Jews,1916-06-23,Romania; Western Antisemitism; Legal Restrictions against Jews; Europe,images/0095-Rumania-Oppresses-Jews-1.png
1344,388d6f94-3ef1-80ee-87c8-f6ddac1f9297,Rumanian Decree Emancipates Jews,1919-06-23,Romania; Legal Restrictions against Jews; Emancipation; Europe,images/0096-Rumanian-Decree-Emancipates-Jews-1.png
1345,388d6f94-3ef1-80bf-861d-db6c0514ee32,Threaten Boycott of Georgia Jews,1915-06-24,US; Western Antisemitism; The Americas; Boycotts against Jews,images/0097-Threaten-Boycott-of-Georgia-Jews-1.png
1346,388d6f94-3ef1-8089-b437-f2c16fda6108,Excitement in Crete,1875-06-25,Greece; Turkey; Legal Restrictions against Jews; Western Antisemitism; Muslim Antisemitism; Europe; Islamic World,images/0098-Excitement-in-Crete-1.png
1347,388d6f94-3ef1-8012-9ad5-fdec76c0139e,Boom Town in Palestine,1922-06-25,Israel/Palestine; Pogroms; Ethnic Cleansing; Land purchases in Israel/Palestine,images/0099-Boom-Town-in-Palestine-1.png
1348,388d6f94-3ef1-80b7-bd2e-d44828df0a21,Cossacks Massacre Lodz Inhabitants,1905-06-26,Russia; Poland; Pogroms; Western Antisemitism; Europe,images/0100-Cossacks-Massacre-Lodz-Inhabitants-1.png
1349,388d6f94-3ef1-8022-8795-e3967d48baa3,May Relax Anti-Jew Laws,1908-06-26,Russia; Western Antisemitism; Legal Restrictions against Jews; Europe,images/0101-May-Relax-Anti-Jew-Laws-1.png
1350,388d6f94-3ef1-8026-8ba1-c8d544a47f93,Jews Plan to Form 'First Volunteers',1916-06-26,US; Western Antisemitism; Legal Restrictions against Jews; The Americas,images/0102-Jews-Plan-to-Form-First-Volunteers-1.png
1351,388d6f94-3ef1-802c-b446-edc97c2ef0e8,Feeling Against the Jews,1903-06-28,US; Russia; Western Antisemitism; Christianity & Churches; Pogroms; Europe; The Americas,images/0103-Feeling-Against-the-Jews-1.png
1352,388d6f94-3ef1-80c4-a342-c89b083381bf,Prepare to Massacre Sevastopol Liberals,1906-06-28,Russia; Pogroms; Western Antisemitism; Europe,images/0104-Prepare-to-Massacre-Sevastopol-Liberals-1.png
1353,388d6f94-3ef1-806f-bb35-c040a76f7d96,New Anti-Jewish Campaign,1911-06-28,Russia; Western Antisemitism; Legal Restrictions against Jews; Ethnic Cleansing; Europe,images/0105-New-Anti-Jewish-Campaign-1.png
1354,388d6f94-3ef1-8087-bd05-c9cc29106b28,Attempt to Defend Anti-Jew Policy,1914-06-28,Russia; England/UK; Western Antisemitism; Legal Restrictions against Jews; Europe,images/0106-Attempt-to-Defend-Anti-Jew-Policy-1.png
1355,388d6f94-3ef1-80bf-9abd-dbb153254963,To Discuss Jewish Sabbath,1903-06-29,US; Jewish Culture Beliefs & Debates; The Americas,images/0107-To-Discuss-Jewish-Sabbath-1.png
1356,388d6f94-3ef1-8005-b6b1-f9e3eaecfb0d,Mission for Morgenthau,1917-06-20,US; Israel/Palestine; Egypt; Turkey; Muslim Antisemitism; Arab World; Africa; The Americas; Islamic World,images/0108-Mission-for-Morgenthau-1.png
1357,388d6f94-3ef1-80d1-90f6-c2ec28595020,Expelling More Jews,1911-06-20,Russia; Western Antisemitism; Legal Restrictions against Jews; Ethnic Cleansing; Ukraine; Europe,images/0109-Expelling-More-Jews-1.png
1358,388d6f94-3ef1-80dc-89ab-d8a63b178bf8,Fifty More Jews Killed,1906-06-20,Russia; Pogroms; Western Antisemitism; Europe,images/0110-Fifty-More-Jews-Killed-1.png
1359,388d6f94-3ef1-80e7-92df-f30098f8e1e5,Bialystok Slaughter Carefully Planned,1906-06-20,"Russia; Poland; Pogroms; Western Antisemitism; accusation of ""Jewish Supremacy"" and/or Genocide; Europe",images/0111-Bialystok-Slaughter-Carefully-Planned-1.png
1360,388d6f94-3ef1-8069-b2c2-eb7591b85aeb,"8,000 Jews Expelled",1917-06-19,"Israel/Palestine; Turkey; Ethnic Cleansing; Use of ""colony"" to describe Jewish communities; Islamic World",images/0112-8-000-Jews-Expelled-1.png
1361,388d6f94-3ef1-804f-b061-dbe81ff299c8,Would Emancipate Rumanian Jews,1913-06-19,Romania; Legal Restrictions against Jews; Western Antisemitism; Emancipation; Europe,images/0113-Would-Emancipate-Rumanian-Jews-1.png
1362,388d6f94-3ef1-8027-b15d-d0f9c90a8311,Massacre Organizer Promptly Promoted,1906-06-19,Russia; Poland; Pogroms; Western Antisemitism; Europe,images/0114-Massacre-Organizer-Promptly-Promoted-1.png
1363,388d6f94-3ef1-8012-9b92-dc0471a3bdc1,More Anti-Jewish Riots,1906-06-19,Russia; Pogroms; Western Antisemitism; Europe,images/0115-More-Anti-Jewish-Riots-1.png
1364,388d6f94-3ef1-8096-b77e-d1c8ab50fc1d,City a Scene of Horror,1906-06-19,Russia; Poland; Pogroms; Western Antisemitism; Europe,images/0116-City-a-Scene-of-Horror-1.png
1365,388d6f94-3ef1-8001-9d3d-fc84e40d0bdb,Massacre of Jews Averted,1903-06-19,Russia; Pogroms; Western Antisemitism; Europe,images/0117-Massacre-of-Jews-Averted-1.png
1366,388d6f94-3ef1-8099-8a95-ff04c45af9aa,Troops Aided Mob to Murder Jews,1906-06-18,Russia; Poland; Pogroms; Western Antisemitism; Blood Libel; Victim Blaming/Justification of Antisemitism; Europe,images/0118-Troops-Aided-Mob-to-Murder-Jews-1.png
1367,388d6f94-3ef1-80a9-9e47-dcdadaec0f84,General Massacre Feared,1906-06-18,Russia; Poland; Pogroms; Western Antisemitism; Europe,images/0119-General-Massacre-Feared-1.png
1368,388d6f94-3ef1-808a-8b2b-d64ba9449604,Advertisement Vexes Jews,1906-06-18,US; Western Antisemitism; The Americas,images/0120-Advertisement-Vexes-Jews-1.png
1369,388d6f94-3ef1-80d2-8367-d0dce1624579,"""Let Us Embrace, Kiss, and Go Kill Jews""",1903-06-28,Russia; Pogroms; Western Antisemitism; Christianity & Churches; Europe,images/0121-Let-Us-Embrace-Kiss-and-Go-Kill-Jews-1.png
1370,388d6f94-3ef1-8038-a087-d774b5a39741,Jews Beaten to Death by Police and Cossacks,1903-06-18,Russia; Poland; Pogroms; Western Antisemitism; Europe,images/0122-Jews-Beaten-to-Death-by-Police-and-Cossacks-1.png
1371,388d6f94-3ef1-8021-aa6b-d95098d6a4e5,Anti-Jewish Agitation in Poland,1918-06-17,Poland; Western Antisemitism; Pogroms; Europe,images/0123-Anti-Jewish-Agitation-in-Poland-1.png
1372,388d6f94-3ef1-8089-93ed-fb2a51745eaf,Jewish Mission to East,1917-06-17,US; Israel/Palestine; Turkey; Western Intervention; Muslim Antisemitism; The Americas; Islamic World,images/0124-Jewish-Mission-to-East-1.png
1373,388d6f94-3ef1-806d-b517-c04bf3f5c24b,Bombs Openly Sold in Bialystok Streets,1906-06-17,Russia; Poland; Pogroms; Western Antisemitism; Europe,images/0125-Bombs-Openly-Sold-in-Bialystok-Streets-1.png
1374,388d6f94-3ef1-80aa-ae14-c4ddc287064b,The Jews in Turkey,1877-06-17,"Turkey; Israel/Palestine; Muslim Antisemitism; Use of ""colony"" to describe Jewish communities; Islamic World",images/0126-The-Jews-in-Turkey-1.png; images/0126-The-Jews-in-Turkey-2.png
1375,388d6f94-3ef1-8031-b363-d4c0cff9f2f6,More Mercy for Jews,1910-06-16,Russia; Western Antisemitism; Legal Restrictions against Jews; Ethnic Cleansing; Targeting of Children; Christianity & Churches; Europe,images/0127-More-Mercy-for-Jews-1.png
1376,388d6f94-3ef1-80d8-a2a5-f13ad645d9fa,To Give Arab Rule to Mesopotamia,1921-06-15,Mesopotamia; Iraq; England/UK; Western Intervention; Pan-Arabism; Arab World; Europe; Islamic World,images/0128-To-Give-Arab-Rule-to-Mesopotamia-1.png
1377,388d6f94-3ef1-8079-9cb6-fe8933b5646c,Spain to Welcome Return of Jews,1915-06-15,Spain; Ethnic Cleansing; Legal Restrictions against Jews; Jewish history (relative to time of article); Europe,images/0129-Spain-to-Welcome-Return-of-Jews-1.png
1378,388d6f94-3ef1-801a-9946-c46bcd562281,Jews of Russian City Are Being Massacred,1906-06-15,Russia; Poland; Pogroms; Western Antisemitism; Europe,images/0130-Jews-of-Russian-City-Are-Being-Massacred-1.png
1379,388d6f94-3ef1-801e-a53d-e3c3cc6a4470,Conversion by Force,1926-06-13,Poland; Russia; Hungary; Pogroms; Christianity & Churches; Western Antisemitism; Ethnic Cleansing; Europe,images/0131-Conversion-by-Force-1.png
1380,388d6f94-3ef1-801d-936c-d7e40670b76f,Deportation Works Hardships on Jews,1915-06-13,US; Russia; Western Antisemitism; Legal Restrictions against Jews; Ethnic Cleansing; Europe; The Americas,images/0132-Deportation-Works-Hardships-on-Jews-1.png
1381,388d6f94-3ef1-80c4-b7ac-fd2c0d363578,Odessa Renews Violence to Jews,1907-06-13,Russia; Pogroms; Western Antisemitism; Ethnic Cleansing; Victim Blaming/Justification of Antisemitism; Ukraine; Europe,images/0133-Odessa-Renews-Violence-to-Jews-1.png
1382,388d6f94-3ef1-8007-9601-f799a37f1bca,To Emancipate the Jews,1901-06-13,US; Russia; Romania; Legal Restrictions against Jews; Western Antisemitism; Emancipation; Europe; The Americas,images/0134-To-Emancipate-the-Jews-1.png
1383,388d6f94-3ef1-8089-9a90-fe1dc93ced20,Police Hunt Down Jews in Russia,1910-06-12,Russia; Western Antisemitism; Legal Restrictions against Jews; Ethnic Cleansing; Ukraine; Europe,images/0135-Police-Hunt-Down-Jews-in-Russia-1.png
1384,388d6f94-3ef1-8053-97a0-fb294355af34,More Anti-Semitic Riots in Konitz,1900-06-12,Germany; Poland; Western Antisemitism; Pogroms; Blood Libel; Europe,images/0136-More-Anti-Semitic-Riots-in-Konitz-1.png
1385,388d6f94-3ef1-8084-b4fa-d1b56f3442b1,The Colony of Hederah,1922-06-11,"Israel/Palestine; Use of ""colony"" to describe Jewish communities; Land purchases in Israel/Palestine",images/0137-The-Colony-of-Hederah-1.png
1386,388d6f94-3ef1-80ba-9609-f4dda44f5659,Ask Protection for Jews,1919-06-11,US; England/UK; Italy; Poland; Romania; Russia; Pogroms; Western Antisemitism; Legal Restrictions against Jews; Europe; The Americas,images/0138-Ask-Protection-for-Jews-1.png
1387,388d6f94-3ef1-80f9-97a3-cdf9f39c2289,Two Americans Hurt in Anti-Semitic Riot,1920-06-10,Austria; US; Western Antisemitism; Pogroms; Europe; The Americas,images/0139-Two-Americans-Hurt-in-Anti-Semitic-Riot-1.png
1388,388d6f94-3ef1-803f-a99b-cdf908fb3b2a,Tales of Horror in Vilna Report,1919-06-10,Poland; Lithuania; Pogroms; Western Antisemitism; Ethnic Cleansing; Targeting of Children; Russia; Europe,images/0140-Tales-of-Horror-in-Vilna-Report-1.png
1389,388d6f94-3ef1-80cf-9645-ff7f77f7bbf2,Pogroms Throughout Russia,1919-06-10,Russia; Pogroms; Western Antisemitism; Ethnic Cleansing; Europe,images/0141-Pogroms-Throughout-Russia-1.png
1390,388d6f94-3ef1-80d2-aade-dcbb59cc2d50,Raid St. Petersburg Jews,1911-06-10,Russia; Western Antisemitism; Legal Restrictions against Jews; Ethnic Cleansing; Europe,images/0142-Raid-St.-Petersburg-Jews-1.png
1391,388d6f94-3ef1-8041-b71a-ed40da673612,Careful Search for Jews,1910-06-10,Russia; Western Antisemitism; Legal Restrictions against Jews; Ethnic Cleansing; Europe,images/0143-Careful-Search-for-Jews-1.png
1392,388d6f94-3ef1-8084-bde0-e593b110dbda,A Russian Town Burned,1910-06-10,Russia; Pogroms; Western Antisemitism; Ethnic Cleansing; Europe,images/0144-A-Russian-Town-Burned-1.png
1393,388d6f94-3ef1-805f-9127-d1dbfcbd3fe2,Moorish Jews Grateful,1906-06-10,Morocco; US; Legal Restrictions against Jews; Muslim Antisemitism; Arab World; Africa; The Americas; Islamic World,images/0145-Moorish-Jews-Grateful-1.png
1394,388d6f94-3ef1-8095-9b14-c075dc1d48cc,"Jews, Arabs Recruit in German DP Camps",1948-06-09,Germany; Israel/Palestine; Arab League; Nazis/Fascists; Europe,images/0146-Jews-Arabs-Recruit-in-German-DP-Camps-1.png
1395,388d6f94-3ef1-8073-accc-c4387b716f70,Jewish Workers Fired On,1948-06-09,Israel/Palestine; Jordan; Targeting of Civilians; Arab World; Islamic World,images/0147-Jewish-Workers-Fired-On-1.png
1396,388d6f94-3ef1-80d8-a379-eab582d2d2e4,Protest by Vienna Jews,1918-06-09,Austria; Romania; Western Antisemitism; Legal Restrictions against Jews; Europe,images/0148-Protest-by-Vienna-Jews-1.png
1397,388d6f94-3ef1-8016-ac20-c69278353d5d,To Explain Jewish Incident,1911-06-09,US; Western Antisemitism; Legal Restrictions against Jews; The Americas,images/0149-To-Explain-Jewish-Incident-1.png
1398,388d6f94-3ef1-8061-901b-e6aaee55543a,Jews in Peril in Russian Poland,1903-06-09,Russia; Poland; Pogroms; Western Antisemitism; Ethnic Cleansing; Europe,images/0150-Jews-in-Peril-in-Russian-Poland-1.png
1399,388d6f94-3ef1-80e3-bf5e-f7c9311af1fb,Four Conditions Set by Arabs,1948-06-08,Israel/Palestine; Arab League; Blockade/Siege/Targeting of Food & Water,images/0151-Four-Conditions-Set-by-Arabs-1.png
1400,388d6f94-3ef1-8082-b556-c78327cd0820,Chief Rabbi Tells of Ruins,1948-06-08,Israel/Palestine; Muslim Antisemitism; Ethnic Cleansing,images/0152-Chief-Rabbi-Tells-of-Ruins-1.png
1401,388d6f94-3ef1-8050-9051-e1cde21857ed,"Say Polish Troops Slew 1,500 in Vilna",1919-06-08,Poland; Lithuania; Pogroms; Western Antisemitism; Europe,images/0153-Say-Polish-Troops-Slew-1-500-in-Vilna-1.png
1402,388d6f94-3ef1-804f-9e0c-d43c0803544b,German Anti-Jew Campaign,1915-06-08,Germany; Western Antisemitism; Legal Restrictions against Jews; Europe,images/0154-German-Anti-Jew-Campaign-1.png
1403,388d6f94-3ef1-80e0-9879-ff2754b90a8b,Russian Jews for Texas,1907-06-08,"Russia; US; Use of ""colony"" to describe Jewish communities; Europe; The Americas",images/0155-Russian-Jews-for-Texas-1.png
1404,388d6f94-3ef1-80f9-a9ff-ce4de94dd514,Jerusalem Shelled,1948-06-07,Israel/Palestine; Targeting of Civilians; Targeting of Children,images/0156-Jerusalem-Shelled-1.png
1405,388d6f94-3ef1-80a2-859c-fec814383de2,Sephardic Jews Dine,1926-06-07,US; Spain; Greece; Turkey; Romania; Jewish Culture Beliefs & Debates; Europe; The Americas; Islamic World,images/0157-Sephardic-Jews-Dine-1.png
1406,388d6f94-3ef1-80f5-986a-ea53c160b1d0,Felix Adler in Berlin,1908-06-07,Germany; US; Western Antisemitism; Legal Restrictions against Jews; Education/Educators weaponized against Jews; Europe; The Americas,images/0158-Felix-Adler-in-Berlin-1.png
1407,388d6f94-3ef1-8090-9d9f-c207570032ec,Jews Leaving Roumania,1902-06-07,Romania; US; Western Antisemitism; Legal Restrictions against Jews; Ethnic Cleansing; Europe; The Americas,images/0159-Jews-Leaving-Roumania-1.png
1408,388d6f94-3ef1-806f-b6f4-fbde7633754c,Poland,1871-06-07,Poland; Russia; Western Antisemitism; Legal Restrictions against Jews; Europe,images/0160-Poland-1.png
1409,388d6f94-3ef1-808a-8615-e4e869376875,No Interference in Israel Pledged,1948-06-06,Israel/Palestine; UN & League of Nations; Syria; Western Intervention; Arab World; Islamic World,images/0161-No-Interference-in-Israel-Pledged-1.png
1410,388d6f94-3ef1-8063-b4c3-d60628fbdb8e,Kishineff Jews Were Disarmed by Soldiers,1903-06-06,Russia; Pogroms; Western Antisemitism; Legal Restrictions against Jews; Moldova; Europe,images/0162-Kishineff-Jews-Were-Disarmed-by-Soldiers-1.png
1411,388d6f94-3ef1-80fa-a73e-d77038af4809,Jerusalem Shelled Anew,1948-06-05,Israel/Palestine; Jordan; Targeting of Civilians; Muslim Antisemitism; Blockade/Siege/Targeting of Food & Water; Arab World; Islamic World,images/0163-Jerusalem-Shelled-Anew-1.webp
1412,388d6f94-3ef1-80f5-bef8-c5b237307fef,Intervenes for Jews,1917-06-05,Spain; Israel/Palestine; Turkey; Western Intervention; Ethnic Cleansing; Europe; Islamic World,images/0164-Intervenes-for-Jews-1.png
1413,388d6f94-3ef1-8067-a0ba-db8f741fbeab,Russian Distrust of Jews,1915-06-05,Russia; Western Antisemitism; Legal Restrictions against Jews; Dual Loyalty Trope; Europe,images/0165-Russian-Distrust-of-Jews-1.png
1414,388d6f94-3ef1-800a-8a02-db0ff9e5c414,Jews' Sufferings Grow,1915-06-05,Russia; Poland; Western Antisemitism; Europe,images/0166-Jews-Sufferings-Grow-1.png
1415,388d6f94-3ef1-8016-9710-d4df7a3cbbc0,To Bar Jewish Delegates,1910-06-05,Russia; Western Antisemitism; Legal Restrictions against Jews; Europe,images/0167-To-Bar-Jewish-Delegates-1.png
1416,388d6f94-3ef1-80df-a19d-e77fc0afec2a,Jews Going to Turkey,1910-06-05,"Russia; Turkey; US; Ethnic Cleansing; Use of ""colony"" to describe Jewish communities; Ukraine; Europe; The Americas; Islamic World",images/0168-Jews-Going-to-Turkey-1.png
1417,388d6f94-3ef1-803c-98ad-cc4a3322e2cd,Pessimism in Tel Aviv,1948-06-04,Israel/Palestine; Egypt; England/UK; UN & League of Nations; Western Intervention; Muslim Antisemitism; Blood Libel; Arab World; Africa; Europe; Islamic World,images/0169-Pessimism-in-Tel-Aviv-1.png
1418,388d6f94-3ef1-80e3-90dc-f1803466a0b4,Oil Expert Says Production Lags,1948-06-04,Oil; Israel/Palestine; Lebanon; Saudi Arabia; Western Intervention; Arab World; Islamic World,images/0170-Oil-Expert-Says-Production-Lags-1.png
1419,388d6f94-3ef1-80a4-be71-e66b381088ff,"British Halt Arms to Arabs, Keep Immigrants at Cyprus",1948-06-04,England/UK; Israel/Palestine; Western Intervention; Europe,images/0171-British-Halt-Arms-to-Arabs-Keep-Immigrants-at-Cyprus-1.png
1420,388d6f94-3ef1-8042-81eb-fa8b330063b0,Anti-Racism Fight Seen in Germany,1948-06-04,Germany; Nazis/Fascists; Holocaust; Western Antisemitism; US; Europe; The Americas,images/0172-Anti-Racism-Fight-Seen-in-Germany-1.png
1421,388d6f94-3ef1-804c-b953-d2a7083dadd5,Guard Threatened Jews,1913-06-03,Russia; Poland; Western Antisemitism; Ethnic Cleansing; Europe,images/0173-Guard-Threatened-Jews-1.png
1422,388d6f94-3ef1-809d-8de4-f4f46cf553f4,The Return of the Jews,1877-06-03,Israel/Palestine; Morocco; Russia; Poland; Judean origins/Jewish indigeneity; Arab World; Africa; Europe; Islamic World,images/0174-The-Return-of-the-Jews-1.png
1423,388d6f94-3ef1-8006-9598-cd4c45012aa1,Zionist Flag Unfurled,1917-06-01,Political Zionism; Israel/Palestine,images/0175-Zionist-Flag-Unfurled-1.png
1424,388d6f94-3ef1-80a4-b8e6-e5d3807349e8,Old Jewish Colony in Heart of China,1913-06-01,"China; Use of ""colony"" to describe Jewish communities; Jewish history (relative to time of article); Asia",images/0176-Old-Jewish-Colony-in-Heart-of-China-1.png
1425,388d6f94-3ef1-806a-9636-f72f065d537f,One of the Sights of Jerusalem,1876-07-23,Israel/Palestine; Judean origins/Jewish indigeneity,images/0177-One-of-the-Sights-of-Jerusalem-1.png
1426,388d6f94-3ef1-80ea-8666-edae35de8d2f,Poles Kill 26 Jews in Kielce Pogrom,1946-07-05,Poland; Pogroms; Western Antisemitism; Blood Libel; Targeting of Children; Europe,images/0178-Poles-Kill-26-Jews-in-Kielce-Pogrom-1.png
1427,388d6f94-3ef1-80a6-8b14-c309f7c05002,The Jews,1872-01-28,"Israel/Palestine; Africa; Morocco; Egypt; Yemen; China; Use of ""colony"" to describe Jewish communities; Iran; Judean origins/Jewish indigeneity; Jewish history (relative to time of article); Arab World; Asia; Islamic World",images/0179-The-Jews-1.png
1428,388d6f94-3ef1-8076-b94c-ea0b9694111e,The Jews in Roumania,1876-01-16,Romania; Western Antisemitism; Legal Restrictions against Jews; Ethnic Cleansing; Europe,images/0180-The-Jews-in-Roumania-1.png
1429,388d6f94-3ef1-8077-a4b7-e133126ce69e,Tells of Progress of Jewish Farmers,1926-06-04,US; The Americas,images/0181-Tells-of-Progress-of-Jewish-Farmers-1.png
1430,388d6f94-3ef1-80ac-8efa-e1187fee80d6,Beauregard and the Jews,1863-02-08,US; The Americas,images/0182-Beauregard-and-the-Jews-1.png
1431,388d6f94-3ef1-8021-a9de-ec3e39cfd562,Jews in Jerusalem,1878-12-29,Israel/Palestine; Muslim Antisemitism,images/0183-Jews-in-Jerusalem-1.png
1432,388d6f94-3ef1-8064-a2d2-fd10e05de013,The Emperor of Russia and the Jews,1874-12-12,Russia; Western Antisemitism; Legal Restrictions against Jews; Europe,images/0184-The-Emperor-of-Russia-and-the-Jews-1.png
1433,388d6f94-3ef1-80af-9171-ec4926a3e74b,The Jews in Rome,1870-12-27,Italy; Christianity & Churches; Ghettos; Western Antisemitism; Legal Restrictions against Jews; Europe,images/0185-The-Jews-in-Rome-1.png
1434,388d6f94-3ef1-8031-acba-ddf8d9dd350c,Jews in Prussia,1888-08-18,Germany; Jewish history (relative to time of article); Europe,images/0186-Jews-in-Prussia-1.png
1435,388d6f94-3ef1-8073-ac46-c0d9eee38daa,The Jews in Italy,1875-08-01,Italy; Christianity & Churches; Ghettos; Western Antisemitism; Legal Restrictions against Jews; Europe,images/0187-The-Jews-in-Italy-1.png
1436,388d6f94-3ef1-808b-9d75-dfe076cf815a,First Plane Designed and Built in Israel Makes Inaugural Flight,1970-04-10,Israel/Palestine,images/0188-First-Plane-Designed-and-Built-in-Israel-Makes-Inaugural-Flight-1.png; images/0188-First-Plane-Designed-and-Built-in-Israel-Makes-Inaugural-Flight-2.png
1437,388d6f94-3ef1-806a-b7d9-e698c71533fb,Saudis Bar a Briton As Envoy on Basis of Jewish Lineage,1968-04-10,Saudi Arabia; England/UK; Muslim Antisemitism; Legal Restrictions against Jews; Arab World; Europe; Islamic World,images/0189-Saudis-Bar-a-Briton-As-Envoy-on-Basis-of-Jewish-Lineage-1.png
1438,388d6f94-3ef1-80a5-ad60-f8bc6efa82a3,Crime Wave Follows Slaying in Palestine,1931-04-10,"Israel/Palestine; Use of ""colony"" to describe Jewish communities; Muslim Antisemitism; Targeting of Civilians; Targeting of Children; Pogroms",images/0190-Crime-Wave-Follows-Slaying-in-Palestine-1.png
1439,388d6f94-3ef1-80fd-9a4c-da8e6165cb61,"No Title: Moscow, April 9",1923-04-10,Russia; USSR; Legal Restrictions against Jews; Western Antisemitism; Christianity & Churches; Europe,images/0191-No-Title-Moscow-April-9-1.png
1440,388d6f94-3ef1-80c3-abbb-d661047bf0c8,Truce Talks Fail; Arabs Shun Agency,1948-04-09,Israel/Palestine; Arab League; UN & League of Nations; Pan-Arabism; Intent in Israel/Palestine,images/0192-Truce-Talks-Fail-Arabs-Shun-Agency-1.png
1441,388d6f94-3ef1-8056-be5f-db64525de90f,Arabs Win Kastel But Chief Is Slain,1948-04-09,Israel/Palestine; Mufti; Targeting of Civilians,images/0193-Arabs-Win-Kastel-But-Chief-Is-Slain-1.png
1442,388d6f94-3ef1-8026-acd9-f704681aca5d,Zionists Demand Britain Obey U. N.,1947-04-09,Israel/Palestine; Political Zionism; England/UK; UN & League of Nations; Western Intervention; Europe,images/0194-Zionists-Demand-Britain-Obey-U.-N.-1.png
1443,388d6f94-3ef1-80d2-92b2-d00bbe408017,Jerusalem Excavators Find Catapult Ball Shot by Romans,1927-04-09,Israel/Palestine; Jewish history (relative to time of article),images/0195-Jerusalem-Excavators-Find-Catapult-Ball-Shot-by-Romans-1.png
1444,388d6f94-3ef1-80cb-af60-e1d70ff73b23,Wall's Collapse Aids Palestine Explorers,1924-04-09,Israel/Palestine; Jewish history (relative to time of article),images/0196-Wall-s-Collapse-Aids-Palestine-Explorers-1.png
1445,388d6f94-3ef1-809c-8464-e7634480773d,Arab Guns Pound Settlement,1948-04-08,Israel/Palestine; Targeting of Civilians; Targeting of Children,images/0197-Arab-Guns-Pound-Settlement-1.png
1446,388d6f94-3ef1-8075-a9d0-f720453e1f78,Riots in Jerusalem,1920-04-08,Israel/Palestine; Muslim Antisemitism; Pogroms; Targeting of Civilians,images/0198-Riots-in-Jerusalem-1.png
1447,388d6f94-3ef1-80ca-bda0-d68a1a035d2c,Anti-Semitism's False Basis,1893-10-10,US; Western Antisemitism; Jewish Culture Beliefs & Debates; The Americas,images/0199-Anti-Semitism-s-False-Basis-1.png
1448,388d6f94-3ef1-80c6-86ec-ef86f1217b28,More Rioting in Paris,1899-01-28,France; Western Antisemitism; Pogroms; Dual Loyalty Trope; Europe,images/0200-More-Rioting-in-Paris-1.png
1449,388d6f94-3ef1-80c1-89d0-c7bfb6c113ff,Anti-Semite Ire Aroused,1900-11-05,France; Western Antisemitism; Legal Restrictions against Jews; Europe,images/0201-Anti-Semite-Ire-Aroused-1.png
1450,388d6f94-3ef1-8027-926a-ef21d122ce26,Czar Aids Agitators Who Would Kill Jews,1906-09-28,Russia; Pogroms; Western Antisemitism; Europe,images/0202-Czar-Aids-Agitators-Who-Would-Kill-Jews-1.png
1451,388d6f94-3ef1-8037-8255-f32d9f599f16,Kishineff Assassins Escaping Scot Free,1903-05-22,Russia; Pogroms; Western Antisemitism; Ethnic Cleansing; Legal Restrictions against Jews; Europe,images/0203-Kishineff-Assassins-Escaping-Scot-Free-1.png
1452,388d6f94-3ef1-80d3-92ed-c0e0cd6b951d,Roumanian Jews in Peril,1903-06-10,Romania; Russia; Pogroms; Western Antisemitism; Ethnic Cleansing; Christianity & Churches; Europe,images/0204-Roumanian-Jews-in-Peril-1.png
1453,388d6f94-3ef1-80ab-8e0f-e80003c37ab9,Orleanists Are Active,1899-09-07,France; Western Antisemitism; Europe,images/0205-Orleanists-Are-Active-1.png
1454,388d6f94-3ef1-80fd-9346-e4615b97f2c6,Blood Ritual Charges,1914-03-24,Russia; Blood Libel; Western Antisemitism; Europe,images/0206-Blood-Ritual-Charges-1.png
1455,388d6f94-3ef1-8042-860a-c04c31940a49,Anti-Semites Attack Zion Congress,1906-12-27,Romania; Political Zionism; Western Antisemitism; Pogroms; Europe,images/0207-Anti-Semites-Attack-Zion-Congress-1.png
1456,388d6f94-3ef1-8048-9b74-db94dfbd7074,Aramco's Ban Here On Jews Overruled,1959-07-16,US; Saudi Arabia; Oil; Muslim Antisemitism; Legal Restrictions against Jews; Western Antisemitism; Arab World; The Americas; Islamic World,images/0208-Aramco-s-Ban-Here-On-Jews-Overruled-1.png
1457,388d6f94-3ef1-8054-8c6e-ddfa7b58c70b,"For Jordanians, War Is a Chance",1967-06-05,"Jordan; Israel/Palestine; ""The Nakba""/""refugees""; Intent in Israel/Palestine; Arab World; Islamic World",images/0209-For-Jordanians-War-Is-a-Chance-1.png
1458,388d6f94-3ef1-80df-8e5e-d1a47ce5c1d1,Controversy Among Arabs,1968-07-07,Lebanon; Mufti; Israel/Palestine; Intent in Israel/Palestine; Arab World; Islamic World,images/0210-Controversy-Among-Arabs-1.png
1459,388d6f94-3ef1-80f9-a1a7-f58565fdd0cd,Israeli Says Ho Offered Aid To Zionist Movement in '46,1969-09-07,Israel/Palestine; Political Zionism; Vietnam,images/0211-Israeli-Says-Ho-Offered-Aid-To-Zionist-Movement-in-46-1.png
1460,388d6f94-3ef1-808a-b91b-f008f2ec72ba,Syria Suppressing Guerrilla Group,1968-04-12,Syria; PLO; Terrorism; Israel/Palestine; PFLP; Ceasefire Violations; Arab World; Islamic World,images/0212-Syria-Suppressing-Guerrilla-Group-1.png
1461,388d6f94-3ef1-802f-8d28-eff6e82727ef,Palestine Group Weighs Peace Bid,1967-09-09,Israel/Palestine; Jordan; UN & League of Nations; Intent in Israel/Palestine; Arab World; Islamic World,images/0213-Palestine-Group-Weighs-Peace-Bid-1.png
1462,388d6f94-3ef1-8052-9ba2-ce818949d8c7,Al Fatah Warns Arabs on a Pact,1968-10-20,Israel/Palestine; PLO; UN & League of Nations; Intent in Israel/Palestine; UAR; Arab World; Islamic World,images/0214-Al-Fatah-Warns-Arabs-on-a-Pact-1.png
1463,388d6f94-3ef1-8025-8088-fc99a855dbf1,Arab Demagogue Steps Down,1967-12-27,Israel/Palestine; PLO; Terrorism; Egypt; China; Algeria; Intent in Israel/Palestine; Arab World; Africa; Asia; Islamic World,images/0215-Arab-Demagogue-Steps-Down-1.png
1464,388d6f94-3ef1-8044-98c4-c39652be71dc,Can There Be a New Palestine State?,1968-12-22,Israel/Palestine; Jordan; Pan-Arabism; Intent in Israel/Palestine; Arab World; Islamic World,images/0216-Can-There-Be-a-New-Palestine-State-1.png; images/0216-Can-There-Be-a-New-Palestine-State-2.png
1465,388d6f94-3ef1-80ca-8f72-f865179b59c1,"Backers of Palestine State Face Trial, Fatah Asserts",1970-11-25,Israel/Palestine; PLO; Intent in Israel/Palestine,images/0217-Backers-of-Palestine-State-Face-Trial-Fatah-Asserts-1.png
1466,388d6f94-3ef1-805e-898f-f6652caeefad,Chagrin in Britain on Palestine Rises,1948-05-29,England/UK; Israel/Palestine; Western Intervention; UN & League of Nations; Europe,images/0218-Chagrin-in-Britain-on-Palestine-Rises-1.png
1467,388d6f94-3ef1-80d5-8d91-f174705038be,Besieged 5 Months,1948-05-29,Israel/Palestine; Jordan; Ethnic Cleansing; Targeting of Civilians; Intent in Israel/Palestine; Blockade/Siege/Targeting of Food & Water; Arab World; Islamic World,images/0219-Besieged-5-Months-1.png
1468,388d6f94-3ef1-80ad-84f8-d7d6ad48b9f6,11-Day Fight Over,1948-05-29,Israel/Palestine; Blockade/Siege/Targeting of Food & Water; Muslim Antisemitism,images/0220-11-Day-Fight-Over-1.png
1469,388d6f94-3ef1-8028-b565-eb7b5fd868b2,Crossroads in Palestine,1948-05-25,Israel/Palestine; England/UK; Arab League; Jordan; UN & League of Nations; Western Intervention; Arab World; Europe; Islamic World,images/0221-Crossroads-in-Palestine-1.png
1470,388d6f94-3ef1-807b-aa08-f9470a44b7cd,Hoffman Will Study British Aid to Arabs,1948-05-26,US; England/UK; Israel/Palestine; Western Intervention; Sources of Funding; Europe; The Americas,images/0222-Hoffman-Will-Study-British-Aid-to-Arabs-1.png
1471,388d6f94-3ef1-807e-812c-e55eb644390b,U. N. Awaits Stand of Arabs on Truce,1948-05-24,UN & League of Nations; Israel/Palestine; Arab League; Syria; Intent in Israel/Palestine; Muslim Antisemitism; Arab World; Islamic World,images/0223-U.-N.-Awaits-Stand-of-Arabs-on-Truce-1.png
1472,388d6f94-3ef1-80a4-9660-f6c98d688f2a,4 Arab States Bar Talks With Israel,1948-05-23,Israel/Palestine; Arab League; UN & League of Nations; Intent in Israel/Palestine,images/0224-4-Arab-States-Bar-Talks-With-Israel-1.png
1473,388d6f94-3ef1-803a-92aa-fb917045e746,Syria Gets Jewish Laws,1940-10-24,Syria; France; Nazis/Fascists; Muslim Antisemitism; Western Antisemitism; Legal Restrictions against Jews; Arab World; Europe; Islamic World,images/0225-Syria-Gets-Jewish-Laws-1.png
1474,388d6f94-3ef1-80ac-8532-ecf7e7cd7978,Austria Forbids Hebrew,1918-05-22,Austria; Western Antisemitism; Legal Restrictions against Jews; Political Zionism; Europe,images/0226-Austria-Forbids-Hebrew-1.png
1475,388d6f94-3ef1-8073-8193-f9e3bac43292,No Present Relief for Finnish Jews,1909-05-02,Finland; Western Antisemitism; Legal Restrictions against Jews; Europe,images/0227-No-Present-Relief-for-Finnish-Jews-1.png
1476,388d6f94-3ef1-808f-8373-c3cd5bae4d1b,Russian Mobs Kill Jews,1909-07-07,Russia; Pogroms; Western Antisemitism; Europe,images/0228-Russian-Mobs-Kill-Jews-1.png
1477,388d6f94-3ef1-8062-8951-f86f5c445a7e,Helping Abyssinian Jews,1908-03-22,Africa; England/UK; Sources of Funding; Jewish history (relative to time of article); Europe,images/0229-Helping-Abyssinian-Jews-1.png
1478,388d6f94-3ef1-8051-ae8b-cd4d95b8a379,"100,000 Black Jews",1908-03-22,Africa; England/UK; Italy; Sources of Funding; Europe,images/0230-100-000-Black-Jews-1.png
1479,388d6f94-3ef1-80c3-85c3-dc60a2e85a0e,All Arabs Oppose More Jews' Entry,1947-03-19,Israel/Palestine; Mufti; Arab League; Antizionism; Muslim Antisemitism; Intent in Israel/Palestine,images/0231-All-Arabs-Oppose-More-Jews-Entry-1.png
1480,388d6f94-3ef1-8070-8634-cec17cfa784b,Another Odessa Pogrom,1907-10-07,Russia; Pogroms; Western Antisemitism; Ethnic Cleansing; Ukraine; Europe,images/0232-Another-Odessa-Pogrom-1.png
1481,388d6f94-3ef1-8050-9680-e9abd8c9c451,Greek Outrages Reported,1912-12-01,Greece; Turkey; Western Antisemitism; Pogroms; Christianity & Churches; Ethnic Cleansing; Europe; Islamic World,images/0233-Greek-Outrages-Reported-1.png
1482,388d6f94-3ef1-800b-95e0-ca2ee8205c71,Haym Solomon Monument,1910-07-26,US; Jewish history (relative to time of article); Jewish contributions/activism; The Americas,images/0234-Haym-Solomon-Monument-1.png
1483,388d6f94-3ef1-805a-ba2b-c8344078a53c,Hundreds of Jews Destitute,1907-03-27,Romania; Pogroms; Western Antisemitism; Ethnic Cleansing; Europe,images/0235-Hundreds-of-Jews-Destitute-1.png
1484,388d6f94-3ef1-8085-84ec-ea4dbec4ae22,Seeks Light on Jew Bias,1911-06-08,US; Western Antisemitism; Legal Restrictions against Jews; The Americas,images/0236-Seeks-Light-on-Jew-Bias-1.png
1485,388d6f94-3ef1-801b-8415-fde11a300855,Minimizes Favor to Jews,1913-08-21,Romania; Legal Restrictions against Jews; Western Antisemitism; Emancipation; Europe,images/0237-Minimizes-Favor-to-Jews-1.png
1486,388d6f94-3ef1-80d8-a8f3-ea90d9487c0b,"13,052,846 Jews in World",1914-01-06,World; US; Jewish Culture Beliefs & Debates; The Americas,images/0238-13-052-846-Jews-in-World-1.png
1487,388d6f94-3ef1-8053-90f3-f726a3e7b6d9,University in Jerusalem,1912-01-12,Israel/Palestine; Sources of Funding,images/0239-University-in-Jerusalem-1.png
1488,388d6f94-3ef1-802d-89d6-e8922872e300,To Eliminate Stage Jew,1913-06-13,US; Western Antisemitism; The Americas,images/0240-To-Eliminate-Stage-Jew-1.png
1489,388d6f94-3ef1-80e8-b35a-c501c31fb427,Slain at Bialystok,1907-08-19,Russia; Poland; Pogroms; Western Antisemitism; Europe,images/0242-Slain-at-Bialystok-1.png
1490,388d6f94-3ef1-80e7-a3d5-caedc90c2134,Jew-Baiter Decorated,1914-04-20,Russia; Blood Libel; Western Antisemitism; Europe,images/0243-Jew-Baiter-Decorated-1.png
1491,388d6f94-3ef1-8055-9770-d0383d23e3e5,Closes Schools to Jews,1914-03-10,Russia; Western Antisemitism; Legal Restrictions against Jews; Education/Educators weaponized against Jews; Europe,images/0244-Closes-Schools-to-Jews-1.png
1492,388d6f94-3ef1-80ce-84c3-e8f9a0e4bb5b,Kieff Expelling Jews,1913-07-13,Russia; Western Antisemitism; Ethnic Cleansing; Ukraine; Pogroms; Legal Restrictions against Jews; Europe,images/0245-Kieff-Expelling-Jews-1.png
1493,388d6f94-3ef1-8065-a132-cfad95e9df5d,To Burn Jews' Houses,1911-09-02,Turkey; Muslim Antisemitism; Ghettos; Legal Restrictions against Jews; Islamic World,images/0246-To-Burn-Jews-Houses-1.png
1494,388d6f94-3ef1-80d6-beb8-f4e6c91fece0,Finland to Expel Jews,1909-09-12,Finland; Western Antisemitism; Legal Restrictions against Jews; Ethnic Cleansing; Europe,images/0247-Finland-to-Expel-Jews-1.png
1495,388d6f94-3ef1-8004-a961-fcddfe2bbfdf,Jews in Tangier Alarmed,1907-04-03,Morocco; Muslim Antisemitism; Arab World; Africa; Islamic World,images/0248-Jews-in-Tangier-Alarmed-1.png
1496,388d6f94-3ef1-802f-8764-fd8d5f9a6f19,To Expel Manchuria Jews,1911-06-09,China; Russia; Western Antisemitism; Legal Restrictions against Jews; Asia; Europe,images/0249-To-Expel-Manchuria-Jews-1.png
1497,388d6f94-3ef1-803d-b4c1-cfaafd4209d5,Expels Jews Without Permits,1911-05-13,Russia; Western Antisemitism; Legal Restrictions against Jews; Ethnic Cleansing; Europe,images/0250-Expels-Jews-Without-Permits-1.png
1498,388d6f94-3ef1-8046-8bf5-c9a39647c5aa,Odessa Jews Fear Pogroms,1913-10-22,Russia; Pogroms; Western Antisemitism; Ethnic Cleansing; Ukraine; Europe,images/0251-Odessa-Jews-Fear-Pogroms-1.png
1499,388d6f94-3ef1-807a-bb9b-e4bd16f22ced,Still Expelling Jews from Kieff,1910-09-02,Russia; Western Antisemitism; Ethnic Cleansing; Ukraine; Europe,images/0252-Still-Expelling-Jews-from-Kieff-1.png
1500,388d6f94-3ef1-80be-8296-fe83c111412d,Mob Maltreats Jews in Lodz,1914-01-12,Russia; Poland; Pogroms; Western Antisemitism; Europe,images/0253-Mob-Maltreats-Jews-in-Lodz-1.png
1501,388d6f94-3ef1-80ae-a87d-c787594fee53,Equal Rights for Jews Refused,1910-12-14,Finland; Russia; Western Antisemitism; Legal Restrictions against Jews; Europe,images/0254-Equal-Rights-for-Jews-Refused-1.png
1502,388d6f94-3ef1-80b0-a7d1-e7d5b2d4fbca,Massacre of Jews Feared,1911-05-14,Russia; Pogroms; Western Antisemitism; Ukraine; Europe,images/0255-Massacre-of-Jews-Feared-1.png
1503,388d6f94-3ef1-80ab-b127-db7492ee58f7,Mob Jews in Persia,1909-03-30,Iran; Muslim Antisemitism; Pogroms; Victim Blaming/Justification of Antisemitism; Islamic World,images/0256-Mob-Jews-in-Persia-1.png
1504,388d6f94-3ef1-8053-b2ec-e471131854ec,To Relieve Russian Jews,1909-08-03,Russia; Western Antisemitism; Legal Restrictions against Jews; Europe,images/0257-To-Relieve-Russian-Jews-1.png
1505,388d6f94-3ef1-80e9-8431-c4f55f06ff21,The Finns and the Jews,1908-12-27,Finland; Russia; Western Antisemitism; Legal Restrictions against Jews; Europe,images/0258-The-Finns-and-the-Jews-1.png
1506,388d6f94-3ef1-80d2-81d2-c774053418a4,For Army-Navy Hebrews,1914-07-10,US; Jewish contributions/activism; The Americas,images/0259-For-Army-Navy-Hebrews-1.png
1507,388d6f94-3ef1-80a1-af86-fd9cf6db940c,"""The Chosen People""",1914-09-11,Russia; Western Antisemitism; Legal Restrictions against Jews; Austria; France; Dreyfus Affair; Germany; Emancipation; Europe,images/0260-The-Chosen-People-1.png; images/0260-The-Chosen-People-2.png
1508,388d6f94-3ef1-8086-9749-cee8af7bc6a8,Jews' New Year Big With Hope for Race,1914-09-21,US; World; Jewish Culture Beliefs & Debates; The Americas,images/0261-Jews-New-Year-Big-With-Hope-for-Race-1.png
1509,388d6f94-3ef1-80e9-9683-e669aa43e5c4,German Appeals for Jews,1914-11-07,Germany; Turkey; Legal Restrictions against Jews; Europe; Islamic World,images/0262-German-Appeals-for-Jews-1.png
1510,388d6f94-3ef1-80f4-80c6-c6b61d4387ba,The Jew's Bravery Established in War,1914-12-07,Jewish contributions/activism,images/0263-The-Jew-s-Bravery-Established-in-War-1.png
1511,388d6f94-3ef1-807f-9e03-c9a3d37ff1d3,Trial Called a Prolonged Lynching,1915-08-18,US; Western Antisemitism; Pogroms; The Americas,images/0264-Trial-Called-a-Prolonged-Lynching-1.png
1512,388d6f94-3ef1-8030-9d81-f1663843f1f5,Hears Mob Tried Torture on Frank,1915-09-22,US; Western Antisemitism; The Americas,images/0265-Hears-Mob-Tried-Torture-on-Frank-1.png
1513,388d6f94-3ef1-80bd-bf01-f83202e5da52,Frank Jury Fails to Find Lynchers,1915-09-03,US; Western Antisemitism; The Americas,images/0266-Frank-Jury-Fails-to-Find-Lynchers-1.png
1514,388d6f94-3ef1-80b2-9ecf-e7a652563fb2,Frank Lynching Due to Suspicion and Prejudice,1915-08-20,US; Western Antisemitism; The Americas,images/0267-Frank-Lynching-Due-to-Suspicion-and-Prejudice-1.png
1515,388d6f94-3ef1-801c-91a9-d082a2f501ff,Jews Fight Tale of Plot on Hitler,1934-05-04,"Germany; Nazis/Fascists; Western Antisemitism; Blood Libel; accusation of ""Jewish Supremacy"" and/or Genocide; Europe",images/0268-Jews-Fight-Tale-of-Plot-on-Hitler-1.png
1516,388d6f94-3ef1-8077-9f0e-f90b27fa1358,Nazi at Berne Trial Holds League Jewish,1935-05-04,"Switzerland; Nazis/Fascists; Western Antisemitism; Israel/Palestine; accusation of ""Jewish Supremacy"" and/or Genocide; Europe",images/0269-Nazi-at-Berne-Trial-Holds-League-Jewish-1.png
1517,388d6f94-3ef1-80df-a552-cb7616e76b7a,Palestine Strike Pressed by Arabs,1936-05-04,Israel/Palestine; Muslim Antisemitism; Boycotts against Jews,images/0270-Palestine-Strike-Pressed-by-Arabs-1.png
1518,388d6f94-3ef1-8075-b164-d38bb1c692af,Vast Nazi Campaign in U.S. Is Charged,1936-05-04,US; Germany; Nazis/Fascists; Western Antisemitism; Europe; The Americas,images/0271-Vast-Nazi-Campaign-in-U.S.-Is-Charged-1.png
1519,388d6f94-3ef1-80ce-8f49-e1816eddd30c,Arabs at School,1937-05-04,Saudi Arabia; Arab World; Islamic World,images/0272-Arabs-at-School-1.png
1520,388d6f94-3ef1-8047-a920-d6e666a4a340,200 Police Guard Nazi Rally,1938-05-04,US; Germany; Nazis/Fascists; Western Antisemitism; Europe; The Americas,images/0273-200-Police-Guard-Nazi-Rally-1.png
1521,388d6f94-3ef1-800e-8124-fcd6c4857f02,14 Hungarian Nazis Arrested,1938-05-04,Hungary; Nazis/Fascists; Western Antisemitism; Pogroms; Europe,images/0274-14-Hungarian-Nazis-Arrested-1.png
1522,388d6f94-3ef1-8052-9dc3-f36d2cff72cf,Jews Are Warned to Leave Germany,1938-05-04,Germany; Nazis/Fascists; Western Antisemitism; Legal Restrictions against Jews; Ethnic Cleansing; Boycotts against Jews; Europe,images/0275-Jews-Are-Warned-to-Leave-Germany-1.png
1523,388d6f94-3ef1-80ac-913a-c59794421d25,Hungary Adopts Anti-Jewish Law,1939-05-04,Hungary; Nazis/Fascists; Western Antisemitism; Legal Restrictions against Jews; Ethnic Cleansing; Europe,images/0276-Hungary-Adopts-Anti-Jewish-Law-1.png
1524,388d6f94-3ef1-80e3-bcbd-d3c8a415a4f3,Arita Pledges Japan Not to Hound Jews,1939-05-04,Germany; Nazis/Fascists; Western Antisemitism; Legal Restrictions against Jews; Japan; Asia; Europe,images/0277-Arita-Pledges-Japan-Not-to-Hound-Jews-1.png
1525,388d6f94-3ef1-805b-8b37-f05f27679ee3,Anti-Semitic Riots Reported in Palestine,1941-05-04,Israel/Palestine; Muslim Antisemitism; Pogroms; Abductions of Jews,images/0278-Anti-Semitic-Riots-Reported-in-Palestine-1.png
1526,388d6f94-3ef1-8080-be5c-d83a52d66b72,"See Arab ""Holy War""",1941-05-04,Iraq; England/UK; Iran; Pan-Arabism; Western Intervention; Afghanistan; Nazis/Fascists; Arab World; Europe; Asia; Islamic World,images/0279-See-Arab-Holy-War-1.png
1527,388d6f94-3ef1-8060-bfbb-cc52faed1de2,Fresh Ban on Netherland Jews,1941-05-04,Holland; Germany; Nazis/Fascists; Western Antisemitism; Legal Restrictions against Jews; Europe,images/0280-Fresh-Ban-on-Netherland-Jews-1.png
1528,388d6f94-3ef1-80e8-bece-c3e3b097b3f1,Palestine's Fate Is Linked to Oil,1944-05-03,Israel/Palestine; Oil; England/UK; Western Intervention; Europe,images/0281-Palestine-s-Fate-Is-Linked-to-Oil-1.png
1529,388d6f94-3ef1-805e-89d8-e4a1ffd5cd69,Jew Slain in Iraq as Hatred Mounts,1948-05-10,Iraq; Israel/Palestine; Muslim Antisemitism; Pogroms; Targeting of Civilians; Blood Libel; Arab World; Islamic World,images/0282-Jew-Slain-in-Iraq-as-Hatred-Mounts-1.png
1530,388d6f94-3ef1-80b2-9c62-fd87e173d9c2,Moroccans Attack Arabs Bringing Gifts to Jews,1948-05-03,Morocco; France; Muslim Antisemitism; Pogroms; Targeting of Civilians; Ghettos; Arab World; Africa; Europe; Islamic World,images/0283-Moroccans-Attack-Arabs-Bringing-Gifts-to-Jews-1.png
1531,388d6f94-3ef1-8065-b4a7-e9df6f3ccbda,Iraqi Force in Trans-Jordan,1948-05-04,Iraq; Jordan; Israel/Palestine; Arab League; Arab World; Islamic World,images/0284-Iraqi-Force-in-Trans-Jordan-1.png
1532,388d6f94-3ef1-80c3-88f3-ddf69cd10405,Miami Beach Ends Bias Signs,1947-05-08,US; Western Antisemitism; Legal Restrictions against Jews; The Americas,images/0285-Miami-Beach-Ends-Bias-Signs-1.png
1533,388d6f94-3ef1-80d5-b263-f8ce70baf995,Little Peace Seen for Europe's Jews,1947-05-08,US; Holocaust; Sources of Funding; The Americas,images/0286-Little-Peace-Seen-for-Europe-s-Jews-1.png
1534,388d6f94-3ef1-8079-8a77-d5ae243aece4,Statue's Speech Found in Sonnet,1934-07-15,US; Political Zionism; Jewish contributions/activism; The Americas,images/0287-Statue-s-Speech-Found-in-Sonnet-1.png
1535,388d6f94-3ef1-8072-87c1-dbaca6eb6003,Israeli Soldiers Are Unhurt As Truck Sets Off a Mine,1966-04-29,Israel/Palestine; Syria; Terrorism; Muslim Antisemitism; Targeting of Civilians; Arab World; Islamic World,images/0288-Israeli-Soldiers-Are-Unhurt-As-Truck-Sets-Off-a-Mine-1.png
1536,388d6f94-3ef1-80a6-8e08-df6941f99d20,Egyptians Riot Against Tunisia; Ransack and Fire Envoy's Home,1965-04-29,Egypt; Tunisia; Arab League; Pan-Arabism; Israel/Palestine; Education/Educators weaponized against Jews; PLO; Intent in Israel/Palestine; Arab World; Africa; Islamic World,images/0289-Egyptians-Riot-Against-Tunisia-Ransack-and-Fire-Envoy-s-Home-1.png
1537,388d6f94-3ef1-8048-9376-d550605abea3,Cairo MIG Shot Down By Israelis in Air Fight,1961-04-29,Israel/Palestine; Egypt; UAR; Arab World; Africa; Islamic World,images/0290-Cairo-MIG-Shot-Down-By-Israelis-in-Air-Fight-1.png
1538,388d6f94-3ef1-80c6-8909-cefbb5e22ac7,A Jewish Center Bombed in South,1958-04-29,US; Western Antisemitism; Terrorism; The Americas,images/0291-A-Jewish-Center-Bombed-in-South-1.png
1539,388d6f94-3ef1-805d-b9b5-dedb0d2e3d0d,Syrian Attack Charged,1957-04-29,Israel/Palestine; Syria; Targeting of Civilians; Arab World; Islamic World,images/0292-Syrian-Attack-Charged-1.png
1540,388d6f94-3ef1-8018-a529-e3a46f3dfb12,Arabian Oil Price Called Excessive,1948-04-29,US; Oil; Saudi Arabia; Western Intervention; Forrestal; Arab World; The Americas; Islamic World,images/0293-Arabian-Oil-Price-Called-Excessive-1.png
1541,388d6f94-3ef1-806a-b7a3-ddbc66323727,Moslems Seek Jerusalem,1949-04-29,Syria; Israel/Palestine; Pan-Arabism; Muslim Antisemitism; Intent in Israel/Palestine; Arab World; Islamic World,images/0294-Moslems-Seek-Jerusalem-1.png
1542,388d6f94-3ef1-8069-9dba-f143fce101e0,Israel Recognized Fully By Britain,1950-04-28,Israel/Palestine; England/UK; Jordan; Western Intervention; Pan-Arabism; Arab World; Europe; Islamic World,images/0295-Israel-Recognized-Fully-By-Britain-1.png
1543,388d6f94-3ef1-80c8-8c1c-fac4e88f8ce4,Train in Palestine Escapes Bombing,1937-10-20,Israel/Palestine; Terrorism; Mufti; Muslim Antisemitism; Targeting of Civilians; Italy; Syria; Arab World; Europe; Islamic World,images/0296-Train-in-Palestine-Escapes-Bombing-1.png
1544,388d6f94-3ef1-80a1-892f-dc815c0b2ec8,Arab Army Told to Prepare Itself To Strike at Jews on Mufti's Signal,1946-12-23,Israel/Palestine; Mufti; Muslim Antisemitism; Intent in Israel/Palestine,images/0297-Arab-Army-Told-to-Prepare-Itself-To-Strike-at-Jews-on-Mufti-s-Signal-1.png
1545,388d6f94-3ef1-80a4-83e1-d5424c6e00f2,Exiled Arab Mufti Turns Up in Rome,1941-10-28,Israel/Palestine; Mufti; Italy; Nazis/Fascists; Muslim Antisemitism; Europe,images/0298-Exiled-Arab-Mufti-Turns-Up-in-Rome-1.png
1546,388d6f94-3ef1-8052-b74d-d1223b778ea9,Mufti Circulates an Arab Charter,1948-03-31,Israel/Palestine; Mufti; Nazis/Fascists; Muslim Antisemitism; UN & League of Nations; Intent in Israel/Palestine,images/0299-Mufti-Circulates-an-Arab-Charter-1.png
1547,388d6f94-3ef1-804b-ae89-c0480d5edeaf,Arabs Kill Priest of Omar Mosque,1938-12-19,Israel/Palestine; Mufti; England/UK; Europe,images/0300-Arabs-Kill-Priest-of-Omar-Mosque-1.png
1548,388d6f94-3ef1-806b-a8d8-cce3047aec04,Arabs Pick Mufti to Head Assembly,1948-10-02,Israel/Palestine; Mufti,images/0301-Arabs-Pick-Mufti-to-Head-Assembly-1.png
1549,388d6f94-3ef1-800f-a9af-f8f2e6d95b41,Aide of Mufti Returns,1947-06-28,Israel/Palestine; Mufti; Iraq; Germany; Muslim Antisemitism; Nazis/Fascists; Arab World; Europe; Islamic World,images/0302-Aide-of-Mufti-Returns-1.png
1550,388d6f94-3ef1-8058-8d8f-e3733f7dcdd6,Mufti Pleads for Axis,1942-11-12,Israel/Palestine; Mufti; Nazis/Fascists; Italy; Muslim Antisemitism; Europe,images/0303-Mufti-Pleads-for-Axis-1.png
1551,388d6f94-3ef1-80f8-9cfd-f9861e187618,Mufti in Berlin for Stay,1941-11-07,Israel/Palestine; Mufti; Germany; Nazis/Fascists; Muslim Antisemitism; Iran; Western Intervention; Europe; Islamic World,images/0304-Mufti-in-Berlin-for-Stay-1.png
1552,388d6f94-3ef1-809a-89ca-d47342354b52,Terrorists Used Bank In London,1991-07-22,England/UK; Terrorism; Western Intervention; Israel/Palestine; Europe,images/0305-Terrorists-Used-Bank-In-London-1.png
1553,388d6f94-3ef1-8012-8eda-de9b76404ca2,Bonn Arrests 13 Palestinians,1988-10-28,Germany; Israel/Palestine; Terrorism; PLO; Lebanon; Muslim Antisemitism; Arab World; Europe; Islamic World,images/0306-Bonn-Arrests-13-Palestinians-1.png
1554,388d6f94-3ef1-80bf-822a-f1450179670a,Ghouri Defends Mufti,1947-05-12,Israel/Palestine; Mufti; Nazis/Fascists; Muslim Antisemitism,images/0307-Ghouri-Defends-Mufti-1.png
1555,388d6f94-3ef1-8007-8204-d7e9a04cafc8,Palestinians Claim Many Israeli Bases,1968-02-07,Israel/Palestine; PLO; Terrorism; Targeting of Children,images/0308-Palestinians-Claim-Many-Israeli-Bases-1.png
1556,388d6f94-3ef1-8061-af59-c6640e376600,"Israelis Retake Kibbutz Nursery, Kill 5 Terrorists, Free Hostages",1980-04-08,Israel/Palestine; Terrorism; PLO; Iraq; Targeting of Civilians; Targeting of Children; Lebanon; Arab World; Islamic World,images/0309-Israelis-Retake-Kibbutz-Nursery-Kill-5-Terrorists-Free-Hostages-1.png
1557,388d6f94-3ef1-80e8-b761-f63b290bd16b,Swedes Appeal for Jews,1933-04-26,Western Antisemitism; Sweden; Europe,images/0310-Swedes-Appeal-for-Jews-1.png
1558,388d6f94-3ef1-8085-8cc6-ed6b6a19d00a,Nazis Ask Sealskin Boycott To End Cruelty Laid to Jews,1933-04-26,Germany; Nazis/Fascists; Western Antisemitism; Victim Blaming/Justification of Antisemitism; Europe,images/0311-Nazis-Ask-Sealskin-Boycott-To-End-Cruelty-Laid-to-Jews-1.png
1559,388d6f94-3ef1-80bd-8cb0-ebe5c73f6348,Germany Puts Ban on Jews in Boxing,1933-04-26,Germany; Nazis/Fascists; Western Antisemitism; Legal Restrictions against Jews; Europe,images/0312-Germany-Puts-Ban-on-Jews-in-Boxing-1.png
1560,388d6f94-3ef1-8021-accb-db44fc5604f2,Homes Needed for Jewish Children,1917-04-26,US; Targeting of Children; The Americas,images/0313-Homes-Needed-for-Jewish-Children-1.png
1561,388d6f94-3ef1-8011-82dd-c401c95349cb,"2,000 Jews to Be Officers",1917-04-26,Russia; Legal Restrictions against Jews; Western Antisemitism; Europe,images/0314-2-000-Jews-to-Be-Officers-1.png
1562,388d6f94-3ef1-8016-b5f4-dce305a59d20,The Jewish Question Discussed by Gorky,1906-04-26,"Russia; Western Antisemitism; ""Jewish Question""; Europe",images/0315-The-Jewish-Question-Discussed-by-Gorky-1.png
1563,388d6f94-3ef1-8056-9fc5-f0ab85d49f1f,Poor Jews Defended in House of Commons,1904-04-26,England/UK; Western Antisemitism; Legal Restrictions against Jews; Europe,images/0316-Poor-Jews-Defended-in-House-of-Commons-1.png
1564,388d6f94-3ef1-80e7-a4da-cb1a0583f259,Scores of Jews Killed,1903-04-26,Russia; Pogroms; Western Antisemitism; Europe,images/0317-Scores-of-Jews-Killed-1.png
1565,388d6f94-3ef1-8017-b008-c9c28a376ee4,MIG's May Shift Mideast Balance,1971-04-25,Egypt; USSR; Western Intervention; Arab World; Africa; Europe; Islamic World,images/0318-MIG-s-May-Shift-Mideast-Balance-1.png
1566,388d6f94-3ef1-802f-a83e-c88000f192b8,Hussein Reported to Ask Mufti To Return to Jordan From Exile,1971-04-25,Jordan; Israel/Palestine; Mufti; Nazis/Fascists; Muslim Antisemitism; Pogroms; Antizionism; Egypt; Lebanon; Arab World; Africa; Islamic World,images/0319-Hussein-Reported-to-Ask-Mufti-To-Return-to-Jordan-From-Exile-1.png
1567,388d6f94-3ef1-80ad-b945-e1759e549f2b,Stangl's Attorney to Plead Brazil's Limitation Statute,1967-04-25,Nazis/Fascists; Holocaust; Poland; Europe,images/0320-Stangl-s-Attorney-to-Plead-Brazil-s-Limitation-Statute-1.png
1568,388d6f94-3ef1-800e-a78f-c3a33f0cf4fb,Israel Wants U.S. to Adopt Harder Line on Nasser Expansionism,1963-04-25,Israel/Palestine; Pan-Arabism; US; UAR; Egypt; Saudi Arabia; Jordan; Intent in Israel/Palestine; Arab World; Africa; The Americas; Islamic World,images/0321-Israel-Wants-U.S.-to-Adopt-Harder-Line-on-Nasser-Expansionism-1.png
1569,388d6f94-3ef1-80c1-9f1d-d93c85b41d64,Trujillo Invites Jews,1957-04-25,Egypt; Muslim Antisemitism; Ethnic Cleansing; Dominican Republic; UN & League of Nations; Legal Restrictions against Jews; Arab World; Africa; The Americas; Islamic World,images/0322-Trujillo-Invites-Jews-1.png
1570,388d6f94-3ef1-804e-aacf-f3a24dfa58ad,Doubling U.S. Aid to Mideast Urged,1956-04-25,US; Western Intervention; Iran; Iraq; Pakistan; Turkey; England/UK; Sources of Funding; Arab World; Europe; The Americas; Asia; Islamic World,images/0323-Doubling-U.S.-Aid-to-Mideast-Urged-1.png
1571,388d6f94-3ef1-8045-991e-fb8912cbc2cf,4 Israelis Slain Near Jordan Line,1956-04-25,Israel/Palestine; Jordan; Targeting of Civilians; Arab World; Islamic World,images/0324-4-Israelis-Slain-Near-Jordan-Line-1.png
1572,388d6f94-3ef1-8014-a48a-dd5cb8e86da5,Not Recognized by Israel,1950-04-25,Israel/Palestine; Jordan; England/UK; Western Intervention; Arab World; Europe; Islamic World,images/0325-Not-Recognized-by-Israel-1.png
1573,388d6f94-3ef1-808b-b16d-c05fd90d4af5,Amman Parliament Vote Unites Arab Palestine and Transjordan,1950-04-25,Jordan; Israel/Palestine; Pan-Arabism; Arab World; Islamic World,images/0326-Amman-Parliament-Vote-Unites-Arab-Palestine-and-Transjordan-1.png
1574,388d6f94-3ef1-809a-bf38-c58d036e7eb6,Lists Anti-Jewish Move,1941-04-25,France; Nazis/Fascists; Western Antisemitism; Legal Restrictions against Jews; Europe,images/0327-Lists-Anti-Jewish-Move-1.png
1575,388d6f94-3ef1-80d3-b126-eef5af690a3f,Budapest Hampers Jews,1940-04-25,Hungary; Nazis/Fascists; Western Antisemitism; Legal Restrictions against Jews; Europe,images/0328-Budapest-Hampers-Jews-1.png
1576,388d6f94-3ef1-8037-b219-e93567237a24,Reich Aims New Blow at Jews in Austria; Concealed Ownership or Legal Help Punished,1938-04-25,Austria; Germany; Nazis/Fascists; Western Antisemitism; Legal Restrictions against Jews; Ethnic Cleansing; Theft of Jewish property; Europe,images/0329-Reich-Aims-New-Blow-at-Jews-in-Austria-Concealed-Ownership-or-Legal-Help-Punishe-1.png
1577,388d6f94-3ef1-809a-9438-ca88dfd43dec,Anti-Semitism Is Pushed,1935-04-25,Germany; Nazis/Fascists; Western Antisemitism; Legal Restrictions against Jews; Europe,images/0330-Anti-Semitism-Is-Pushed-1.png
1578,388d6f94-3ef1-80d2-98a0-e971c220964b,Defends Hitler Regime,1933-04-25,Germany; Nazis/Fascists; Western Antisemitism; Control of media trope; Victim Blaming/Justification of Antisemitism; Europe,images/0331-Defends-Hitler-Regime-1.png
1579,388d6f94-3ef1-8029-8188-cc23920c3af8,Germany Recalls Jewish Envoy,1933-04-25,Germany; Lithuania; Nazis/Fascists; Western Antisemitism; Legal Restrictions against Jews; Europe,images/0332-Germany-Recalls-Jewish-Envoy-1.png
1580,388d6f94-3ef1-8060-a738-f8864bc5b1e1,Rumanian Iron Guard Will Boycott Jews,1933-04-25,Romania; Germany; Nazis/Fascists; Western Antisemitism; Legal Restrictions against Jews; Boycotts against Jews; Europe,images/0333-Rumanian-Iron-Guard-Will-Boycott-Jews-1.png
1581,388d6f94-3ef1-80f3-b7a1-c42f75894d80,36 Students Stabbed,1929-04-25,Austria; Western Antisemitism; Christianity & Churches; Targeting of Children; Europe,images/0334-36-Students-Stabbed-1.png
1582,388d6f94-3ef1-800e-a44d-c985ae843d7d,Aid Urged for Jews Exiled From Egypt,1957-02-17,Egypt; Muslim Antisemitism; Ethnic Cleansing; UN & League of Nations; Arab World; Africa; Islamic World,images/0335-Aid-Urged-for-Jews-Exiled-From-Egypt-1.png
1583,388d6f94-3ef1-8078-9b0e-c852fa7c3444,993 Refugees Sail From Egypt,1957-03-21,Egypt; Muslim Antisemitism; Ethnic Cleansing; Arab World; Africa; Islamic World,images/0336-993-Refugees-Sail-From-Egypt-1.png
1584,388d6f94-3ef1-8006-bd6e-c7f07bb80c1b,Red Cross to Visit Jews Held in Egypt,1967-06-16,Egypt; Morocco; Muslim Antisemitism; Legal Restrictions against Jews; Ethnic Cleansing; Jews as aliens/foreigners; Arab World; Africa; Islamic World,images/0337-Red-Cross-to-Visit-Jews-Held-in-Egypt-1.png
1585,388d6f94-3ef1-80af-bfab-ee2626c9847b,Egypt Said to Bar Departure of Jews,1968-10-05,Egypt; Muslim Antisemitism; Legal Restrictions against Jews; Ethnic Cleansing; Arab World; Africa; Islamic World,images/0338-Egypt-Said-to-Bar-Departure-of-Jews-1.png
1586,388d6f94-3ef1-8038-b1c7-c8314bd60d5e,Grand Mufti Urges War,1948-07-17,Israel/Palestine; Mufti; Intent in Israel/Palestine,images/0339-Grand-Mufti-Urges-War-1.png
1587,388d6f94-3ef1-8006-a758-def850031590,New Revolt in Morocco,1906-04-16,Morocco; Muslim Antisemitism; Arab World; Africa; Islamic World,images/0340-New-Revolt-in-Morocco-1.png
1588,388d6f94-3ef1-801c-8b2b-df91ea80281a,Beating of Jews Laid to Morocco,1961-01-22,Morocco; Muslim Antisemitism; Legal Restrictions against Jews; Targeting of Children; Arab World; Africa; Islamic World,images/0341-Beating-of-Jews-Laid-to-Morocco-1.png
1589,388d6f94-3ef1-8067-b832-c9e6123da523,Morocco Curbs Jews,1941-08-20,Morocco; France; Nazis/Fascists; Western Antisemitism; Legal Restrictions against Jews; Ghettos; Arab World; Africa; Europe; Islamic World,images/0342-Morocco-Curbs-Jews-1.png
1590,388d6f94-3ef1-80e4-941c-d82539331dfa,End of Bias Urged for African Jews,1954-11-10,Morocco; Tunisia; UN & League of Nations; Muslim Antisemitism; Legal Restrictions against Jews; Arab World; Africa; Islamic World,images/0343-End-of-Bias-Urged-for-African-Jews-1.png
1591,388d6f94-3ef1-8040-8929-d4f386358974,Jews' Exit Stirs Morocco Protest,1961-12-17,Morocco; Muslim Antisemitism; Legal Restrictions against Jews; Arab World; Africa; Islamic World,images/0344-Jews-Exit-Stirs-Morocco-Protest-1.png
1592,388d6f94-3ef1-804b-8022-e66ceb44a010,Morocco Bans Jewish Group,1956-06-12,Morocco; Muslim Antisemitism; Legal Restrictions against Jews; Arab World; Africa; Islamic World,images/0345-Morocco-Bans-Jewish-Group-1.png
1593,388d6f94-3ef1-80a8-b9f0-d8c3f1c09ee5,Jews in Morocco Frantic to Leave,1956-03-12,Morocco; Muslim Antisemitism; Ethnic Cleansing; Pogroms; Arab World; Africa; Islamic World,images/0346-Jews-in-Morocco-Frantic-to-Leave-1.png
1594,388d6f94-3ef1-806f-898d-cf7e3304b8cf,Morocco to Let Jews Leave,1956-08-15,Morocco; Muslim Antisemitism; Legal Restrictions against Jews; Arab World; Africa; Islamic World,images/0347-Morocco-to-Let-Jews-Leave-1.png
1595,388d6f94-3ef1-80ba-a124-d36d0b707151,Jews to Continue to Leave Morocco,1961-12-09,Morocco; Muslim Antisemitism; Ethnic Cleansing; Legal Restrictions against Jews; Arab World; Africa; Islamic World,images/0348-Jews-to-Continue-to-Leave-Morocco-1.png
1596,388d6f94-3ef1-80c8-aad5-ddab429b1ddd,Attack on King Leaves Moroccan Jews Fearful,1971-10-24,Morocco; Muslim Antisemitism; Targeting of Civilians; Arab World; Africa; Islamic World,images/0349-Attack-on-King-Leaves-Moroccan-Jews-Fearful-1.png
1597,388d6f94-3ef1-80d0-b900-c7c752fec648,"6,500 Morocco Jews Have Left Country",1962-02-18,Morocco; Muslim Antisemitism; Ethnic Cleansing; Arab World; Africa; Islamic World,images/0350-6-500-Morocco-Jews-Have-Left-Country-1.png
1598,388d6f94-3ef1-8094-a2f7-d2ad36c1f59d,Hebrews for Manitoba,1892-04-29,"Use of ""colony"" to describe Jewish communities; Sources of Funding; Canada; The Americas",images/0352-Hebrews-for-Manitoba-1.png
1599,388d6f94-3ef1-80ba-bdc8-daeb9274d7ea,No Hebrews Accepted,1885-04-11,US; Western Antisemitism; Legal Restrictions against Jews; The Americas,images/0353-No-Hebrews-Accepted-1.png
1600,388d6f94-3ef1-804f-8030-fd76e03c266e,Religious Riot in Zante,1891-05-02,Greece; Pogroms; Western Antisemitism; Christianity & Churches; Targeting of Civilians; Blood Libel; Europe,images/0354-Religious-Riot-in-Zante-1.png
1601,388d6f94-3ef1-80a0-a408-dc1088fb1309,P.L.O. Planned Raid on Tel Aviv,1985-04-23,Israel/Palestine; PLO; Terrorism; Targeting of Civilians,images/0355-P.L.O.-Planned-Raid-on-Tel-Aviv-1.png
1602,388d6f94-3ef1-80f1-b68f-c5d05775cdbb,Israel Expresses 'Profound Regret' Over Plan to Sell Awacs to Saudis,1981-04-23,Israel/Palestine; US; Saudi Arabia; Western Intervention; Arab World; The Americas; Islamic World,images/0356-Israel-Expresses-Profound-Regret-Over-Plan-to-Sell-Awacs-to-Saudis-1.png
1603,388d6f94-3ef1-80f4-a7ac-f477113bf606,United Arab Emirates Will Buy 30 Military Planes From Britain,1981-04-23,England/UK; Saudi Arabia; Western Intervention; UAE; Sources of Funding; US; Arab World; Europe; The Americas; Islamic World,images/0357-United-Arab-Emirates-Will-Buy-30-Military-Planes-From-Britain-1.png
1604,388d6f94-3ef1-8088-9619-c3722447187a,Israeli Ships Shell Lebanon in Reprisal for Guerrilla Raid,1979-04-23,Israel/Palestine; Lebanon; PLO; Terrorism; Targeting of Civilians; Targeting of Children; Arab World; Islamic World,images/0358-Israeli-Ships-Shell-Lebanon-in-Reprisal-for-Guerrilla-Raid-1.png
1605,388d6f94-3ef1-8014-af07-d08f9b0822fd,Shadows Over the Middle East,1963-04-23,Egypt; Syria; Iraq; Yemen; Jordan; Saudi Arabia; Pan-Arabism; UAR; Arab World; Africa; Islamic World,images/0359-Shadows-Over-the-Middle-East-1.png
1606,388d6f94-3ef1-80bc-a91b-d9791e35d35c,Jordan Restores Quiet in Jerusalem,1963-04-23,Jordan; Israel/Palestine; Pan-Arabism; Arab World; Islamic World,images/0360-Jordan-Restores-Quiet-in-Jerusalem-1.png
1607,388d6f94-3ef1-8027-a781-f096e987cc2f,Why We Need Overseas Bases,1962-04-23,US; Saudi Arabia; Libya; Turkey; Western Intervention; Sources of Funding; Arab World; Africa; The Americas; Islamic World,images/0361-Why-We-Need-Overseas-Bases-1.png
1608,388d6f94-3ef1-807e-9878-e85717ddb9c3,Some Bias Noted in Religion Texts,1960-04-23,US; Western Antisemitism; Christianity & Churches; The Americas,images/0362-Some-Bias-Noted-in-Religion-Texts-1.png
1609,388d6f94-3ef1-80f4-8119-ff099a01839c,Abdullah Defies Ouster by League,1950-04-23,Jordan; Israel/Palestine; Pan-Arabism; Greater Syria; Arab League; Arab World; Islamic World,images/0363-Abdullah-Defies-Ouster-by-League-1.png
1610,388d6f94-3ef1-807a-bc1e-fac36dd72f2b,Jordan Says Eden Pledged Arms Aid,1954-04-23,Jordan; England/UK; Western Intervention; Israel/Palestine; Arab World; Europe; Islamic World,images/0364-Jordan-Says-Eden-Pledged-Arms-Aid-1.png
1611,388d6f94-3ef1-8020-ae7a-db57bcf61361,New Syrian Blows Charged by Israel,1951-04-23,Syria; Israel/Palestine; Terrorism; Muslim Antisemitism; Targeting of Civilians; Arab World; Islamic World,images/0365-New-Syrian-Blows-Charged-by-Israel-1.png
1612,388d6f94-3ef1-80bd-9ac1-f7627f64dc9f,Anti-Semitism Hit by German Students,1950-04-23,Germany; Western Antisemitism; Europe,images/0366-Anti-Semitism-Hit-by-German-Students-1.png
1613,388d6f94-3ef1-8037-ab9b-c54bf01ac659,Jews Seize Haifa in Furious Battle; Arabs Agree to Go,1948-04-23,"Israel/Palestine; ""The Nakba""/""refugees""; Targeting of Civilians; Terrorism; Muslim Antisemitism; Lies about Israel",images/0367-Jews-Seize-Haifa-in-Furious-Battle-Arabs-Agree-to-Go-1.png
1614,388d6f94-3ef1-8063-81f7-d253a725a711,"50,000 Arabs Will Invade Palestine, Cairo Suggests",1948-04-23,Israel/Palestine; Egypt; Arab League; Pan-Arabism; Arab World; Africa; Islamic World,images/0368-50-000-Arabs-Will-Invade-Palestine-Cairo-Suggests-1.png
1615,388d6f94-3ef1-8054-8732-c8ae1e0601af,Poles Sentence Jewish Soldiers,1944-04-23,Poland; England/UK; Western Antisemitism; Europe,images/0369-Poles-Sentence-Jewish-Soldiers-1.png
1616,388d6f94-3ef1-80c6-bfeb-e70396c55508,Curb on Jews Held Official in Poland,1937-04-23,Poland; Nazis/Fascists; Western Antisemitism; Legal Restrictions against Jews; Europe,images/0370-Curb-on-Jews-Held-Official-in-Poland-1.png
1617,388d6f94-3ef1-8051-918b-d616c8868ed5,Expulsion of Jews Is Laid to Gestapo,1938-04-23,Austria; Germany; Nazis/Fascists; Western Antisemitism; Legal Restrictions against Jews; Ethnic Cleansing; Theft of Jewish property; Europe,images/0371-Expulsion-of-Jews-Is-Laid-to-Gestapo-1.png
1618,388d6f94-3ef1-8088-a44c-f9f58c316b20,8 Arabs Are Slain in Palestine Riots,1936-04-23,"Israel/Palestine; Muslim Antisemitism; Targeting of Civilians; Pogroms; Use of ""colony"" to describe Jewish communities",images/0372-8-Arabs-Are-Slain-in-Palestine-Riots-1.png
1619,388d6f94-3ef1-8044-b7c5-e91072433f3c,Boycott Groups Plan Petition to Germany,1933-04-23,Germany; Western Antisemitism; Nazis/Fascists; Europe,images/0373-Boycott-Groups-Plan-Petition-to-Germany-1.png
1620,388d6f94-3ef1-8078-b90c-fbbcd194c41a,Permission to Possess Arms Withdrawn From Breslau Jews,1933-04-23,Germany; Western Antisemitism; Nazis/Fascists; Legal Restrictions against Jews; Poland; Victim Blaming/Justification of Antisemitism; Europe,images/0374-Permission-to-Possess-Arms-Withdrawn-From-Breslau-Jews-1.png
1621,388d6f94-3ef1-8014-9c0d-c7d5414d0ee2,Britain's Officials in Palestine Scored,1932-04-23,England/UK; Israel/Palestine; Western Antisemitism; Pogroms; Western Intervention; Europe,images/0375-Britain-s-Officials-in-Palestine-Scored-1.png
1622,388d6f94-3ef1-8047-9d0a-edd1ac9559f2,Discuss Jewish Rights,1928-04-23,Western Antisemitism; Legal Restrictions against Jews,images/0376-Discuss-Jewish-Rights-1.png
1623,388d6f94-3ef1-8059-9bb3-c087f32d7166,"Ort Plans $250,000 Credit",1928-04-23,Russia; Poland; Sources of Funding; Europe,images/0377-Ort-Plans-250-000-Credit-1.png
1624,388d6f94-3ef1-8041-b201-e5de8bf31f4d,"7,000,000 Poles in Need of Food",1915-04-23,Poland; Austria; Western Antisemitism; Germany; Europe,images/0378-7-000-000-Poles-in-Need-of-Food-1.png
1625,388d6f94-3ef1-8022-8dbd-d2918867f171,Dreyfus Appeals for New Hearing,1903-04-23,France; Western Antisemitism; Dreyfus Affair; Europe,images/0379-Dreyfus-Appeals-for-New-Hearing-1.png
1626,388d6f94-3ef1-8011-a6d5-d1bde424695e,Palestine Quiet,1936-04-22,Israel/Palestine; Targeting of Civilians; Muslim Antisemitism; Pogroms,images/0380-Palestine-Quiet-1.png
1627,388d6f94-3ef1-805c-8337-e1c8f4f705c5,Housing Bill Endorsed,1937-04-22,US; Jewish contributions/activism; The Americas,images/0381-Housing-Bill-Endorsed-1.png
1628,388d6f94-3ef1-8037-801e-e42585d85d65,Asks Pope to Help Jews,1933-04-22,Germany; Western Antisemitism; Nazis/Fascists; Christianity & Churches; Europe,images/0382-Asks-Pope-to-Help-Jews-1.png
1629,388d6f94-3ef1-8085-ba43-cad7d1f11c00,Poles List Eligibles,1937-04-22,Poland; Western Antisemitism; Legal Restrictions against Jews; Europe,images/0383-Poles-List-Eligibles-1.png
1630,388d6f94-3ef1-8095-8238-fb4c3c067df7,Quakers Aid Vienna Jews,1938-04-22,Austria; Western Antisemitism; Europe,images/0384-Quakers-Aid-Vienna-Jews-1.png
1631,388d6f94-3ef1-80e3-853e-f4e3fb35a3aa,German Liner Brings 200 Jewish Refugees,1939-04-22,Germany; Western Antisemitism; Nazis/Fascists; Ethnic Cleansing; Europe,images/0385-German-Liner-Brings-200-Jewish-Refugees-1.png
1632,388d6f94-3ef1-8055-a049-ef7fbef3aaa7,For Strict Ban on Jews,1939-04-22,Hungary; Western Antisemitism; Legal Restrictions against Jews; Europe,images/0386-For-Strict-Ban-on-Jews-1.png
1633,388d6f94-3ef1-8099-8244-d3597c7bf04e,Census of All Jews Is Planned in France,1941-04-22,France; Western Antisemitism; Nazis/Fascists; Legal Restrictions against Jews; Europe,images/0387-Census-of-All-Jews-Is-Planned-in-France-1.png
1634,388d6f94-3ef1-804e-9992-d2fe1fc67d95,"$7,500,000 Drive Opens",1947-04-22,Israel/Palestine; Sources of Funding,images/0388-7-500-000-Drive-Opens-1.png
1635,388d6f94-3ef1-8059-a2ef-f1ae063b9cbd,Jewish Tribute to Danish King,1947-04-22,Denmark; Western Antisemitism; Europe,images/0389-Jewish-Tribute-to-Danish-King-1.png
1636,388d6f94-3ef1-80ce-8f39-eb29da12bede,Arab Legion Entry Cited,1948-04-22,Jordan; Israel/Palestine; England/UK; Western Intervention; Arab World; Europe; Islamic World,images/0390-Arab-Legion-Entry-Cited-1.png
1637,388d6f94-3ef1-809c-8938-ddc9e97cf7d1,Problems in Palestine,1950-04-22,"Israel/Palestine; UN & League of Nations; US; Western Intervention; Sources of Funding; ""The Nakba""/""refugees""; The Americas",images/0391-Problems-in-Palestine-1.png
1638,388d6f94-3ef1-804c-b476-e7954c7597fc,Soviet Abandoning 'Jewish Homeland',1951-04-22,"USSR; Use of ""colony"" to describe Jewish communities; Western Antisemitism; Europe",images/0392-Soviet-Abandoning-Jewish-Homeland-1.png
1639,388d6f94-3ef1-807c-a5d4-e79cc7e9dee6,Moroccan Jews Flock to Israel,1955-04-22,Morocco; Pogroms; Muslim Antisemitism; Ethnic Cleansing; Targeting of Children; Arab World; Africa; Islamic World,images/0393-Moroccan-Jews-Flock-to-Israel-1.png
1640,388d6f94-3ef1-806e-a1de-d438aceab1b1,Hammarskjold Bid Rejected by Beirut,1956-04-22,Lebanon; UN & League of Nations; Israel/Palestine; Terrorism; Arab World; Islamic World,images/0394-Hammarskjold-Bid-Rejected-by-Beirut-1.png
1641,388d6f94-3ef1-8099-8d02-deafa934a36e,Potofsky Assails Russians on Jews,1962-04-22,Sources of Funding; Libya; Africa; Western Intervention; England/UK; Arab World; Europe; Islamic World,images/0395-Potofsky-Assails-Russians-on-Jews-1.png
1642,388d6f94-3ef1-8090-8990-c4755273d1b6,Barriers for Nasser,1958-04-22,Egypt; Saudi Arabia; Lebanon; Jordan; Pan-Arabism; Arab World; Africa; Islamic World,images/0396-Barriers-for-Nasser-1.png
1643,388d6f94-3ef1-8093-83ec-c7c0c6e552fb,Potofsky Assails Russians on Jews,1962-04-22,USSR; Russia; Western Antisemitism; Europe,images/0397-Potofsky-Assails-Russians-on-Jews-1.png
1644,388d6f94-3ef1-809a-b995-d7de12ea31a0,Teachings Linked to Anti-Semitism,1966-04-22,US; Western Antisemitism; Christianity & Churches; The Americas,images/0398-Teachings-Linked-to-Anti-Semitism-1.png
1645,388d6f94-3ef1-809f-a7bb-da57d939900c,"One Dies, Three Hurt As Arab Terror Squad Strikes at Israeli Town",1979-04-22,Israel/Palestine; Lebanon; PLO; Terrorism; Targeting of Civilians; Intent in Israel/Palestine; Arab World; Islamic World,images/0399-One-Dies-Three-Hurt-As-Arab-Terror-Squad-Strikes-at-Israeli-Town-1.png
1646,388d6f94-3ef1-801a-8064-ee9cb8adee5f,Israelis Approve Sinai Withdrawal,1982-04-22,Israel/Palestine; Egypt; Land for Peace; Intent in Israel/Palestine; Arab World; Africa; Islamic World,images/0400-Israelis-Approve-Sinai-Withdrawal-1.png
1647,388d6f94-3ef1-80ec-9fee-e2b0482b31db,Shultz Says Arabs Hurt Palestinians by Blocking Talks,1985-04-22,Israel/Palestine; Jordan; Egypt; Intent in Israel/Palestine; Syria; Arab World; Africa; Islamic World,images/0401-Shultz-Says-Arabs-Hurt-Palestinians-by-Blocking-Talks-1.png
1648,388d6f94-3ef1-80da-8994-f726d80a8c52,U.S. Dropping Effort to Indict Arafat in '73 Sudan Slayings,1986-04-22,US; Sudan; Arafat; PLO; Terrorism; Arab World; Africa; The Americas; Islamic World,images/0402-U.S.-Dropping-Effort-to-Indict-Arafat-in-73-Sudan-Slayings-1.png
1649,388d6f94-3ef1-806e-bcd3-e7a0ae3e57ba,Brother of Arab in Heathrow Case Is Held in Berlin,1986-04-22,Jordan; Germany; England/UK; Israel/Palestine; Terrorism; Arab World; Europe; Islamic World,images/0403-Brother-of-Arab-in-Heathrow-Case-Is-Held-in-Berlin-1.png
1650,388d6f94-3ef1-80b1-8c4e-d2ab1ea1062a,Jet Hijackers Are Believed to Have Flown to Syria,1988-04-22,Syria; Lebanon; Iran; Terrorism; Arab World; Islamic World,images/0404-Jet-Hijackers-Are-Believed-to-Have-Flown-to-Syria-1.png
1651,388d6f94-3ef1-806f-aaf0-e9db2cd5c63a,Unrest in Jordan Gains Islamic Tone,1989-04-22,Jordan; Muslim Antisemitism; Arab World; Islamic World,images/0405-Unrest-in-Jordan-Gains-Islamic-Tone-1.png
1652,388d6f94-3ef1-80e2-bc8e-c20fb9f830b5,Shortwave Radio Teaching Soviet Jews Their Heritage,1989-04-22,USSR; Israel/Palestine; Jewish Culture Beliefs & Debates; Europe,images/0406-Shortwave-Radio-Teaching-Soviet-Jews-Their-Heritage-1.png
1653,388d6f94-3ef1-807c-aef5-d9472c209288,Anger Greets Croatian’s Invitation to Holocaust Museum Dedication,1993-04-22,Holocaust; Nazis/Fascists; Croatia; Western Antisemitism; Europe,images/0407-Anger-Greets-Croatian-s-Invitation-to-Holocaust-Museum-Dedication-1.png
1654,388d6f94-3ef1-8095-aed0-c8038cc144f0,U.S. Faults Saudi Arabia on Terrorist,1995-04-22,US; Saudi Arabia; Lebanon; Terrorism; Arab World; The Americas; Islamic World,images/0408-U.S.-Faults-Saudi-Arabia-on-Terrorist-1.png
1655,388d6f94-3ef1-803c-9152-c3bde03b401e,Vandals in Slovakia Hit Jewish Cemetery,2002-04-22,Western Antisemitism; Czechoslovakia; Europe,images/0409-Vandals-in-Slovakia-Hit-Jewish-Cemetery-1.png
1656,388d6f94-3ef1-80ce-beaf-f46165771562,Nazis Hold Jewish Head,1937-04-21,Germany; Nazis/Fascists; Western Antisemitism; Legal Restrictions against Jews; Europe,images/0410-Nazis-Hold-Jewish-Head-1.png
1657,388d6f94-3ef1-80b5-9fc3-f09046199451,Says Jewish Farms Prosper in Russia,1928-04-21,"Russia; Use of ""colony"" to describe Jewish communities; Sources of Funding; Europe",images/0411-Says-Jewish-Farms-Prosper-in-Russia-1.png
1658,388d6f94-3ef1-8001-8104-fc674a463b21,Polish Jews’ Deaths Laid to Exile Agents,1946-04-21,Poland; England/UK; Western Antisemitism; Europe,images/0412-Polish-Jews-Deaths-Laid-to-Exile-Agents-1.png
1659,388d6f94-3ef1-8063-bb38-e1e975aa959c,Nasser Gets Note From Khrushchev,1959-04-21,Egypt; UAR; USSR; Pan-Arabism; Arab World; Africa; Europe; Islamic World,images/0413-Nasser-Gets-Note-From-Khrushchev-1.png
1660,388d6f94-3ef1-80a3-abff-d89fe3c5be23,Russia and the Jews,1882-04-22,Russia; Pogroms; Western Antisemitism; Legal Restrictions against Jews; Europe,images/0414-Russia-and-the-Jews-1.png
1661,388d6f94-3ef1-804e-b9ad-fb21196226f4,Tension Is High in Jerusalem,1936-04-21,Israel/Palestine; Syria; Muslim Antisemitism; Arab World; Islamic World,images/0415-Tension-Is-High-in-Jerusalem-1.png
1662,388d6f94-3ef1-8040-a6a4-c35cc7774193,"Adolf Busch Quits Brahms Fete in Hamburg Because Serkin, Jewish Pianist, Is Barred",1933-04-21,Germany; Nazis/Fascists; Western Antisemitism; Legal Restrictions against Jews; Europe,images/0416-Adolf-Busch-Quits-Brahms-Fete-in-Hamburg-Because-Serkin-Jewish-Pianist-Is-Barred-1.png
1663,388d6f94-3ef1-808f-9c22-fd9d298e2464,Passover Excites Russia,1929-04-21,USSR; Russia; Legal Restrictions against Jews; Western Antisemitism; Europe,images/0417-Passover-Excites-Russia-1.png
1664,388d6f94-3ef1-809e-a238-cf98eb2f0b92,Anti-Semitism Hits China,1929-04-21,China; Russia; Western Antisemitism; Asia; Legal Restrictions against Jews; Europe,images/0418-Anti-Semitism-Hits-China-1.png
1665,388d6f94-3ef1-80a0-a225-f9d37adea8bb,Anti-Semites Busy Again in Germany,1929-04-21,Germany; Western Antisemitism; Blood Libel; Legal Restrictions against Jews; Europe,images/0419-Anti-Semites-Busy-Again-in-Germany-1.png
1666,388d6f94-3ef1-8049-aff9-f7466fff1e12,"Britain, in U.N., Accuses Arabs of Fomenting Rebellion in Oman",1961-04-21,England/UK; UN & League of Nations; Oman; Oil; Western Intervention; Arab World; Europe; Islamic World,images/0420-Britain-in-U.N.-Accuses-Arabs-of-Fomenting-Rebellion-in-Oman-1.png
1667,388d6f94-3ef1-80a5-81c7-edeb2203edc5,A Pogrom in Galicia,1918-04-21,Poland; Ukraine; Pogroms; Western Antisemitism; Education/Educators weaponized against Jews; Europe,images/0421-A-Pogrom-in-Galicia-1.png
1668,388d6f94-3ef1-8045-b582-e968b2f9a997,Nazism held reviving,,Germany; Western Antisemitism; Nazis/Fascists; Education/Educators weaponized against Jews; Europe,images/0422-Nazism-held-reviving-1.png
1669,388d6f94-3ef1-80bd-81a6-e1b98449a2dd,Nazi slayers given prison sentences,1964-04-21,Western Antisemitism; Nazis/Fascists; Holocaust; Belarus; Europe,images/0423-Nazi-slayers-given-prison-sentences-1.png
1670,388d6f94-3ef1-8051-b528-c638c4bc925f,Swastikas in Johannesburg,1966-04-21,South Africa; Western Antisemitism; Africa,images/0424-Swastikas-in-Johannesburg-1.png
1671,388d6f94-3ef1-80ea-8028-d9b14f2905de,Anti-Semitic View Laid to Bishop Carli,1966-04-21,Italy; Western Antisemitism; Christianity & Churches; Europe,images/0425-Anti-Semitic-View-Laid-to-Bishop-Carli-1.png
1672,388d6f94-3ef1-8075-909e-d3195a58117f,Mrs Abzug Assails Arms Sails to Arabs,1976-04-21,Western Intervention; Israel/Palestine; Arab League; Egypt; Sources of Funding; Arab World; Africa; Islamic World,images/0426-Mrs-Abzug-Assails-Arms-Sails-to-Arabs-1.png
1673,388d6f94-3ef1-802b-b56d-d04a8c9dffae,Israel Reports Attacks,1954-04-20,Israel/Palestine; Egypt; Lebanon; Targeting of Civilians; Arab World; Africa; Islamic World,images/0427-Israel-Reports-Attacks-1.png
1674,388d6f94-3ef1-8071-8a75-dcceb76b9dd1,Ruling on Refugees From Egypt Scored,1957-04-20,Egypt; US; Ethnic Cleansing; Western Antisemitism; Muslim Antisemitism; Arab World; Africa; The Americas; Islamic World,images/0428-Ruling-on-Refugees-From-Egypt-Scored-1.png
1675,388d6f94-3ef1-8096-884e-d90085666813,Saudi Rulers Bar Tie to Arab Blocs,1958-04-20,Saudi Arabia; Pan-Arabism; Arab World; Islamic World,images/0429-Saudi-Rulers-Bar-Tie-to-Arab-Blocs-1.png
1676,388d6f94-3ef1-8074-842b-cd1ca5259709,Tewfik Pasha's Surprise,1895-11-06,Turkey; Germany; Israel/Palestine; Legal Restrictions against Jews; Europe; Islamic World,images/0430-Tewfik-Pasha-s-Surprise-1.png
1677,388d6f94-3ef1-8097-8531-c070cafd60d5,Surveying Palestine,1875-10-13,"Israel/Palestine; Algeria; Use of ""colony"" to describe Jewish communities; Arab World; Africa; Islamic World",images/0431-Surveying-Palestine-1.png
1678,388d6f94-3ef1-8016-871e-c736d37a8c56,Jewish Return to Palestine,1896-09-13,Israel/Palestine; Political Zionism; Theodor Herzl,images/0432-Jewish-Return-to-Palestine-1.png
1679,388d6f94-3ef1-800c-b394-f5f34a6a2a69,Anti-Semitic Trouble in Algiers,1899-04-24,Algeria; Pogroms; Muslim Antisemitism; Arab World; Africa; Islamic World,images/0433-Anti-Semitic-Trouble-in-Algiers-1.png
1680,388d6f94-3ef1-8041-b673-ea8619d4d789,Jews Attacked in Algiers,1898-01-27,Algeria; Pogroms; Muslim Antisemitism; Arab World; Africa; Islamic World,images/0434-Jews-Attacked-in-Algiers-1.png
1681,388d6f94-3ef1-80c4-a236-ee13db72d666,More Rioting in Algiers,1898-01-26,Algeria; Western Antisemitism; Pogroms; Arab World; Africa; Islamic World,images/0435-More-Rioting-in-Algiers-1.png
1682,388d6f94-3ef1-804b-8ce3-d62efbdea217,Jews Attacked in Algiers,1898-01-25,Algeria; Pogroms; Muslim Antisemitism; Arab World; Africa; Islamic World,images/0436-Jews-Attacked-in-Algiers-1.png
1683,388d6f94-3ef1-807e-85e6-f148baa64f3d,Anti-Jew Riots in Algiers,1898-01-20,Algeria; Western Antisemitism; Pogroms; Education/Educators weaponized against Jews; Arab World; Africa; Islamic World,images/0437-Anti-Jew-Riots-in-Algiers-1.png
1684,388d6f94-3ef1-80fa-91fe-e5f240d621e5,The Jews of Morocco,1885-05-10,Morocco; Muslim Antisemitism; Ghettos; Legal Restrictions against Jews; Arab World; Africa; Islamic World,images/0438-The-Jews-of-Morocco-1.png; images/0438-The-Jews-of-Morocco-2.png
1685,388d6f94-3ef1-80bc-9719-d3b6ba3f0402,Morocco's Inhabitants,1887-10-26,Morocco; Muslim Antisemitism; Arab World; Africa; Islamic World,images/0439-Morocco-s-Inhabitants-1.png
1686,388d6f94-3ef1-800a-84a6-dfde08919ec9,Morocco,1880-06-13,Morocco; Jewish history (relative to time of article); Arab World; Africa; Islamic World,images/0440-Morocco-1.png
1687,388d6f94-3ef1-8034-bf8b-c3878f274bc3,Driven From Jerusalem,1888-05-06,Israel/Palestine; Turkey; Ethnic Cleansing; Judean origins/Jewish indigeneity; Jewish history (relative to time of article); Islamic World,images/0441-Driven-From-Jerusalem-1.png; images/0441-Driven-From-Jerusalem-2.png
1688,388d6f94-3ef1-8031-9928-cda657d5548f,Jewish Soldiers at Camp Meade,1898-09-24,US; The Americas,images/0442-Jewish-Soldiers-at-Camp-Meade-1.png
1689,388d6f94-3ef1-804a-8cb9-e9f844bbe7a1,Hebrews Killed in Corfu,1891-05-14,Greece; Western Antisemitism; Pogroms; Legal Restrictions against Jews; Europe,images/0443-Hebrews-Killed-in-Corfu-1.png
1690,388d6f94-3ef1-800f-85bd-e134c046baf8,The Oldest Jewish Gravestone,1887-10-30,Germany; Jewish history (relative to time of article); Europe,images/0444-The-Oldest-Jewish-Gravestone-1.png
1691,388d6f94-3ef1-80b0-9bbc-cb7331018d32,Hebrews Not Wanted,1889-07-21,US; Western Antisemitism; The Americas,images/0445-Hebrews-Not-Wanted-1.png
1692,388d6f94-3ef1-80c7-a7d7-f95131b7335b,Jewish Colonization Experiment,1892-09-06,"US; Use of ""colony"" to describe Jewish communities; The Americas",images/0446-Jewish-Colonization-Experiment-1.png
1693,388d6f94-3ef1-80c4-83f1-cb0da44b9a53,Fatal Riots in Algiers,1898-01-24,Algeria; Western Antisemitism; Pogroms; Arab World; Africa; Islamic World,images/0447-Fatal-Riots-in-Algiers-1.png
1694,388d6f94-3ef1-80aa-80ff-dec48d57b409,The Druses,1885-03-15,Israel/Palestine; Druze,images/0448-The-Druses-1.png
1695,388d6f94-3ef1-80ef-82c4-e70aee4faca8,"35,000 Jews Killed in Savage Pogroms",1919-10-11,Pogroms; Russia; Ukraine; Western Antisemitism; Europe,images/0449-35-000-Jews-Killed-in-Savage-Pogroms-1.png
1696,388d6f94-3ef1-8098-a3d7-ed6c0664c600,Many Jews Face Death by Freezing,1919-10-12,Russia; Western Antisemitism; Europe,images/0450-Many-Jews-Face-Death-by-Freezing-1.png
1697,388d6f94-3ef1-8079-977e-faa4d5a6e19e,"To Expel 10,000 Jews",1919-10-10,Austria; Western Antisemitism; Ethnic Cleansing; Europe,images/0451-To-Expel-10-000-Jews-1.png
1698,388d6f94-3ef1-800a-9c1a-e41dc1a6d390,Anti-Jewish Gangs in Vienna Suffer in Clashes with Police,1919-11-04,Austria; Western Antisemitism; Europe,images/0452-Anti-Jewish-Gangs-in-Vienna-Suffer-in-Clashes-with-Police-1.png
1699,388d6f94-3ef1-8088-8971-fbc0720f6674,Sanitation for Jerusalem,1919-11-10,Israel/Palestine,images/0453-Sanitation-for-Jerusalem-1.png
1700,388d6f94-3ef1-8044-b205-ea1cb2345ad5,Tells Sad Plight of Jews,1919-11-12,Western Antisemitism,images/0454-Tells-Sad-Plight-of-Jews-1.png
1701,388d6f94-3ef1-80e3-ad8e-c393343099da,Jews Name Nov. 24 as 'Day of Sorrow',1919-11-16,Pogroms; Western Antisemitism,images/0455-Jews-Name-Nov.-24-as-Day-of-Sorrow-1.png
1702,388d6f94-3ef1-802e-afaa-f8222aafb169,Half Million Jews in Pogrom Protest,1919-11-25,Pogroms; Ukraine; Russia; Ethnic Cleansing; Europe,images/0456-Half-Million-Jews-in-Pogrom-Protest-1.png
1703,388d6f94-3ef1-8096-a77e-c76b13697219,Says Ten Millions Face Hunger Death,1919-12-03,Russia; Pogroms; Poland; Western Antisemitism; Europe,images/0457-Says-Ten-Millions-Face-Hunger-Death-1.png
1704,388d6f94-3ef1-80b0-b2a3-db7ac8e244e6,Confirms Pogrom in Podol,1919-12-12,Russia; Pogroms; Ukraine; Europe,images/0458-Confirms-Pogrom-in-Podol-1.png
1705,388d6f94-3ef1-80d7-b5f1-c9bda80f9d74,Takes Steps to Curb German Anti-Semites,1919-12-18,Germany; Western Antisemitism; Legal Restrictions against Jews; Europe,images/0459-Takes-Steps-to-Curb-German-Anti-Semites-1.png
1706,388d6f94-3ef1-80fb-8c79-d135a447e770,"40,000 Jews Slain in Ukrainia, He Says",1919-12-08,Russia; Pogroms; Western Antisemitism; Europe,images/0460-40-000-Jews-Slain-in-Ukrainia-He-Says-1.png
1707,388d6f94-3ef1-80f3-b0b2-cff84aebfe46,Million for Jewish Relief,1919-12-26,World; Sources of Funding,images/0461-Million-for-Jewish-Relief-1.png
1708,388d6f94-3ef1-8046-a649-fa66eb222453,Attack Jews in Budapest,1919-12-11,Hungary; Western Antisemitism; Pogroms; Control of media trope; Legal Restrictions against Jews; Europe,images/0462-Attack-Jews-in-Budapest-1.png
1709,388d6f94-3ef1-80d0-ab17-edab49812ae0,Jews Are Flocking Into the Holy Land,1910-01-17,Israel/Palestine; Turkey; Russia; Iran; Europe; Islamic World,images/0463-Jews-Are-Flocking-Into-the-Holy-Land-1.png
1710,388d6f94-3ef1-80c8-8d4c-cdd48fe408a1,Jews in Flight From Palestine,1915-01-19,Israel/Palestine; Turkey; Egypt; Ethnic Cleansing; Theft of Jewish property; Arab World; Africa; Islamic World,images/0464-Jews-in-Flight-From-Palestine-1.png
1711,388d6f94-3ef1-801a-adf9-c8ecb757ffb3,At Jaffa,1912-11-21,Israel/Palestine; Russia; Targeting of Civilians; Europe,images/0465-At-Jaffa-1.png
1712,388d6f94-3ef1-8068-8ebd-f73e4907c452,Oppression of Jews Denounced in Duma,1915-09-23,Russia; Western Antisemitism; Europe,images/0466-Oppression-of-Jews-Denounced-in-Duma-1.png
1713,388d6f94-3ef1-8023-a60a-d3855c5dc35d,Jews Have Reason to Fear Italian Fascism,1994-05-04,Italy; Western Antisemitism; Nazis/Fascists; Jewish history (relative to time of article); Holocaust; Europe,images/0467-Jews-Have-Reason-to-Fear-Italian-Fascism-1.png
1714,388d6f94-3ef1-80eb-840e-ecdb66602b73,Arab Outbreaks Go On in Palestine,1936-04-26,Israel/Palestine; Egypt; Syria; Pogroms; Muslim Antisemitism; Boycotts against Jews; Arab World; Africa; Islamic World,images/0468-Arab-Outbreaks-Go-On-in-Palestine-1.png
1715,388d6f94-3ef1-809f-80dd-dd3e36d5dab2,Deaths Rise to 20 in Palestine Riots,1936-04-21,Israel/Palestine; Targeting of Civilians; Targeting of Children; Muslim Antisemitism; Pogroms,images/0469-Deaths-Rise-to-20-in-Palestine-Riots-1.png
1716,388d6f94-3ef1-8098-b6f4-ed50ad8e1f39,"11 Killed, 50 Hurt in Palestine Riots",1936-04-20,"Israel/Palestine; Targeting of Civilians; Muslim Antisemitism; Pogroms; Victim Blaming/Justification of Antisemitism; Use of ""colony"" to describe Jewish communities",images/0470-11-Killed-50-Hurt-in-Palestine-Riots-1.png
1717,388d6f94-3ef1-8046-a357-eddd51970f73,The Syrian Outbreak,1860-08-13,Turkey; Syria; Arab World; Islamic World,images/0471-The-Syrian-Outbreak-1.png
1718,388d6f94-3ef1-80d9-8b97-e3839b0a5878,The Syrian Slaughters,1860-07-31,Turkey; Syria; Arab World; Islamic World,images/0472-The-Syrian-Slaughters-1.png
1719,388d6f94-3ef1-8041-8250-e9560038f0d2,The Syrian Massacres,1860-08-14,Syria; Turkey; Arab World; Islamic World,images/0473-The-Syrian-Massacres-1.png
1720,388d6f94-3ef1-8039-8625-ebebc02332e3,"Girls Mutilated, Many Burned, Report Shows",1934-08-08,Algeria; Muslim Antisemitism; Pogroms; Targeting of Children; Israel/Palestine; Arab World; Africa; Islamic World,images/0474-Girls-Mutilated-Many-Burned-Report-Shows-1.png
1721,388d6f94-3ef1-80b1-8376-f40339a8d0e0,80 Arabs Arrested in Algerian Riots,1934-08-08,Algeria; Muslim Antisemitism; Pogroms; Targeting of Children; Arab World; Africa; Islamic World,images/0475-80-Arabs-Arrested-in-Algerian-Riots-1.png
1722,388d6f94-3ef1-806b-99cd-de252d0098eb,"100 Slain, 300 Hurt as Arabs and Jews Clash in Algeria",1934-08-07,Algeria; Muslim Antisemitism; Pogroms; Jewish history (relative to time of article); Arab World; Africa; Islamic World,images/0477-100-Slain-300-Hurt-as-Arabs-and-Jews-Clash-in-Algeria-1.png
1723,388d6f94-3ef1-80bb-9770-e7f295888654,Bar Algerian Fair to Avoid Rioting,1934-08-12,Algeria; Muslim Antisemitism; Pogroms; Arab World; Africa; Islamic World,images/0478-Bar-Algerian-Fair-to-Avoid-Rioting-1.png
1724,388d6f94-3ef1-8003-82a0-c78bfc72fdfb,Arab Plot in Algeria Alleged,1934-08-18,Algeria; Muslim Antisemitism; Pogroms; Arab World; Africa; Islamic World,images/0479-Arab-Plot-in-Algeria-Alleged-1.png
1725,388d6f94-3ef1-805c-97c2-c483db78b3c8,More Arrests Made in Algerian Rioting,1934-08-10,Algeria; Muslim Antisemitism; Pogroms; Arab World; Africa; Islamic World,images/0481-More-Arrests-Made-in-Algerian-Rioting-1.png
1726,388d6f94-3ef1-8093-bcd3-d91f85ef8b3c,Bad Times Caused Algerian Killings,1934-08-12,Algeria; Muslim Antisemitism; Pogroms; Jewish history (relative to time of article); Arab World; Africa; Islamic World,images/0482-Bad-Times-Caused-Algerian-Killings-1.png
1727,388d6f94-3ef1-801e-a903-c30c148c6185,Dr. Einstein Opposes Curbs on Palestine,1936-04-12,Israel/Palestine; Einstein; Political Zionism,images/0483-Dr.-Einstein-Opposes-Curbs-on-Palestine-1.png
1728,388d6f94-3ef1-8001-a2dd-fa6498f90381,Greater Syria Aim of Trans-Jordan,1944-04-17,Greater Syria; Jordan; Syria; Lebanon; Israel/Palestine; Pan-Arabism; Arab World; Islamic World,images/0484-Greater-Syria-Aim-of-Trans-Jordan-1.png
1729,388d6f94-3ef1-806f-8c6a-f880e2937ea4,Jordan Campaigns for Greater Syria,1949-05-01,Jordan; Greater Syria; Israel/Palestine; Syria; Pan-Arabism; Intent in Israel/Palestine; Arab World; Islamic World,images/0485-Jordan-Campaigns-for-Greater-Syria-1.png
1730,388d6f94-3ef1-80d1-93c6-f0b6d60e2f64,Greater Syria Aim Gains Among Arabs,1945-10-19,Greater Syria; Jordan; Iraq; Saudi Arabia; Lebanon; Syria; Israel/Palestine; Pan-Arabism; Western Intervention; Arab World; Islamic World,images/0486-Greater-Syria-Aim-Gains-Among-Arabs-1.png
1731,388d6f94-3ef1-80b2-804a-d956127883ba,Unity Plea Made to Trans-Jordan,1947-09-01,Jordan; Greater Syria; Syria; Lebanon; Saudi Arabia; Arab League; UN & League of Nations; Israel/Palestine; Pan-Arabism; Arab World; Islamic World,images/0487-Unity-Plea-Made-to-Trans-Jordan-1.png
1732,388d6f94-3ef1-80f8-b62b-c0ca9aa694f1,New Plan Offered for Greater Syria,1946-03-30,Greater Syria; Iraq; Jordan; Syria; Israel/Palestine; Pan-Arabism; Western Intervention; Arab World; Islamic World,images/0488-New-Plan-Offered-for-Greater-Syria-1.png
1733,388d6f94-3ef1-80ee-b228-cb43a70d954f,Syria's Claims: The Old Order,1983-07-31,Greater Syria; Syria; Lebanon; Israel/Palestine; Jordan; Iraq; Turkey; Western Intervention; Arab World; Islamic World,images/0489-Syria-s-Claims-The-Old-Order-1.png; images/0489-Syria-s-Claims-The-Old-Order-2.png
1734,388d6f94-3ef1-8085-b938-e55c82798780,"""Greater Syria"" Again Urged",1945-09-30,Greater Syria; Syria; Lebanon; Israel/Palestine; Jordan; Iraq; Saudi Arabia; Pan-Arabism; Mufti; Arab World; Islamic World,images/0490-Greater-Syria-Again-Urged-1.png
1735,388d6f94-3ef1-80ec-a242-fec7470bb97f,Abdullah Sees Greater Syria Emerging From Recent Developments in Palestine,1949-04-08,Jordan; Greater Syria; Syria; Iraq; Israel/Palestine; Pan-Arabism; Arab World; Islamic World,images/0491-Abdullah-Sees-Greater-Syria-Emerging-From-Recent-Developments-in-Palestine-1.png
1736,388d6f94-3ef1-80c7-a20c-e2e8a86b053f,Lebanon's President Bars 'Greater Syria',1944-02-04,Lebanon; Greater Syria; Syria; Pan-Arabism; Arab World; Islamic World,images/0492-Lebanon-s-President-Bars-Greater-Syria-1.png
1737,388d6f94-3ef1-8086-8f12-eb52d3d0dac9,Iraqi Ease Suspicions,1946-11-30,Iraq; Greater Syria; Syria; Lebanon; Jordan; Arab League; Pan-Arabism; Arab World; Islamic World,images/0493-Iraqi-Ease-Suspicions-1.png
1738,388d6f94-3ef1-8063-b21b-ed65e1cf3e21,Mufti's Newspaper for Greater Syria,1947-08-25,Mufti; Greater Syria; Jordan; Israel/Palestine; Syria; Pan-Arabism; Arab World; Islamic World,images/0494-Mufti-s-Newspaper-for-Greater-Syria-1.png
1739,388d6f94-3ef1-804a-baf4-d81f94821e59,Greater Syria Plan Put Off,1947-10-15,Jordan; Greater Syria; Israel/Palestine; Pan-Arabism; Arab World; Islamic World,images/0495-Greater-Syria-Plan-Put-Off-1.png
1740,388d6f94-3ef1-8068-9be7-d723c975ea5a,British Responsibility,1948-05-09,Jordan; Iraq; Arab League; England/UK; Western Intervention; Israel/Palestine; Arab World; Europe; Islamic World,images/0496-British-Responsibility-1.png
1741,388d6f94-3ef1-80bb-a2fe-faf07913bc40,Anti-Semitism Deplored,1950-04-16,Germany; Western Antisemitism; Europe,images/0497-Anti-Semitism-Deplored-1.png
1742,388d6f94-3ef1-80df-a7aa-f5a2648014c7,Syria Holds 5 in Dynamite Plot,1951-04-16,Syria; Israel/Palestine; US; Terrorism; Arab World; The Americas; Islamic World,images/0498-Syria-Holds-5-in-Dynamite-Plot-1.png
1743,388d6f94-3ef1-806c-98cd-f5a971d010f8,Arab Support Is Seen,1951-04-16,Syria; Israel/Palestine; Arab League; Arab World; Islamic World,images/0499-Arab-Support-Is-Seen-1.png
1744,388d6f94-3ef1-80ce-85cd-ce98482527d6,Lebanese Reject Ban on Jews,1952-04-16,Lebanon; Legal Restrictions against Jews; Arab World; Islamic World,images/0500-Lebanese-Reject-Ban-on-Jews-1.png
1745,388d6f94-3ef1-80ed-91c3-e4c782066acd,Spain Delays Return of Jewish Orphans,1953-04-16,Spain; Holocaust; Targeting of Children; Christianity & Churches; Western Antisemitism; Europe,images/0501-Spain-Delays-Return-of-Jewish-Orphans-1.png
1746,388d6f94-3ef1-809a-8f24-c941cd86acd3,Syrian Disputes U.S. Aide,1954-04-16,Syria; US; Israel/Palestine; Arab World; The Americas; Islamic World,images/0502-Syrian-Disputes-U.S.-Aide-1.png
1747,388d6f94-3ef1-805a-885d-d1d10a2d2b5b,Hussein Assailed by Cairo Crowds,1957-04-16,Jordan; Pan-Arabism; Israel/Palestine; Arab World; Islamic World,images/0503-Hussein-Assailed-by-Cairo-Crowds-1.png
1748,388d6f94-3ef1-80d7-adc0-c28504d01c59,?Arab-Israeli Disputes,1962-04-16,Jordan; Israel/Palestine; Terrorism; Arab World; Islamic World,images/0504-Arab-Israeli-Disputes-1.png
1749,388d6f94-3ef1-800e-a96f-ce14dbb8ce55,Jews Bid U.N. Group Study Death for Economic Crimes,1963-04-16,USSR; UN & League of Nations; Western Antisemitism; Legal Restrictions against Jews; Europe,images/0505-Jews-Bid-U.N.-Group-Study-Death-for-Economic-Crimes-1.png
1750,388d6f94-3ef1-8093-b9ee-db3ded38de8d,Zionist Bids the U.S. Spur Mideast Peace,1964-04-16,US; Israel/Palestine; Jordan; Intent in Israel/Palestine; Arab World; The Americas; Islamic World,images/0506-Zionist-Bids-the-U.S.-Spur-Mideast-Peace-1.png
1751,388d6f94-3ef1-8034-a30d-f6b84007fcbd,Jewish Guild for the Blind Lists a Benefit Luncheon,1969-04-16,US; Jewish contributions/activism; The Americas,images/0507-Jewish-Guild-for-the-Blind-Lists-a-Benefit-Luncheon-1.png
1752,388d6f94-3ef1-8000-8b6d-e75bc97a6ece,"Syrian MIG Rockets Fake, Jordanian Says",1967-04-15,Syria; Israel/Palestine; Lies about Israel; Jordan; Arab World; Islamic World,images/0508-Syrian-MIG-Rockets-Fake-Jordanian-Says-1.png
1753,388d6f94-3ef1-8010-bcea-c344f1970498,4 Nazis Sentenced in Polish Murders,1967-04-15,Nazis/Fascists; Poland; Holocaust; Europe,images/0509-4-Nazis-Sentenced-in-Polish-Murders-1.png
1754,388d6f94-3ef1-80fe-9901-c285b10918fb,Arafat's Wife Praises Suicide Bombings,2002-04-15,Israel/Palestine; Arafat; Terrorism; France; Intent in Israel/Palestine; Europe,images/0510-Arafat-s-Wife-Praises-Suicide-Bombings-1.png
1755,388d6f94-3ef1-8013-9d9b-e0514982ec42,Jewish Hardships in Russia,1891-04-15,Russia; Legal Restrictions against Jews; Ethnic Cleansing; Europe,images/0511-Jewish-Hardships-in-Russia-1.png
1756,388d6f94-3ef1-8041-a5c5-ff82e9801a42,Objects of Advance Into Holy Land,1917-04-15,Israel/Palestine; Political Zionism; Judean origins/Jewish indigeneity,images/0512-Objects-of-Advance-Into-Holy-Land-1.png
1757,388d6f94-3ef1-8089-99a9-db8822c278c9,Arabs Turn Down Parley in London,1931-04-15,Israel/Palestine; England/UK; Intent in Israel/Palestine; Muslim Antisemitism; Europe,images/0513-Arabs-Turn-Down-Parley-in-London-1.png
1758,388d6f94-3ef1-80e7-8539-cb9732d04605,Job Issue Blamed for Anti-Semitism,1931-04-15,Switzerland; Western Antisemitism; Europe,images/0514-Job-Issue-Blamed-for-Anti-Semitism-1.png
1759,388d6f94-3ef1-8017-a39e-df18dbafa3a3,"Jews' Status Worse in Reich, Says Report",1935-04-15,Germany; Nazis/Fascists; Western Antisemitism; Legal Restrictions against Jews; Boycotts against Jews; Europe,images/0515-Jews-Status-Worse-in-Reich-Says-Report-1.png
1760,388d6f94-3ef1-804e-b93c-f59114e6268c,Jericho Synagogue Found,1936-04-15,Israel/Palestine; Jewish history (relative to time of article),images/0516-Jericho-Synagogue-Found-1.png
1761,388d6f94-3ef1-8064-978c-de6119392420,Dedicating Ambulances for Service in Palestine,1947-04-15,US; Israel/Palestine; The Americas,images/0517-Dedicating-Ambulances-for-Service-in-Palestine-1.png
1762,388d6f94-3ef1-80b2-b9c5-dbe360ada8aa,Hamburg Mob Jeers 'Jew',1950-04-15,Germany; Western Antisemitism; Nazis/Fascists; Holocaust; Europe,images/0518-Hamburg-Mob-Jeers-Jew-1.png
1763,388d6f94-3ef1-8096-b2eb-d5af65558d9d,Rumania Seizes Jews' Homes,1949-04-14,Romania; Legal Restrictions against Jews; Theft of Jewish property; Europe,images/0519-Rumania-Seizes-Jews-Homes-1.png
1764,388d6f94-3ef1-8051-bd31-c28358974d20,Arab Chief Shuns Widening War Now,1948-04-14,Israel/Palestine; Syria; Arab League; Arab World; Islamic World,images/0520-Arab-Chief-Shuns-Widening-War-Now-1.png
1765,388d6f94-3ef1-80d7-b406-ddd06acc9a5b,Syrian Jews Suffering Under Harsh Curbs,1974-04-14,Syria; Muslim Antisemitism; Legal Restrictions against Jews; Ghettos; Arab World; Islamic World,images/0521-Syrian-Jews-Suffering-Under-Harsh-Curbs-1.png
1766,388d6f94-3ef1-8020-80f9-c8ab560eaddf,Jews Distrust Germany,1915-09-07,England/UK; Germany; Russia; Western Antisemitism; Europe,images/0522-Jews-Distrust-Germany-1.png
1767,388d6f94-3ef1-8056-8b6d-c5f4cc648d4e,"""Aliens"" and Jews",1904-05-14,England/UK; Western Antisemitism; Legal Restrictions against Jews; Jews as aliens/foreigners; Europe,images/0523-Aliens-and-Jews-1.png
1768,388d6f94-3ef1-8025-ac2a-e30fabf20cc7,Persecution of the Jews,1905-08-18,Russia; Romania; Morocco; Iran; Western Antisemitism; Muslim Antisemitism; Legal Restrictions against Jews; Arab World; Africa; Europe; Islamic World,images/0524-Persecution-of-the-Jews-1.png
1769,388d6f94-3ef1-8070-b23d-cc88bd6431d8,A Home for the Jews,1891-07-09,"Argentina; Israel/Palestine; Use of ""colony"" to describe Jewish communities; The Americas",images/0525-A-Home-for-the-Jews-1.png
1770,388d6f94-3ef1-80b1-9d9e-c4c2d47b4ee2,Only Zion for the Jews,1903-09-13,"Israel/Palestine; England/UK; Germany; Western Antisemitism; Muslim Antisemitism; Use of ""colony"" to describe Jewish communities; Spain; Dreyfus Affair; Arab League; Jews as aliens/foreigners; Judean origins/Jewish indigeneity; Jewish history (relative to time of article); Europe",images/0526-Only-Zion-for-the-Jews-1.png; images/0526-Only-Zion-for-the-Jews-2.png
1771,388d6f94-3ef1-8047-89f0-df225da2384c,The Way They Treat the Jew in England,1856-06-25,England/UK; Western Antisemitism; Legal Restrictions against Jews; Emancipation; Christianity & Churches; Europe,images/0527-The-Way-They-Treat-the-Jew-in-England-1.png
1772,388d6f94-3ef1-8054-adb3-d2cc08bab771,Jews Must Mark Dwellings,1942-04-08,Germany; Nazis/Fascists; Holocaust; Legal Restrictions against Jews; Europe,images/0528-Jews-Must-Mark-Dwellings-1.png
1773,388d6f94-3ef1-8078-901c-d2431c223958,Russia Still to Bar Jews,1904-09-03,Russia; US; Western Antisemitism; Legal Restrictions against Jews; Europe; The Americas,images/0529-Russia-Still-to-Bar-Jews-1.png
1774,388d6f94-3ef1-802e-ad36-d8cfc3709f24,Jews Persecuted in Persia,1897-06-29,Iran; Muslim Antisemitism; US; Pogroms; The Americas; Islamic World,images/0530-Jews-Persecuted-in-Persia-1.png
1775,388d6f94-3ef1-8011-9fa6-ed97a584146a,Jews in Lodz Attacked,1905-12-15,Poland; Russia; Pogroms; Western Antisemitism; Europe,images/0531-Jews-in-Lodz-Attacked-1.png
1776,388d6f94-3ef1-808c-b797-ee7074b787f3,Towns Burned; Jews Perish,1905-11-08,Russia; Romania; Pogroms; Western Antisemitism; Ethnic Cleansing; Europe,images/0532-Towns-Burned-Jews-Perish-1.png
1777,388d6f94-3ef1-80d8-acd5-f7be6095f2f9,Russian Harshness to Jews Increases,1904-02-19,Russia; Poland; Western Antisemitism; Legal Restrictions against Jews; Ethnic Cleansing; Europe,images/0533-Russian-Harshness-to-Jews-Increases-1.png
1778,388d6f94-3ef1-8008-ad14-fa9604f6b3b4,Russian Opinions on Jews,1903-12-21,Russia; Western Antisemitism; Legal Restrictions against Jews; Europe,images/0534-Russian-Opinions-on-Jews-1.png
1779,388d6f94-3ef1-8034-ae4f-c9f69c752170,Odessa Jews in a Panic,1905-12-04,Russia; Pogroms; Western Antisemitism; Ukraine; Europe,images/0535-Odessa-Jews-in-a-Panic-1.png
1780,388d6f94-3ef1-80d0-8a74-c7773508ca23,200 Jews Arrested,1905-09-24,Poland; Russia; Western Antisemitism; Legal Restrictions against Jews; Europe,images/0536-200-Jews-Arrested-1.png
1781,388d6f94-3ef1-80c5-ac7d-c92b7c1d2e6c,Russian Jews Massacred,1904-08-28,Russia; Pogroms; Western Antisemitism; Christianity & Churches; Europe,images/0537-Russian-Jews-Massacred-1.png
1782,388d6f94-3ef1-803d-b0dc-f81e93a09ca0,"Soldiers Looted, Jews Fired",1905-06-14,Poland; Russia; Pogroms; Western Antisemitism; Europe,images/0538-Soldiers-Looted-Jews-Fired-1.png
1783,388d6f94-3ef1-80c2-90da-d6c0003aaca1,The Anti-Jewish Crusade,1882-05-25,Russia; Western Antisemitism; Legal Restrictions against Jews; Europe,images/0539-The-Anti-Jewish-Crusade-1.png
1784,388d6f94-3ef1-80d6-9f02-c50619908f2e,Only Selected Jews Wanted,1892-04-14,"Germany; Russia; US; Argentina; Israel/Palestine; Use of ""colony"" to describe Jewish communities; Europe; The Americas",images/0540-Only-Selected-Jews-Wanted-1.png
1785,388d6f94-3ef1-8017-921b-d2c482d9a4f6,American Influence on Foreign Jews,1898-12-11,US; Jewish Culture Beliefs & Debates; The Americas,images/0541-American-Influence-on-Foreign-Jews-1.png
1786,388d6f94-3ef1-80af-9136-e73d86d6b3fb,"25,000 Jews Murdered",1905-11-18,Russia; Canada; Pogroms; Western Antisemitism; Europe; The Americas,images/0542-25-000-Jews-Murdered-1.png
1787,388d6f94-3ef1-80b6-a8dc-e8170165ae82,Russia Blames the Jews,1904-10-27,"Russia; Pogroms; Western Antisemitism; Victim Blaming/Justification of Antisemitism; accusation of ""Jewish Supremacy"" and/or Genocide; Christianity & Churches; Europe",images/0543-Russia-Blames-the-Jews-1.png
1788,388d6f94-3ef1-8044-b7db-e68e85599730,Colonization of Russian Jews,1891-02-07,"US; Russia; Use of ""colony"" to describe Jewish communities; Europe; The Americas",images/0544-Colonization-of-Russian-Jews-1.png
1789,388d6f94-3ef1-8011-813e-eb93a02a6497,A Modest Jew,1857-03-06,US; Western Antisemitism; The Americas,images/0545-A-Modest-Jew-1.png
1790,388d6f94-3ef1-8001-ba34-c847e288b0fa,"Hebrew, Israelite, and Jew",1890-08-03,Jewish history (relative to time of article),images/0546-Hebrew-Israelite-and-Jew-1.png
1791,388d6f94-3ef1-803c-8dbd-c9f5c8ba8659,Many Jews Indorse Zionist Movement,1901-04-15,US; Political Zionism; The Americas,images/0547-Many-Jews-Indorse-Zionist-Movement-1.png
1792,388d6f94-3ef1-809d-b26e-c283acc48470,Jews Barred From Roumania,1891-07-15,Romania; Russia; Western Antisemitism; Legal Restrictions against Jews; Ethnic Cleansing; Europe,images/0548-Jews-Barred-From-Roumania-1.png
1793,388d6f94-3ef1-807a-b85c-d59528e961ec,The Jews in Morocco,1876-06-23,Morocco; Muslim Antisemitism; US; Italy; Arab World; Africa; Europe; The Americas; Islamic World,images/0549-The-Jews-in-Morocco-1.png
1794,388d6f94-3ef1-80e9-912b-e98e78bea3b9,Protection to Jews in Tangiers,1885-03-15,Morocco; US; Muslim Antisemitism; Arab World; Africa; The Americas; Islamic World,images/0550-Protection-to-Jews-in-Tangiers-1.png
1795,388d6f94-3ef1-80fd-ac45-fdebb0618d90,Interesting Hebrew Relic,1851-12-12,US; Jewish history (relative to time of article); The Americas,images/0551-Interesting-Hebrew-Relic-1.png; images/0551-Interesting-Hebrew-Relic-2.png
1796,388d6f94-3ef1-80e1-9555-fce061a1e114,Singular Attack on a Jew,1890-09-21,Austria; Western Antisemitism; Europe,images/0552-Singular-Attack-on-a-Jew-1.png
1797,388d6f94-3ef1-8005-bd65-c65eb8f83f96,Jews as Enemies of Catholics,1890-02-28,Christianity & Churches; Blood Libel; Western Antisemitism; Italy; Europe,images/0553-Jews-as-Enemies-of-Catholics-1.png
1798,388d6f94-3ef1-80ca-b832-d10ef29b18b3,Jews in Capital Terrified,1905-11-10,Russia; Pogroms; Western Antisemitism; Europe,images/0554-Jews-in-Capital-Terrified-1.png
1799,388d6f94-3ef1-8059-a8e1-f96f77c23af4,Jews in Bagdad,1889-11-24,Iraq; Mesopotamia; Muslim Antisemitism; Legal Restrictions against Jews; Arab World; Islamic World,images/0555-Jews-in-Bagdad-1.png; images/0555-Jews-in-Bagdad-2.png
1800,388d6f94-3ef1-80ed-99be-d08658fd7740,Driven From His Country,1891-12-18,Russia; US; Western Antisemitism; Legal Restrictions against Jews; Ethnic Cleansing; Europe; The Americas,images/0556-Driven-From-His-Country-1.png
1801,388d6f94-3ef1-8019-bf94-c41a44e7e33e,Robbed a Cornerstone,1904-09-16,US; The Americas,images/0557-Robbed-a-Cornerstone-1.png
1802,388d6f94-3ef1-8093-9e38-d8e9a70d55db,The Mortara Case--Movement of the Jews,1858-11-22,Italy; Christianity & Churches; Targeting of Children; Legal Restrictions against Jews; Western Antisemitism; Europe,images/0558-The-Mortara-Case--Movement-of-the-Jews-1.png
1803,388d6f94-3ef1-80e4-b89e-ec0fcb46036a,Austrian Treatment of the Jews,1853-11-25,Austria; Western Antisemitism; Legal Restrictions against Jews; Europe,images/0559-Austrian-Treatment-of-the-Jews-1.png
1804,388d6f94-3ef1-80fe-a389-dd136c18f3dd,Algeria,1871-09-25,Algeria; France; Legal Restrictions against Jews; Western Intervention; Jews as aliens/foreigners; Arab World; Africa; Europe; Islamic World,images/0560-Algeria-1.png
1805,388d6f94-3ef1-8004-b95a-ee33053e38f3,Troops Pillage Jews' Homes,1905-05-15,Russia; Pogroms; Western Antisemitism; Moldova; Europe,images/0561-Troops-Pillage-Jews-Homes-1.png
1806,388d6f94-3ef1-80ac-91b5-c6625129d3ac,A Contented Colony,1893-03-16,"US; Use of ""colony"" to describe Jewish communities; The Americas",images/0562-A-Contented-Colony-1.png
1807,388d6f94-3ef1-8058-9720-fa151610bc8a,"The Insurance Companies and ""Jew Risks""",1867-03-31,US; Western Antisemitism; Legal Restrictions against Jews; The Americas,images/0563-The-Insurance-Companies-and-Jew-Risks-1.png
1808,388d6f94-3ef1-8014-b73e-ded1fd01d719,Why Russia Persecutes Jews,1890-12-29,Russia; Western Antisemitism; Legal Restrictions against Jews; Ethnic Cleansing; Europe,images/0564-Why-Russia-Persecutes-Jews-1.png
1809,388d6f94-3ef1-80b6-af0c-d1f57d0364cb,Jew Versus Christian,1872-06-11,Blood Libel; Western Antisemitism; Turkey; Greece; Europe; Islamic World,images/0565-Jew-Versus-Christian-1.png
1810,388d6f94-3ef1-80e6-a292-c8423f5948fe,Turkey Wants to Bar Jews,1901-05-05,Turkey; Italy; Israel/Palestine; Legal Restrictions against Jews; Western Intervention; Europe; Islamic World,images/0566-Turkey-Wants-to-Bar-Jews-1.png
1811,388d6f94-3ef1-80f0-9f35-daed7aadf762,Jews Barred From Palestine,1891-06-27,Turkey; Israel/Palestine; Legal Restrictions against Jews; Islamic World,images/0567-Jews-Barred-From-Palestine-1.png
1812,388d6f94-3ef1-80b8-92f4-ecc13b5fbe19,Austrian Jew Baiters Thrashed,1892-06-19,Austria; Western Antisemitism; Europe,images/0568-Austrian-Jew-Baiters-Thrashed-1.png
1813,388d6f94-3ef1-8087-88f1-f7d7318b44ff,Jews Barred From Roumania,1897-04-27,Romania; Legal Restrictions against Jews; Western Antisemitism; Europe,images/0569-Jews-Barred-From-Roumania-1.png
1814,388d6f94-3ef1-8035-99f0-db7e8dbeed56,Jews Blamed for Massacre,1903-06-17,Christianity & Churches; Russia; Ukraine; Pogroms; Victim Blaming/Justification of Antisemitism; Europe,images/0570-Jews-Blamed-for-Massacre-1.png
1815,388d6f94-3ef1-8061-bde4-ecb62e84371b,The Jews and the Keys of Jerusalem,1878-11-17,Israel/Palestine; Turkey; Jewish history (relative to time of article); Islamic World,images/0571-The-Jews-and-the-Keys-of-Jerusalem-1.png
1816,388d6f94-3ef1-801d-af99-ffe350379cf1,Sunday Law for Jews,1887-04-16,Legal Restrictions against Jews; Western Antisemitism; US; The Americas,images/0572-Sunday-Law-for-Jews-1.png
1817,388d6f94-3ef1-80b4-99e6-c11eb40b1240,Jews of Northern Caucus,1885-07-09,"Russia; Use of ""colony"" to describe Jewish communities; Jewish history (relative to time of article); Europe",images/0573-Jews-of-Northern-Caucus-1.png
1818,388d6f94-3ef1-80ec-b1e2-fae1064025f7,Cremation Among the Jews,1888-01-04,England/UK; Jewish Culture Beliefs & Debates; Europe,images/0574-Cremation-Among-the-Jews-1.png
1819,388d6f94-3ef1-807c-b98f-f47b5666bd92,Jewish Disabilities,1852-05-25,Western Antisemitism; Christianity & Churches; Legal Restrictions against Jews; Ethnic Cleansing,images/0575-Jewish-Disabilities-1.png; images/0575-Jewish-Disabilities-2.png
1820,388d6f94-3ef1-803d-938e-e9cae6382aa7,The Jewish Question,1852-05-08,England/UK; Legal Restrictions against Jews; Emancipation; Europe,images/0576-The-Jewish-Question-1.png
1821,388d6f94-3ef1-807a-a18a-d4c808219607,The Jewish Question,1895-09-13,England/UK; Western Antisemitism; Emancipation; Europe,images/0577-The-Jewish-Question-1.png
1822,388d6f94-3ef1-8007-a4d1-d8e74328138c,The Hebrew Man,1851-11-13,Western Antisemitism; Judean origins/Jewish indigeneity,images/0578-The-Hebrew-Man-1.png
1823,388d6f94-3ef1-80a0-9adf-d12065b03293,? - TBD,1899-01-05,Western Antisemitism; Jewish history (relative to time of article); Judean origins/Jewish indigeneity,images/0579-TBD-1.png
1824,388d6f94-3ef1-80dd-8e00-f2b8ae2493c2,Alleged Outrages on Jews,1905-08-31,Western Antisemitism; US; The Americas,images/0580-Territorial-Zones-for-Jews-1.png
1825,388d6f94-3ef1-807b-ba79-ec62aa8448b5,Mohammed and the Medina Jews,1895-08-10,Legal Restrictions against Jews; Muslim Antisemitism; Saudi Arabia; Jewish history (relative to time of article); Arab World; Islamic World,images/0581-Mohammed-and-the-Medina-Jews-1.png
1826,388d6f94-3ef1-80e2-a278-fe65e50b1624,Persecution of Jews in Russia,1895-08-10,Russia; Western Antisemitism; Ethnic Cleansing; Europe,images/0582-Persecution-of-Jews-in-Russia-1.png
1827,388d6f94-3ef1-80d3-a059-c31186a8a4ec,Zionists Warned Jews,1903-05-18,Political Zionism; Western Antisemitism; Pogroms,images/0583-Zionists-Warned-Jews-1.png
1828,388d6f94-3ef1-8095-a04c-ceb19181ec25,Ancient Jews in China,1901-02-02,China; Jewish history (relative to time of article); Asia,images/0585-Ancient-Jews-in-China-1.png
1829,388d6f94-3ef1-80ef-bd6e-de6f4b3356d9,Odessa Jews Armed,1903-06-04,Russia; Pogroms; Western Antisemitism; Ukraine; Europe,images/0586-Odessa-Jews-Armed-1.png
1830,388d6f94-3ef1-80db-9fc7-d82cafd33b6e,A Question for the Jews,1884-01-17,US; Jewish Culture Beliefs & Debates; The Americas,images/0587-A-Question-for-the-Jews-1.png
1831,388d6f94-3ef1-801b-a269-e9b2f1c5499f,Montefiore and the Jews,1884-11-04,Italy; Israel/Palestine; Morocco; Romania; Christianity & Churches; Blood Libel; Western Antisemitism; Muslim Antisemitism; Legal Restrictions against Jews; Jewish history (relative to time of article); Arab World; Africa; Europe; Islamic World,images/0588-Montefiore-and-the-Jews-1.png
1832,388d6f94-3ef1-80b0-99f5-c2c40ab7fa40,Jews in Paris,1885-07-20,France; Jewish history (relative to time of article); Europe,images/0589-Jews-in-Paris-1.png
1833,388d6f94-3ef1-8023-9d88-c6d2d22b8785,Israel Sends Force Into South Lebanon and Seems to Dig In,1980-04-10,Israel/Palestine; Lebanon; PLO; Terrorism; Targeting of Children; Targeting of Civilians; Arab World; Islamic World,images/0590-Israel-Sends-Force-Into-South-Lebanon-and-Seems-to-Dig-In-1.png
1834,388d6f94-3ef1-808c-9fe3-f0107787940a,Palestinians Poised for Lebanon Attack,1977-04-10,Israel/Palestine; Lebanon; PLO; Arafat; Arab World; Islamic World,images/0591-Palestinians-Poised-for-Lebanon-Attack-1.png
1835,388d6f94-3ef1-8089-8ff3-fcf2d4baa681,Mobil Will Raise Share in Aramco,1975-04-10,Saudi Arabia; Oil; US; Arab World; The Americas; Islamic World,images/0592-Mobil-Will-Raise-Share-in-Aramco-1.png
1836,388d6f94-3ef1-808a-b457-d8a8f24d95f9,Two Hurt by Tel Aviv Bomb,1973-04-10,Israel/Palestine; Terrorism,images/0593-Two-Hurt-by-Tel-Aviv-Bomb-1.png
1837,388d6f94-3ef1-806a-b9c2-df75d6b3285e,Arabs in Cyprus,1973-04-10,Israel/Palestine; Terrorism; Cyprus; Europe,images/0594-Arabs-in-Cyprus-1.png
1838,388d6f94-3ef1-802c-bee4-d76bcefbc2c2,Warsaw Uprising Is Marked Here,1967-04-10,US; Poland; USSR; Holocaust; Nazis/Fascists; Ghettos; Western Antisemitism; Europe; The Americas,images/0595-Warsaw-Uprising-Is-Marked-Here-1.png
1839,388d6f94-3ef1-8076-ae52-ec50d68ef376,Jewish Parents Urged to Step Up Aid to Negroes,1967-04-10,US; Jewish contributions/activism; The Americas,images/0596-Jewish-Parents-Urged-to-Step-Up-Aid-to-Negroes-1.png
1840,388d6f94-3ef1-8046-a3b8-cc5d45aaec35,Cairo Tries 40 in Illegal Sect,1966-04-10,Egypt; UAR; Muslim Brotherhood; Arab World; Africa; Islamic World,images/0597-Cairo-Tries-40-in-Illegal-Sect-1.png
1841,388d6f94-3ef1-802d-a54e-ce8dab5d630c,Life on Other Planets Is Called Compatible With Jewish Ideas,1966-04-10,US; Jewish Culture Beliefs & Debates; The Americas,images/0598-Life-on-Other-Planets-Is-Called-Compatible-With-Jewish-Ideas-1.png
1842,388d6f94-3ef1-8077-b84e-e152a0d2acd4,Bonn Would Repay Reparation Losses,1962-04-10,Germany; Holocaust; Europe,images/0599-Bonn-Would-Repay-Reparation-Losses-1.png
1843,388d6f94-3ef1-80c5-a298-d4258f83d72f,Germans Admit Role,1961-04-10,Germany; Nazis/Fascists; Holocaust; Western Antisemitism; Europe,images/0600-Germans-Admit-Role-1.png
1844,388d6f94-3ef1-80ea-bf05-ed190c05f3c9,Israelis Wipe Out Suicide Band of 5,1956-04-10,Israel/Palestine; Egypt; Terrorism; Targeting of Civilians; Arab World; Africa; Islamic World,images/0601-Israelis-Wipe-Out-Suicide-Band-of-5-1.png
1845,388d6f94-3ef1-80ad-a4c6-ffa944e08712,"U.N. Let Israel Win, Glubb Pasha Asserts",1949-04-10,Jordan; Israel/Palestine; Western Intervention; Pan-Arabism; England/UK; Arab World; Europe; Islamic World,images/0602-U.N.-Let-Israel-Win-Glubb-Pasha-Asserts-1.png
1846,388d6f94-3ef1-80fd-b731-c56b87d1d1e7,Hungary Fears Disorder,1938-04-10,Hungary; Nazis/Fascists; Western Antisemitism; Education/Educators weaponized against Jews; Europe,images/0603-Hungary-Fears-Disorder-1.png
1847,388d6f94-3ef1-80a0-8b74-cd78810a8adf,Rome Paper Lists Surnames of Jews,1937-04-10,Italy; Nazis/Fascists; Western Antisemitism; Europe,images/0604-Rome-Paper-Lists-Surnames-of-Jews-1.png
1848,388d6f94-3ef1-802e-9318-ffd5b5175bc3,‘Pure Aryan Easter Eggs’ Are Assured in Germany,1936-04-10,Germany; Nazis/Fascists; Western Antisemitism; Legal Restrictions against Jews; Europe,images/0605-Pure-Aryan-Easter-Eggs-Are-Assured-in-Germany-1.png
1849,388d6f94-3ef1-8083-802e-cc5e50ee76b6,"Ask Medical Relief for 3,000,000 Jews",1925-04-10,Russia; Sources of Funding; USSR; Western Antisemitism; Europe,images/0606-Ask-Medical-Relief-for-3-000-000-Jews-1.png
1850,388d6f94-3ef1-807e-bab0-e90d860f2a30,"Moscow, April 9",1923-04-10,USSR; Russia; Legal Restrictions against Jews; Christianity & Churches; Europe,images/0607-Moscow-April-9-1.png
1851,388d6f94-3ef1-80c0-90b8-f97be6d38831,"Jews Add $4,000,000 to $14,000,000 Fund",1922-04-10,US; Russia; Ukraine; Western Antisemitism; Sources of Funding; Europe; The Americas,images/0608-Jews-Add-4-000-000-to-14-000-000-Fund-1.png
1852,388d6f94-3ef1-80b4-a90c-ff7be993caf7,Jews Plan to Fight White Slave Trade,1910-04-10,England/UK; Jewish contributions/activism; Europe,images/0609-Jews-Plan-to-Fight-White-Slave-Trade-1.png
1853,388d6f94-3ef1-805a-b3ae-d5892e5daab1,Oppressed Jews in Morocco Seek Aid From Powers,1910-04-10,Morocco; Muslim Antisemitism; Western Intervention; Legal Restrictions against Jews; Pogroms; England/UK; France; Ghettos; Arab World; Africa; Europe; Islamic World,images/0610-Oppressed-Jews-in-Morocco-Seek-Aid-From-Powers-1.png; images/0610-Oppressed-Jews-in-Morocco-Seek-Aid-From-Powers-2.png; images/0610-Oppressed-Jews-in-Morocco-Seek-Aid-From-Powers-3.png
1854,388d6f94-3ef1-80e3-bba4-caa676dbdce9,Expelling Jews Without Mercy,1910-04-10,Russia; Western Antisemitism; Legal Restrictions against Jews; Asia; Uzbekistan; Ethnic Cleansing; Europe; Islamic World,images/0611-Expelling-Jews-Without-Mercy-1.png; images/0611-Expelling-Jews-Without-Mercy-2.png
1855,388d6f94-3ef1-803c-b720-e07f372f734b,Russian Jews in Panic,1907-04-10,Russia; Pogroms; Western Antisemitism; Ethnic Cleansing; Europe,images/0612-Russian-Jews-in-Panic-1.png
1856,388d6f94-3ef1-80a6-bfa3-f30ac9a4dd9a,To Avert Another Kishineff,1904-04-10,Russia; US; England/UK; France; Germany; Pogroms; Western Intervention; Western Antisemitism; Europe; The Americas,images/0613-To-Avert-Another-Kishineff-1.png
1857,388d6f94-3ef1-80d0-a1b8-e8eb0f709980,Jews for the Russian Army,1886-04-10,Russia; Western Antisemitism; Legal Restrictions against Jews; Europe,images/0614-Jews-for-the-Russian-Army-1.png
1858,388d6f94-3ef1-80cb-a0f4-f6402c90a72f,The Condition of Russian Jews,1882-04-09,Russia; US; Western Antisemitism; Pogroms; Europe; The Americas,images/0615-The-Condition-of-Russian-Jews-1.png
1859,388d6f94-3ef1-8060-a873-eed7f9711aec,Jewish University Begun,1923-04-09,Israel/Palestine; Einstein,images/0616-Jewish-University-Begun-1.png
1860,388d6f94-3ef1-80f1-857e-fdc0626cbcc3,Nablus Moslems Fanatical,1925-04-09,Israel/Palestine; Muslim Antisemitism; Samaritans,images/0617-Nablus-Moslems-Fanatical-1.png
1861,388d6f94-3ef1-8004-8127-f6cf996571f6,Nazis Here Score Jews,1933-04-09,"US; Germany; Nazis/Fascists; Western Antisemitism; accusation of ""Jewish Supremacy"" and/or Genocide; Victim Blaming/Justification of Antisemitism; Europe; The Americas",images/0618-Nazis-Here-Score-Jews-1.png
1862,388d6f94-3ef1-8001-910c-edd85faff376,Poland Lists Victims,1933-04-09,Poland; Germany; Nazis/Fascists; Western Antisemitism; Europe,images/0619-Poland-Lists-Victims-1.png
1863,388d6f94-3ef1-80f2-b396-ee947d71f38e,Barred From University,1933-04-09,Germany; Nazis/Fascists; Legal Restrictions against Jews; Western Antisemitism; Education/Educators weaponized against Jews; Europe,images/0620-Barred-From-University-1.png
1864,388d6f94-3ef1-8018-b376-dc470b2e7d4d,"Goering Wins Fight to Rule in Prussia, Replacing Papen",1933-04-09,Germany; Nazis/Fascists; Legal Restrictions against Jews; Western Antisemitism; Europe,images/0621-Goering-Wins-Fight-to-Rule-in-Prussia-Replacing-Papen-1.png
1865,388d6f94-3ef1-80d6-80c5-ff1e38e809fa,Jewish Shops Raided,1935-04-09,Hungary; Western Antisemitism; Education/Educators weaponized against Jews; Pogroms; Europe,images/0622-Jewish-Shops-Raided-1.png
1866,388d6f94-3ef1-8042-a93f-db8bbfb72921,"16,140,000 Jews in World",1936-04-09,World; US; Poland; Russia; Jewish Culture Beliefs & Debates; Europe; The Americas,images/0623-16-140-000-Jews-in-World-1.png
1867,388d6f94-3ef1-80a1-a2d7-fe6bbaf4795c,“Jewish” References Omitted,1936-04-09,Germany; Nazis/Fascists; Christianity & Churches; Western Antisemitism; Europe,images/0624-Jewish-References-Omitted-1.png
1868,388d6f94-3ef1-8098-9eb1-c2ad6abb09e3,Agreement is Announced on all Question Discussed,1940-04-09,Iraq; Saudi Arabia; England/UK; Egypt; Oil; Western Intervention; Arab World; Africa; Europe; Islamic World,images/0625-Agreement-is-Announced-on-all-Question-Discussed-1.png
1869,388d6f94-3ef1-806e-8dfd-e6959a667d16,The Persecuted Jews,1891-05-30,Russia; Christianity & Churches; Legal Restrictions against Jews; Western Antisemitism; Europe,images/0626-The-Persecuted-Jews-1.png
1870,388d6f94-3ef1-80da-aa16-fe3e9afc8c9d,United Jewish Appeal,1945-04-09,US; Holocaust; Western Antisemitism; Nazis/Fascists; Sources of Funding; The Americas,images/0627-United-Jewish-Appeal-1.png
1871,388d6f94-3ef1-805e-951f-f514186735ec,Truce Talks Fail; Arab Shuns Agency,1948-04-09,Israel/Palestine; UN & League of Nations; Arab League; Pan-Arabism; Intent in Israel/Palestine,images/0628-Truce-Talks-Fail-Arab-Shuns-Agency-1.png
1872,388d6f94-3ef1-8015-a704-d1315f5510cc,Arrives With Plea for Starving Jews,1926-04-08,US; Poland; Sources of Funding; Western Antisemitism; Europe; The Americas,images/0629-Arrives-With-Plea-for-Starving-Jews-1.png
1873,388d6f94-3ef1-800c-b25f-ce8cee941654,The Weakness of the Jews,1903-05-24,Russia; US; Pogroms; Western Antisemitism; Europe; The Americas,images/0630-The-Weakness-of-the-Jews-1.png
1874,388d6f94-3ef1-8015-a8f7-d39c69d94dcc,Barricades Stormed by Troops in Warsaw,1905-06-27,Poland; Russia; Pogroms; Western Antisemitism; Ethnic Cleansing; Europe,images/0631-Barricades-Stormed-by-Troops-in-Warsaw-1.png
1875,388d6f94-3ef1-8068-b90b-d55aaeaca5e6,Nazis Demand Divorce of Jewish Wives by Officials if They Are to Retain Jobs,1933-04-08,Germany; Nazis/Fascists; Western Antisemitism; Legal Restrictions against Jews; Europe,images/0632-Nazis-Demand-Divorce-of-Jewish-Wives-by-Officials-if-They-Are-to-Retain-Jobs-1.png
1876,388d6f94-3ef1-80a6-a257-fae9c7062fd8,Restricts Jews Further,1934-04-08,Germany; Nazis/Fascists; Western Antisemitism; Legal Restrictions against Jews; Europe,images/0633-Restricts-Jews-Further-1.png
1877,388d6f94-3ef1-802f-aca9-e0b889da2eee,Istanbul Jews Ready to Flee,1935-04-08,Turkey; Israel/Palestine; Political Zionism; Muslim Antisemitism; Legal Restrictions against Jews; Islamic World,images/0634-Istanbul-Jews-Ready-to-Flee-1.png
1878,388d6f94-3ef1-8090-b42a-e91f6c0e4aba,Private Schools Abolished by Nazis,1936-04-08,Germany; Nazis/Fascists; Western Antisemitism; Legal Restrictions against Jews; Targeting of Children; Education/Educators weaponized against Jews; Europe,images/0635-Private-Schools-Abolished-by-Nazis-1.png
1879,388d6f94-3ef1-8012-b89c-eafb5fdf3a4d,Hungary to Limit Jews’ Employment,1938-04-08,Hungary; Western Antisemitism; Legal Restrictions against Jews; Nazis/Fascists; Europe,images/0636-Hungary-to-Limit-Jews-Employment-1.png
1880,388d6f94-3ef1-8083-bf05-e7f1b3406047,Finns to Get Matzos,1940-04-08,Finland; US; Sources of Funding; Europe; The Americas,images/0637-Finns-to-Get-Matzos-1.png
1881,388d6f94-3ef1-8022-86d7-d4117b498464,Arab Leaders in Appeal,1949-04-08,"Israel/Palestine; Jordan; ""The Nakba""/""refugees""; Arab World; Islamic World",images/0638-Arab-Leaders-in-Appeal-1.png
1882,388d6f94-3ef1-80af-a099-e661b4e807f5,Saudi Arabia Pushes Modernization Plans,1950-04-08,Saudi Arabia; US; England/UK; Oil; Arab World; Europe; The Americas; Islamic World,images/0639-Saudi-Arabia-Pushes-Modernization-Plans-1.png
1883,388d6f94-3ef1-807b-85dc-ee2e91271c0c,Arab Leaders Press Joint Security Pact,1950-04-08,Jordan; Arab League; Israel/Palestine; Pan-Arabism; Intent in Israel/Palestine; Arab World; Islamic World,images/0640-Arab-Leaders-Press-Joint-Security-Pact-1.png
1884,388d6f94-3ef1-8089-ba45-e1da7f80cb5e,Incident in Galilee,1951-04-08,Israel/Palestine; Syria; UN & League of Nations; Jordan; Targeting of Civilians; Ceasefire Violations; Arab World; Islamic World,images/0641-Incident-in-Galilee-1.png
1885,388d6f94-3ef1-80ad-aa9d-f5e4cbd58259,R.A.F. Joins Arab Legion Review,1951-04-08,Egypt; Jordan; England/UK; Western Intervention; Arab World; Africa; Europe; Islamic World,images/0642-R.A.F.-Joins-Arab-Legion-Review-1.png
1886,388d6f94-3ef1-8027-987b-e5294036e9e6,The Petroleum Blackmail…,1967-06-06,Oil; Israel/Palestine; Algeria; Libya; Iran; Western Intervention; Pan-Arabism; UAR; Arab World; Africa; Islamic World,images/0643-The-Petroleum-Blackmail-1.png
1887,388d6f94-3ef1-80da-84a4-fa5d39ff0a60,The Arabs Unite to Support War,1967-06-06,Israel/Palestine; Algeria; Iraq; Syria; Sudan; Lebanon; Saudi Arabia; Jordan; Morocco; Egypt; Tunisia; Pan-Arabism; Kuwait; Muslim Antisemitism; Arab World; Africa; Islamic World,images/0644-The-Arabs-Unite-to-Support-War-1.png
1888,388d6f94-3ef1-806c-b0d3-fa18584a8251,"Egypt, Backed by Soviet, Blocks U.N. Call for Truce",1967-06-06,Egypt; USSR; UN & League of Nations; Israel/Palestine; UAR; Intent in Israel/Palestine; Arab World; Africa; Europe; Islamic World,images/0645-Egypt-Backed-by-Soviet-Blocks-U.N.-Call-for-Truce-1.png
1889,388d6f94-3ef1-800c-b1b7-c8d41c361eb7,Arab Unity—A Dream Revived,1962-06-09,Egypt; Syria; Jordan; Morocco; Iraq; Saudi Arabia; Yemen; Pan-Arabism; Arab League; Arab World; Africa; Islamic World,images/0646-Arab-Unity-A-Dream-Revived-1.png
1890,388d6f94-3ef1-8055-9c3f-ea51f8d108ee,Egypt Tries to Mold Arab Empire,1956-03-11,Egypt; Pan-Arabism; Israel/Palestine; Intent in Israel/Palestine; Arab World; Africa; Islamic World,images/0647-Egypt-Tries-to-Mold-Arab-Empire-1.png
1891,388d6f94-3ef1-807b-a460-c0fcd9dd0b12,Arabs' Commander Hails Partition as Issue to Fuse Anti-Zionist States,1948-01-19,Israel/Palestine; Syria; Pan-Arabism; Arab League; Intent in Israel/Palestine; Arab World; Islamic World,images/0648-Arabs-Commander-Hails-Partition-as-Issue-to-Fuse-Anti-Zionist-States-1.png
1892,388d6f94-3ef1-8016-86a7-d752d1a25d30,Jews in Spain,1881-07-20,Spain; Legal Restrictions against Jews; Western Antisemitism; Ethnic Cleansing; Europe,images/0649-Jews-in-Spain-1.png
1893,388d6f94-3ef1-8110-b824-ddc75e251aaf,The Jews as Drinkers,1900-11-25,Jewish Culture Beliefs & Debates,images/0650-The-Jews-as-Drinkers-1.png
1894,388d6f94-3ef1-8133-b95a-fddc9be92607,Statistics of the Jews,1885-10-17,Jewish history (relative to time of article),images/0651-Statistics-of-the-Jews-1.png
1895,388d6f94-3ef1-8142-9e2b-fdde3d114495,The Jews,1899-09-03,US; Jewish Culture Beliefs & Debates; The Americas,images/0652-The-Jews-1.png
1896,388d6f94-3ef1-81a0-809a-e751e6fd7527,Jews to Be Dismissed,1886-07-04,Russia; Legal Restrictions against Jews; Western Antisemitism; Europe,images/0653-Jews-to-Be-Dismissed-1.png
1897,388d6f94-3ef1-81a2-8449-c5ca454930fb,Tell of Ukraine Pogroms,1919-04-07,Russia; Pogroms; Targeting of Civilians; Ethnic Cleansing; Ukraine; Hungary; USSR; Western Antisemitism; Europe,images/0654-Tell-of-Ukraine-Pogroms-1.png
1898,388d6f94-3ef1-81a7-add3-d994635d20f6,The Jews in Morocco,1888-01-25,Morocco; US; Muslim Antisemitism; Arab World; Africa; The Americas; Islamic World,images/0655-The-Jews-in-Morocco-1.png
1899,388d6f94-3ef1-81cd-86b8-dcf98ba4f450,The Jews of Lincoln,1875-09-12,England/UK; Western Antisemitism; Blood Libel; Pogroms; Jewish history (relative to time of article); Europe,images/0656-The-Jews-of-Lincoln-1.png
1900,388d6f94-3ef1-810f-bc1f-dfab6c9db472,Arabs Sell Land to Jews,1948-04-06,Israel/Palestine; Land purchases in Israel/Palestine,images/0657-Arabs-Sell-Land-to-Jews-1.png
1901,388d6f94-3ef1-8133-bb13-cd36db78bc87,Orphans' Return to Judaism Urged,1947-06-19,Holocaust; Targeting of Children; UN & League of Nations; Holland; France; Poland; Hungary; Western Antisemitism; Christianity & Churches; Europe,images/0658-Orphans-Return-to-Judaism-Urged-1.png
1902,388d6f94-3ef1-8138-b5de-c14019749ac7,New War on Jews Forecast by Arab,1947-06-19,Israel/Palestine; UN & League of Nations; Muslim Antisemitism; Mufti; Boycotts against Jews; Intent in Israel/Palestine,images/0659-New-War-on-Jews-Forecast-by-Arab-1.png
1903,388d6f94-3ef1-8159-aca3-dcd096112c81,"Converting the Jews, Part 1",1893-04-19,US; Western Antisemitism; Christianity & Churches; The Americas,images/0660-Converting-the-Jews-Part-1-1.png; images/0660-Converting-the-Jews-Part-1-2.png; images/0660-Converting-the-Jews-Part-1-3.png
1904,388d6f94-3ef1-8198-b79b-dd40873c721e,Call for Holy War Issued,1948-07-10,Egypt; Israel/Palestine; Muslim Antisemitism; Arab League; Intent in Israel/Palestine; Arab World; Africa; Islamic World,images/0661-Call-for-Holy-War-Issued-1.png
1905,388d6f94-3ef1-819f-a371-fca7246153c2,Against the Jews,1881-08-26,"Germany; Western Antisemitism; Legal Restrictions against Jews; Christianity & Churches; accusation of ""Jewish Supremacy"" and/or Genocide; Europe",images/0662-Against-the-Jews-1.png
1906,388d6f94-3ef1-81cd-b478-cd3de158803e,Arabs Said to Rely on Attrition War,1948-05-01,Israel/Palestine; Jordan; Iraq; Syria; Lebanon; Egypt; Arab League; Pan-Arabism; Arab World; Africa; Islamic World,images/0663-Arabs-Said-to-Rely-on-Attrition-War-1.png
1907,388d6f94-3ef1-813d-a01b-d07d5f31bcba,Partition of Palestine,1948-04-20,"Israel/Palestine; Political Zionism; Antizionism; Germany; Nazis/Fascists; Theodor Herzl; Use of ""colony"" to describe Jewish communities; Judean origins/Jewish indigeneity; Jewish history (relative to time of article); Europe",images/0664-Partition-of-Palestine-1.png
1908,388d6f94-3ef1-815f-85db-cdbafa8d13c9,Zionist Wires Marshall,1948-04-20,Israel/Palestine; England/UK; Jordan; Western Intervention; Targeting of Civilians; Arab World; Europe; Islamic World,images/0665-Zionist-Wires-Marshall-1.png
1909,388d6f94-3ef1-817f-b8ad-c25fe8b9d848,Jordan Nationalism Rises,1956-03-11,Jordan; England/UK; Western Intervention; Sources of Funding; Arab World; Europe; Islamic World,images/0666-Jordan-Nationalism-Rises-1.png
1910,388d6f94-3ef1-818b-8f22-c4e5b70272d9,Palestine Refugees Lead Demonstrations Celebrating General Glubb's Ouster,1956-03-11,Israel/Palestine; Jordan; England/UK; Intent in Israel/Palestine; Arab World; Europe; Islamic World,images/0667-Palestine-Refugees-Lead-Demonstrations-Celebrating-General-Glubb-s-Ouster-1.png
1911,388d6f94-3ef1-81be-93cd-d0171ef1ac84,Zionists Vow Fight Even Without U.N.,1948-03-06,Israel/Palestine; UN & League of Nations; England/UK; Western Intervention; Europe,images/0668-Zionists-Vow-Fight-Even-Without-U.N.-1.png
1912,388d6f94-3ef1-81d0-a04c-c78adf4d702a,"Entry of 5,000 Arabs Denied",1948-04-18,Israel/Palestine; Jordan; Arab League; Arab World; Islamic World,images/0669-Entry-of-5-000-Arabs-Denied-1.png
1913,388d6f94-3ef1-81d3-8b02-fda9f02605a2,Palestine Hurdle a Threat to U.N.,1948-04-18,Israel/Palestine; UN & League of Nations; Arab League; Pan-Arabism; Argentina; South Africa; USSR; Africa; Europe; The Americas,images/0670-Palestine-Hurdle-a-Threat-to-U.N.-1.png
1914,388d6f94-3ef1-81d7-a140-c192f970a856,Civil Rights Drive Is Urged by Rabbis,1948-04-18,US; Jewish contributions/activism; The Americas,images/0671-Civil-Rights-Drive-Is-Urged-by-Rabbis-1.png
1915,388d6f94-3ef1-81f5-adcb-c9cb6c711cbb,Jordanians Raid Village in Israel,1956-03-11,Israel/Palestine; Jordan; Targeting of Civilians; Arab World; Islamic World,images/0672-Jordanians-Raid-Village-in-Israel-1.png
1916,388d6f94-3ef1-8110-9e7e-cf8ae46f0224,Wounded at Safed Saved Before Fire,1929-09-01,Israel/Palestine; Muslim Antisemitism; Targeting of Civilians; Jordan; Pan-Arabism; Pogroms; Arab World; Islamic World,images/0673-Wounded-at-Safed-Saved-Before-Fire-1.png
1917,388d6f94-3ef1-816c-94e2-c7ffb9c9ea60,Arabs Invade Palestine from Three Directions; Fight Reported at Haifa,1929-09-01,Israel/Palestine; Syria; England/UK; Muslim Antisemitism; Targeting of Civilians; Western Intervention; Pogroms; Arab World; Europe; Islamic World,images/0674-Arabs-Invade-Palestine-from-Three-Directions-Fight-Reported-at-Haifa-1.png
1918,388d6f94-3ef1-8175-be43-e8c792a1fd79,Britain Honors Feisul,1926-10-10,England/UK; Saudi Arabia; Western Intervention; Arab World; Europe; Islamic World,images/0675-Britain-Honors-Feisul-1.png
1919,388d6f94-3ef1-8181-9636-f2aebaf04d14,Jews to Help Build Church,1948-04-25,US; Christianity & Churches; Jewish contributions/activism; The Americas,images/0676-Jews-to-Help-Build-Church-1.png
1920,388d6f94-3ef1-819d-8566-f706f49091af,Mesopotamia,1921-06-18,Mesopotamia; Iraq; England/UK; Western Intervention; Pan-Arabism; Arab World; Europe; Islamic World,images/0677-Mesopotamia-1.png
1921,388d6f94-3ef1-81ab-812a-e2030a5ef42e,Protests Desecrations,1948-05-14,Germany; Nazis/Fascists; Western Antisemitism; Europe,images/0678-Protests-Desecrations-1.png
1922,388d6f94-3ef1-81d4-bbd0-eef0d1e7c83b,Scores Polish Conditions,1929-09-01,Poland; Western Antisemitism; Legal Restrictions against Jews; Europe,images/0679-Scores-Polish-Conditions-1.png
1923,388d6f94-3ef1-81d7-b476-f826b7cd921f,Disarming of Jews by British Assailed,1929-09-01,Israel/Palestine; England/UK; Western Intervention; Muslim Antisemitism; Targeting of Civilians; Victim Blaming/Justification of Antisemitism; Europe,images/0680-Disarming-of-Jews-by-British-Assailed-1.png
1924,388d6f94-3ef1-81fe-9750-e9381ea115eb,Truman Urged to End Ban on Zionist Arms,1948-05-08,US; Israel/Palestine; Western Intervention; UN & League of Nations; The Americas,images/0681-Truman-Urged-to-End-Ban-on-Zionist-Arms-1.png
1925,388d6f94-3ef1-8147-9b5c-fd39e2aef603,Arabs Won't Yield on Wailing Wall,1930-07-19,Israel/Palestine; Muslim Antisemitism; Legal Restrictions against Jews,images/0682-Arabs-Won-t-Yield-on-Wailing-Wall-1.png
1926,388d6f94-3ef1-8158-a062-ca0e1d9598b5,"Palestine's Arabs Kill Seven Jews, Call 3-Day Strike",1947-12-01,Israel/Palestine; UN & League of Nations; Muslim Antisemitism; Terrorism; Boycotts against Jews; Pogroms,images/0683-Palestine-s-Arabs-Kill-Seven-Jews-Call-3-Day-Strike-1.png
1927,388d6f94-3ef1-8169-8653-ca4633335d36,Arab Depredation Is Still Unchecked,1938-10-24,Israel/Palestine; Muslim Antisemitism; Targeting of Civilians; Terrorism; Targeting of Children,images/0684-Arab-Depredation-Is-Still-Unchecked-1.png
1928,388d6f94-3ef1-8177-871f-f3ec72267871,Cruelties to Jews Deported in Jaffa,1917-06-03,Israel/Palestine; Turkey; Ethnic Cleansing; Muslim Antisemitism; Targeting of Civilians; Islamic World,images/0685-Cruelties-to-Jews-Deported-in-Jaffa-1.png
1929,388d6f94-3ef1-8182-aa7a-fcce1ebbf4ef,Arabs Burn City of Safed,1929-08-31,Israel/Palestine; Syria; Muslim Antisemitism; Targeting of Civilians; Pogroms; Arab World; Islamic World,images/0686-Arabs-Burn-City-of-Safed-1.png
1930,388d6f94-3ef1-81b5-be43-f93fe00da2ab,21 Slain by Arabs in Palestine Raid,1938-10-04,Israel/Palestine; Muslim Antisemitism; Targeting of Civilians; Targeting of Children; Terrorism,images/0687-21-Slain-by-Arabs-in-Palestine-Raid-1.png
1931,388d6f94-3ef1-81de-8714-d7e7ab9c69dc,Turks Slay and Rob Jews at Jaffa,1914-12-23,Israel/Palestine; Turkey; Ethnic Cleansing; Targeting of Civilians; Targeting of Children; Muslim Antisemitism; Abductions of Jews; Islamic World,images/0688-Turks-Slay-and-Rob-Jews-at-Jaffa-1.png
1932,388d6f94-3ef1-81f1-9374-f45769aa03b3,Blockade of Israel Tightened by Arabs,1950-04-09,Israel/Palestine; Arab League; Blockade/Siege/Targeting of Food & Water,images/0689-Blockade-of-Israel-Tightened-by-Arabs-1.png
1933,388d6f94-3ef1-810b-aa8d-fe842879f774,Arabs Kill 44 Jews in Algeria in 2 Days,1948-06-09,Algeria; Israel/Palestine; Muslim Antisemitism; Targeting of Civilians; Pogroms; Targeting of Children; Arab World; Africa; Islamic World,images/0690-Arabs-Kill-44-Jews-in-Algeria-in-2-Days-1.png
1934,388d6f94-3ef1-8133-a36d-ddcdcc5715a9,Arabs Massacre Hundreds,1902-06-11,Turkey; Kuwait; Arab World; Islamic World,images/0691-Arabs-Massacre-Hundreds-1.png
1935,388d6f94-3ef1-8138-a75f-fe13cf628b29,"10,000 Jews of Fez Homeless, Starving",1912-04-26,Morocco; Muslim Antisemitism; Pogroms; Arab World; Africa; Islamic World,images/0692-10-000-Jews-of-Fez-Homeless-Starving-1.png
1936,388d6f94-3ef1-813c-99d0-fc9409e9b96f,Tatza Jews Killed by Arabs,1898-03-07,Morocco; Muslim Antisemitism; Abductions of Jews; Pogroms; Arab World; Africa; Islamic World,images/0693-Tatza-Jews-Killed-by-Arabs-1.png
1937,388d6f94-3ef1-813c-a494-ed23c9d31305,Jews Massacred in Morocco,1903-11-17,Morocco; Muslim Antisemitism; Targeting of Children; Turkey; Pogroms; Targeting of Civilians; Arab World; Africa; Islamic World,images/0694-Jews-Massacred-in-Morocco-1.png
1938,388d6f94-3ef1-8142-8713-cee339c3d84a,Arab Mob Invades Wailing Wall Lane,1929-08-17,Israel/Palestine; Muslim Antisemitism; Pogroms,images/0695-Arab-Mob-Invades-Wailing-Wall-Lane-1.png
1939,388d6f94-3ef1-8158-b778-f4871cec30cb,"Arab Attackers Kill Four Jews, Wound Ten in a Palestine Cafe",1947-08-11,Israel/Palestine; Muslim Antisemitism; Terrorism,images/0696-Arab-Attackers-Kill-Four-Jews-Wound-Ten-in-a-Palestine-Cafe-1.png
1940,388d6f94-3ef1-8181-805a-cf67f1a4832d,Turks Killing Jews Who Resist Pillage,1917-05-20,Israel/Palestine; Turkey; Ethnic Cleansing; Targeting of Civilians; Muslim Antisemitism; Islamic World,images/0697-Turks-Killing-Jews-Who-Resist-Pillage-1.png
1941,388d6f94-3ef1-81e7-b872-d81d403f0506,Arab Terrorism Goes On,1937-11-05,Israel/Palestine; Muslim Antisemitism; Terrorism; Targeting of Civilians,images/0698-Arab-Terrorism-Goes-On-1.png
1942,388d6f94-3ef1-8122-9310-f261ab5d2418,Starving Jews to Death,1918-05-17,"Use of ""colony"" to describe Jewish communities; Israel/Palestine; Ethnic Cleansing; Turkey; Targeting of Civilians; Islamic World",images/0699-Starving-Jews-to-Death-1.png
1943,388d6f94-3ef1-81fa-9f54-ed15319db89b,Iraqi Moslems Kill 2 Jews in Protest,1937-07-18,Iraq; Muslim Antisemitism; Yemen; Pogroms; Arab World; Islamic World,images/0700-Iraqi-Moslems-Kill-2-Jews-in-Protest-1.png
1944,388d6f94-3ef1-81f4-8be7-c230066196a0,Arabs Attack Jews in Jerusalem; Kill 4,1921-11-04,Israel/Palestine; Muslim Antisemitism; Pogroms,images/0701-Arabs-Attack-Jews-in-Jerusalem-Kill-4-1.png
1945,388d6f94-3ef1-81cc-ba5e-e6e9d180e83c,Cruelty at Motzah Told by Survivors,1929-09-01,Ethnic Cleansing; Muslim Antisemitism; Israel/Palestine; Targeting of Civilians,images/0702-Cruelty-at-Motzah-Told-by-Survivors-1.png
1946,b4b00771-c431-4757-9b6c-565e05477c3a,Deport Jerusalem Jews,1917-05-16,Israel/Palestine; Turkey; Muslim Antisemitism; Ethnic Cleansing; Targeting of Civilians; Legal Restrictions against Jews; Islamic World,images/0703-Deport-Jerusalem-Jews-1.png
1947,53847c0b-e436-47a4-9b0b-a91f8496c115,Threatens Massacre of Jews in Palestine,1917-05-04,Israel/Palestine; Turkey; Muslim Antisemitism; Targeting of Civilians; Ethnic Cleansing; Islamic World,images/0704-Threatens-Massacre-of-Jews-in-Palestine-1.png
1948,5f2c4ae3-519f-4aca-8fca-67089b3983fc,Cruel to Palestine Jews,1917-05-08,"Israel/Palestine; Turkey; Muslim Antisemitism; Ethnic Cleansing; Targeting of Civilians; Legal Restrictions against Jews; Use of ""colony"" to describe Jewish communities; Islamic World",images/0705-Cruel-to-Palestine-Jews-1.png
1949,f66488eb-8094-4fb0-96a9-9e8b36184369,Arabs Shell Holy City,1948-05-02,Israel/Palestine,images/0706-Arabs-Shell-Holy-City-1.png
1950,c80974ea-7fab-416e-b0e6-9bd94834b8e5,Modern Persecution of Jews,1880-12-07,"Western Antisemitism; Germany; Legal Restrictions against Jews; accusation of ""Jewish Supremacy"" and/or Genocide; Jewish history (relative to time of article); Europe",images/0707-Modern-Persecution-of-Jews-1.png
1951,388d6f94-3ef1-8138-8dd1-e25f82abad4c,The German Anti-Jewish War,1880-12-06,Western Antisemitism; Germany; Education/Educators weaponized against Jews; Europe,images/0708-The-German-Anti-Jewish-War-1.png
1952,383d6f94-3ef1-808b-a2e7-ca0798024d71,Egypt seizes property,1948-06-01,Egypt; Muslim Antisemitism; Legal Restrictions against Jews; Theft of Jewish property; Arab World; Africa; Islamic World,images/0709-Egypt-seizes-property-1.png
1953,383d6f94-3ef1-80c0-a0e7-d2aeead76ef0,“let me cut off a piece for him,1948-11-28,UN & League of Nations; Political Cartoons/Images; Arab League; Israel/Palestine,images/0710-let-me-cut-off-a-piece-for-him-1.png
1954,383d6f94-3ef1-8013-9799-d9d5222deae0,Plan for invasion,1948-05-02,Arab League; Israel/Palestine; Jordan; Iraq; Syria; Lebanon; Egypt; UN & League of Nations; Arab World; Africa; Islamic World,images/0711-Plan-for-invasion-1.png
1955,383d6f94-3ef1-80c1-a1d0-c0f71e9eff6d,Enter abdullah,1948-05-02,Jordan; England/UK; Western Intervention; Israel/Palestine; Arab World; Europe; Islamic World,images/0712-Enter-abdullah-1.png
1956,383d6f94-3ef1-800a-8da0-fa8231f9aef8,Zionist Truce hopes wane,1948-08-14,Intent in Israel/Palestine; Israel/Palestine; Ethnic Cleansing; Targeting of Civilians; UN & League of Nations,images/0713-Zionist-Truce-hopes-wane-1.png
1957,383d6f94-3ef1-8060-b6e9-feb616e652cc,abdullah is adamant,1948-06-12,Jordan; Intent in Israel/Palestine; Israel/Palestine; Arab World; Islamic World,images/0714-abdullah-is-adamant-1.png
1958,383d6f94-3ef1-8044-b39e-d87b4d816fa7,Nazis put new curbs on jewish workers,1941-04-03,Nazis/Fascists; Western Antisemitism; Legal Restrictions against Jews,images/0715-Nazis-put-new-curbs-on-jewish-workers-1.png
1959,383d6f94-3ef1-800c-a6a7-d2e6c12296a1,turkey puts a new ban on emigration to Israel,1948-11-02,Turkey; Ethnic Cleansing; Muslim Antisemitism; Israel/Palestine; Arab League; Islamic World,images/0716-turkey-puts-a-new-ban-on-emigration-to-Israel-1.png
1960,383d6f94-3ef1-80b3-8df7-c391f926c993,abdullah exhorts arabs to fight,1948-04-24,Jordan; Intent in Israel/Palestine; Western Intervention; England/UK; Arab World; Europe; Islamic World,images/0717-abdullah-exhorts-arabs-to-fight-1.png
1961,383d6f94-3ef1-8009-b3f2-cdd756d88b19,arabs fire shells at zionist village,1948-04-06,Israel/Palestine; Targeting of Civilians; Ethnic Cleansing; Arab League; Syria; Iraq; Western Intervention; Lies about Israel; Arab World; Islamic World,images/0718-arabs-fire-shells-at-zionist-village-1.png
1962,383d6f94-3ef1-80fa-97bc-f10a1c721e27,900 ex-vichy aides urge ‘christian’ rule,1948-03-15,France; Western Antisemitism; Nazis/Fascists; Europe,images/0719-900-ex-vichy-aides-urge-christian-rule-1.png
1963,383d6f94-3ef1-80e3-a709-f81a9f96295e,arab shells rock city of jerusalem,1948-04-11,Israel/Palestine; Targeting of Civilians; Western Intervention; England/UK; Europe,images/0720-arab-shells-rock-city-of-jerusalem-1.png
1964,383d6f94-3ef1-8029-adb1-fc55ed8700ca,Censorship in Lebanon,1948-01-11,Israel/Palestine; Syria; Lebanon; Muslim Antisemitism; Legal Restrictions against Jews; Arab World; Islamic World,images/0721-Censorship-in-Lebanon-1.png
1965,383d6f94-3ef1-80df-b353-faf985658ff4,Palestine Zionists condition a truce,1948-03-17,Israel/Palestine; Intent in Israel/Palestine; UN & League of Nations,images/0722-Palestine-Zionists-condition-a-truce-1.png
1966,383d6f94-3ef1-806d-8333-ffb3f96a3068,4 killed in lebanon riot,1948-05-26,Lebanon; Muslim Antisemitism; Arab World; Islamic World,images/0723-4-killed-in-lebanon-riot-1.png
1967,383d6f94-3ef1-8063-b2c0-fb88ae58e822,Old city pounded,1948-05-19,Western Intervention; Israel/Palestine; Jordan; Targeting of Civilians; England/UK; Arab World; Europe; Islamic World,images/0724-Old-city-pounded-1.png
1968,383d6f94-3ef1-8081-86d9-c584e7b897a7,"Haifa Arabs kill 6 britons, 7 jews",1948-03-19,Israel/Palestine; Terrorism; England/UK; Europe,images/0725-Haifa-Arabs-kill-6-britons-7-jews-1.png
1969,383d6f94-3ef1-80a7-bf13-f2240bab747b,Six jews killed in blast in haifa,1948-03-22,Terrorism; Israel/Palestine,images/0726-Six-jews-killed-in-blast-in-haifa-1.png; images/0726-Six-jews-killed-in-blast-in-haifa-2.png
1970,383d6f94-3ef1-80a2-8a18-e274136c310d,Palestine leader assails arms ban,1948-02-09,Israel/Palestine; Western Intervention; England/UK; Arab League; Europe,images/0727-Palestine-leader-assails-arms-ban-1.png
1971,383d6f94-3ef1-8000-93e6-d829360c9dcf,Zionists Vow Fight Even Without UN,1948-03-06,UN & League of Nations; Israel/Palestine; Intent in Israel/Palestine,images/0728-Zionists-Vow-Fight-Even-Without-UN-1.png
1972,383d6f94-3ef1-80d6-b980-c003085f2c90,weicker urges a plan on saving fuel to bar ‘selling out’ of israel,1979-04-02,Oil; Western Intervention; US; Israel/Palestine; Boycotts against Jews; The Americas,images/0729-weicker-urges-a-plan-on-saving-fuel-to-bar-selling-out-of-israel-1.png
1973,383d6f94-3ef1-8069-af0f-f7abc045a73f,athens answers Jews’ complaints,1972-04-16,Western Antisemitism; Greece; Christianity & Churches; Antizionism; Europe,images/0730-athens-answers-Jews-complaints-1.png
1974,383d6f94-3ef1-80d8-b274-eeeb93af4b21,Germans in bid to Arabs,1940-12-05,Nazis/Fascists; Muslim Antisemitism; Western Antisemitism; Arab League,images/0731-Germans-in-bid-to-Arabs-1.png
1975,383d6f94-3ef1-80ba-9251-ee94562d009a,nazis report a plea to Arabs,1941-05-06,Nazis/Fascists; Israel/Palestine; Muslim Antisemitism; Iraq; Mufti; Arab World; Islamic World,images/0732-nazis-report-a-plea-to-Arabs-1.png
1976,383d6f94-3ef1-80f3-addd-c1805b1056d9,more pogroms in russia,1921-04-21,Russia; Western Antisemitism; Pogroms; Hungary; Europe,images/0733-more-pogroms-in-russia-1.png
1977,383d6f94-3ef1-803b-9e0a-ff9e1a1d6bc3,german data link mufti in sabotage,1946-08-19,Mufti; Nazis/Fascists; Israel/Palestine; Egypt; Iraq; Muslim Antisemitism; Arab World; Africa; Islamic World,images/0734-german-data-link-mufti-in-sabotage-1.png; images/0734-german-data-link-mufti-in-sabotage-2.png
1978,383d6f94-3ef1-8075-8c48-d28dc99aef51,Hitler receives arab plotter,1941-12-09,Mufti; Nazis/Fascists; Israel/Palestine; Muslim Antisemitism,images/0735-Hitler-receives-arab-plotter-1.png
1979,383d6f94-3ef1-803a-9fa2-eb65ef695190,ex-mufti a potent ally,1941-05-26,Mufti; Nazis/Fascists; Oil; Israel/Palestine; England/UK; Europe,images/0736-ex-mufti-a-potent-ally-1.png
1980,383d6f94-3ef1-80b6-bfe1-c20fd8061ce9,nazis said to arm palestine arabs,1941-05-21,Israel/Palestine; Nazis/Fascists; Muslim Antisemitism; England/UK; Mufti; Europe,images/0737-nazis-said-to-arm-palestine-arabs-1.png
1981,383d6f94-3ef1-809b-8112-e6c0cb46c2a0,guns in jerusalem flare for 12 hours,1948-07-05,Israel/Palestine; UN & League of Nations; Targeting of Civilians,images/0738-guns-in-jerusalem-flare-for-12-hours-1.png
1982,383d6f94-3ef1-8099-8b0b-e95e96197c13,34 jews are slain in hospital convoy,1948-04-14,Israel/Palestine; Targeting of Civilians,images/0739-34-jews-are-slain-in-hospital-convoy-1.png
1983,383d6f94-3ef1-806b-919c-e92fbc7d4dd4,“Descendants of David”,1948-05-02,Political Cartoons/Images; Israel/Palestine; Arab League,images/0740-Descendants-of-David-1.png
1984,383d6f94-3ef1-8072-a259-f237f4bc7c87,call for holy war sent among Arabs,1929-09-05,"Intent in Israel/Palestine; Muslim Antisemitism; Israel/Palestine; Use of ""colony"" to describe Jewish communities; Targeting of Civilians",images/0741-call-for-holy-war-sent-among-Arabs-1.png
1985,383d6f94-3ef1-80a4-a822-d38e337ee4ed,waldheim charges ‘conspiracy’ against him,1986-03-28,UN & League of Nations; Nazis/Fascists; Western Antisemitism; Waldheim; Holocaust,images/0742-waldheim-charges-conspiracy-against-him-1.png
1986,383d6f94-3ef1-807c-8faa-f2d21c6364b8,recovery of seized jewish assets sought,1994-02-06,USSR; Western Antisemitism; Holocaust; Nazis/Fascists; Hungary; Poland; Theft of Jewish property; Europe,images/0743-recovery-of-seized-jewish-assets-sought-1.png
1987,383d6f94-3ef1-8077-8e26-e993c97b0c0c,plan anti-jewish exhibit,1937-07-25,Nazis/Fascists; Western Antisemitism; Legal Restrictions against Jews,images/0744-plan-anti-jewish-exhibit-1.png
1988,383d6f94-3ef1-808e-a3b5-f0e536070baa,arab envoys in athens complain over the showing of ‘holocaust’,1979-04-14,Greece; Muslim Antisemitism; Holocaust; Europe,images/0745-arab-envoys-in-athens-complain-over-the-showing-of-holocaust-1.png
1989,383d6f94-3ef1-8014-a0b3-f6a0ab36d870,britain is accused of helping arabs,1948-05-01,Western Intervention; Oil; Israel/Palestine; Intent in Israel/Palestine; UN & League of Nations; Western Antisemitism; Muslim Antisemitism; England/UK; Europe,images/0746-britain-is-accused-of-helping-arabs-1.png
1990,383d6f94-3ef1-80d3-9fa6-e41da97ef864,axis propogandists seek to rouse arabs,1941-06-17,Muslim Antisemitism; Nazis/Fascists; Israel/Palestine,images/0747-axis-propogandists-seek-to-rouse-arabs-1.png
1991,383d6f94-3ef1-8092-9313-ec1fa2c10740,germans to lead arabs,1915-07-01,Western Intervention; Israel/Palestine; Germany; Europe,images/0748-germans-to-lead-arabs-1.png
1992,383d6f94-3ef1-8053-aea7-d05c0bd2b300,german push to Iraq seen,1941-05-04,Germany; Iraq; Israel/Palestine; Muslim Antisemitism; Oil; Arab League; Nazis/Fascists; Arab World; Europe; Islamic World,images/0749-german-push-to-Iraq-seen-1.png
1993,383d6f94-3ef1-802d-99e0-da683981f9bf,german plot is reported,1941-04-20,Germany; Nazis/Fascists; Western Intervention; Mufti; Pogroms; Iraq; Arab League; Arab World; Europe; Islamic World,images/0750-german-plot-is-reported-1.png
1994,383d6f94-3ef1-8085-930c-fb290791ebea,bare hilter-mufti wires,1945-09-25,Mufti; Nazis/Fascists; Israel/Palestine; Muslim Antisemitism,images/0751-bare-hilter-mufti-wires-1.png
1995,383d6f94-3ef1-800a-a5dc-cf639465c452,armed by Nazis,1947-01-20,Nazis/Fascists; Tunisia; Muslim Antisemitism; Morocco; Mufti; Israel/Palestine; Arab League; Arab World; Africa; Islamic World,images/0752-armed-by-Nazis-1.png
1996,383d6f94-3ef1-80d8-8a46-c84e4d37967d,mufti called axis partner,1947-05-12,Mufti; Nazis/Fascists; Muslim Antisemitism; Egypt; Arab League; Iraq; Arab World; Africa; Islamic World,images/0753-mufti-called-axis-partner-1.png
1997,383d6f94-3ef1-8021-9942-caf622015453,3 arab delegates called axis aides,1947-05-12,Nazis/Fascists; Arab League; Mufti; UN & League of Nations; Israel/Palestine,images/0754-3-arab-delegates-called-axis-aides-1.png; images/0754-3-arab-delegates-called-axis-aides-2.png
1998,383d6f94-3ef1-800d-85cb-dd13694f3676,reich and soviet seek arabs’ help,1940-03-17,Nazis/Fascists; Arab League; Russia; Europe,images/0755-reich-and-soviet-seek-arabs-help-1.png
1999,383d6f94-3ef1-80de-a95b-f4f14540ca2c,axis backs arabs in freedom fight,1939-06-21,Nazis/Fascists; Arab League; Muslim Antisemitism; Western Antisemitism,images/0756-axis-backs-arabs-in-freedom-fight-1.png
2000,383d6f94-3ef1-80af-8e8d-c6f3e762bb34,"100,000 ex-nazis fight in many foreign armies",1949-07-15,Arab League; Nazis/Fascists; Muslim Antisemitism; Western Antisemitism; Egypt; Russia; Indonesia; Arab World; Africa; Europe; Asia; Islamic World,images/0757-100-000-ex-nazis-fight-in-many-foreign-armies-1.png; images/0757-100-000-ex-nazis-fight-in-many-foreign-armies-2.png
2001,383d6f94-3ef1-8075-b335-d9446347d3b1,hitler’s jihad,1941-05-03,Nazis/Fascists; Oil; Iraq; Arab World; Islamic World,images/0758-hitler-s-jihad-1.png
2002,383d6f94-3ef1-8068-8947-d5c994b0e196,3 reich plottes try to win syria,1941-04-07,Syria; Muslim Antisemitism; Nazis/Fascists; Pan-Arabism; Iraq; Arab World; Islamic World,images/0759-3-reich-plottes-try-to-win-syria-1.png
2003,383d6f94-3ef1-80b6-9f6c-c0c1ee6bc284,syrians say nazis keep unrest alive,1941-04-05,Syria; Muslim Antisemitism; Nazis/Fascists; Arab World; Islamic World,images/0760-syrians-say-nazis-keep-unrest-alive-1.png
2004,383d6f94-3ef1-8089-a9b8-fb867a6d0c53,israel acclaimed as victor in war,1948-06-21,Western Intervention; Israel/Palestine; Arab League; Egypt; Syria; Lebanon; Arab World; Africa; Islamic World,images/0761-israel-acclaimed-as-victor-in-war-1.png
2005,383d6f94-3ef1-8026-a398-e0725b36a09c,all arabs celebrate prophet’s birthday,1937-05-23,Nazis/Fascists; Israel/Palestine; Muslim Antisemitism; Christianity & Churches,images/0762-all-arabs-celebrate-prophet-s-birthday-1.png; images/0762-all-arabs-celebrate-prophet-s-birthday-2.png
2006,383d6f94-3ef1-80fd-b131-c97b978a4f65,Israel names 23 in UAR as nazis,1960-09-30,Nazis/Fascists; Egypt; Arab League; Muslim Antisemitism; Western Antisemitism; UAR; Arab World; Africa; Islamic World,images/0763-Israel-names-23-in-UAR-as-nazis-1.png
2007,383d6f94-3ef1-8011-89c2-fc27444a27f2,Nazis reassure Arabs,1942-11-05,Nazis/Fascists; Western Antisemitism; Muslim Antisemitism,images/0764-Nazis-reassure-Arabs-1.png
2008,383d6f94-3ef1-80bb-a597-d9a8e9161586,"Nazis spent $90,000 on Arabs",1948-07-03,Nazis/Fascists; Mufti; Germany; Iraq; Arab World; Europe; Islamic World,images/0765-Nazis-spent-90-000-on-Arabs-1.png
2009,383d6f94-3ef1-80ae-bdde-e66a26e9c284,jews assert arabs cache explosives,1948-02-09,Israel/Palestine; Targeting of Civilians,images/0766-jews-assert-arabs-cache-explosives-1.png
2010,383d6f94-3ef1-8098-af9f-ff595192d5a7,jerusalem hopes for easter truce,1948-03-26,Intent in Israel/Palestine; Israel/Palestine,images/0767-jerusalem-hopes-for-easter-truce-1.png; images/0767-jerusalem-hopes-for-easter-truce-2.png
2011,383d6f94-3ef1-80d9-879d-f92a27fb48c6,arab base falls to the haganah,1948-04-18,Israel/Palestine; Druze,images/0768-arab-base-falls-to-the-haganah-1.png
2012,383d6f94-3ef1-8067-9cde-fffb6fe1245a,jews to proclaim state despite US,1948-05-11,Intent in Israel/Palestine; Israel/Palestine; US; UN & League of Nations; Jordan; England/UK; Western Intervention; Arab World; Europe; The Americas; Islamic World,images/0769-jews-to-proclaim-state-despite-US-1.png
2013,383d6f94-3ef1-80c1-afe8-cc25cbf0e40c,Jerusalem’s Jews on bread ration,1948-03-31,Targeting of Civilians; Israel/Palestine; Blockade/Siege/Targeting of Food & Water; Targeting of Children,images/0770-Jerusalem-s-Jews-on-bread-ration-1.png
2014,383d6f94-3ef1-804d-b57e-d87648d7c477,abdullah resists arab pressure to renounce palestine union aim,1948-12-22,Intent in Israel/Palestine; Pan-Arabism; Jordan; Arab League; Mufti; Israel/Palestine; Arab World; Islamic World,images/0771-abdullah-resists-arab-pressure-to-renounce-palestine-union-aim-1.png
2015,383d6f94-3ef1-808e-8b26-fc62fa5ece26,Jerusalem,1929-08-28,Israel/Palestine; Muslim Antisemitism; Targeting of Children; Targeting of Civilians; Ethnic Cleansing; Pogroms,images/0772-Jerusalem-1.png
2016,383d6f94-3ef1-8091-bbf3-d311616a28bf,student slaughter shocks jerusalem,1929-08-28,Israel/Palestine; Targeting of Civilians; Muslim Antisemitism; Targeting of Children; Pogroms,images/0773-student-slaughter-shocks-jerusalem-1.png
2017,383d6f94-3ef1-807f-a11f-f107b6b75df5,Arab band loots village of orphans,1929-09-25,Israel/Palestine; Muslim Antisemitism; Targeting of Civilians; Targeting of Children,images/0774-Arab-band-loots-village-of-orphans-1.png
2018,383d6f94-3ef1-8078-9f47-dfb34a1cd9fa,riot compensation fixed,1930-03-27,England/UK; Western Intervention; Muslim Antisemitism; Targeting of Civilians; Israel/Palestine; Targeting of Children; Pogroms; Europe,images/0775-riot-compensation-fixed-1.png
2019,383d6f94-3ef1-80a6-a250-e03278047069,Vandals in Alsace hit jewish tombs,1992-09-02,France; Western Antisemitism; Europe,images/0776-Vandals-in-Alsace-hit-jewish-tombs-1.png
2020,383d6f94-3ef1-803b-9a16-f3553c372361,Soviet Zone Jews Fear new hazard,1953-03-06,USSR; Western Antisemitism; Germany; Russia; Dual Loyalty Trope; Europe,images/0777-Soviet-Zone-Jews-Fear-new-hazard-1.png
2021,383d6f94-3ef1-80ca-89e9-e57b74161297,5 in Jewish Family in iraq reported killed by police,1973-04-26,Iraq; Arab League; Muslim Antisemitism; Targeting of Civilians; Targeting of Children; Arab World; Islamic World,images/0778-5-in-Jewish-Family-in-iraq-reported-killed-by-police-1.png
2022,383d6f94-3ef1-80a7-bf5a-d49323bbfc50,Zionist Plea on Palestine,1948-04-07,Israel/Palestine; Targeting of Civilians; Blockade/Siege/Targeting of Food & Water; Western Intervention; England/UK; Europe,images/0779-Zionist-Plea-on-Palestine-1.png
2023,383d6f94-3ef1-80e5-acea-cbeeb9152e6b,Not the Peace Plan,1995-04-16,Intent in Israel/Palestine; Israel/Palestine; Arafat; PLO; Terrorism,images/0780-Not-the-Peace-Plan-1.png
2024,383d6f94-3ef1-800d-b19c-e97cc29a3322,Jewish Visitors to Palestine,1901-04-17,Turkey; Israel/Palestine; Muslim Antisemitism; Legal Restrictions against Jews; Islamic World,images/0781-Jewish-Visitors-to-Palestine-1.png
2025,383d6f94-3ef1-8042-87d4-c4fddf02b06d,anti-jewish riot at Smyrna,1901-04-04,Turkey; Blood Libel; Western Antisemitism; Muslim Antisemitism; Ghettos; Greece; Europe; Islamic World,images/0782-anti-jewish-riot-at-Smyrna-1.png
2026,383d6f94-3ef1-80a7-95cb-ea7b7a2ce3bf,Deplores anti-semitism,1921-04-11,Germany; Western Antisemitism; Education/Educators weaponized against Jews; Europe,images/0783-Deplores-anti-semitism-1.png
2027,383d6f94-3ef1-804e-bc4c-cea5648008d2,More rumors of pogroms,1907-04-11,Blood Libel; Western Antisemitism; Pogroms; Russia; Europe,images/0784-More-rumors-of-pogroms-1.png
2028,383d6f94-3ef1-80b5-a5c0-d4b47a69dc09,Iraqi Jews leave in a steady flow,1971-12-12,Iraq; Muslim Antisemitism; Ethnic Cleansing; Legal Restrictions against Jews; Arab World; Islamic World,images/0785-Iraqi-Jews-leave-in-a-steady-flow-1.png
2029,383d6f94-3ef1-80f6-91d3-e56cbe7686ea,Nazis to control all cultural life,1933-04-09,Nazis/Fascists; Germany; Legal Restrictions against Jews; Europe,images/0786-Nazis-to-control-all-cultural-life-1.png
2030,383d6f94-3ef1-807b-bc4c-f82a8447f0bc,bombs go off in frankfurt,1988-04-19,Germany; Terrorism; Western Antisemitism; Saudi Arabia; Arab World; Europe; Islamic World,images/0787-bombs-go-off-in-frankfurt-1.png
2031,383d6f94-3ef1-8017-a11e-d58ea18af1a9,Toll in tunisia blast rises,2002-04-14,Tunisia; Arab League; Muslim Antisemitism; Terrorism; Arab World; Africa; Islamic World,images/0788-Toll-in-tunisia-blast-rises-1.png
2032,383d6f94-3ef1-80d2-820a-f6fef3569b36,250 jews reported cairo riot victims,1948-08-15,Egypt; Muslim Antisemitism; Pogroms; Targeting of Civilians; Arab World; Africa; Islamic World,images/0789-250-jews-reported-cairo-riot-victims-1.png
2033,383d6f94-3ef1-809d-a8af-e7ab675e248c,refuse to legalize haganah,1948-04-19,England/UK; Western Antisemitism; Israel/Palestine; Europe,images/0790-refuse-to-legalize-haganah-1.png
2034,383d6f94-3ef1-8068-8fe6-fab7b5c2b76b,arab king warns palestine invasion by saturday is set,1948-04-27,Arab League; Israel/Palestine; Jordan; Egypt; Pan-Arabism; Arab World; Africa; Islamic World,images/0791-arab-king-warns-palestine-invasion-by-saturday-is-set-1.png; images/0791-arab-king-warns-palestine-invasion-by-saturday-is-set-2.png
2035,383d6f94-3ef1-8043-9701-dd30b2ca7ac4,Jewish Life Upset by riots in Bogota,1948-04-17,Western Antisemitism; Colombia; Pogroms; The Americas,images/0792-Jewish-Life-Upset-by-riots-in-Bogota-1.png
2036,383d6f94-3ef1-801a-9e10-c924228ef16f,50 Jews seized in Cairo,1948-09-30,Egypt; Muslim Antisemitism; Dual Loyalty Trope; Arab World; Africa; Islamic World,images/0793-50-Jews-seized-in-Cairo-1.png
2037,383d6f94-3ef1-80db-aeaf-cc3320b852a6,Jews threaten reprisals,1948-05-17,Egypt; Arab League; Israel/Palestine; Targeting of Civilians; Arab World; Africa; Islamic World,images/0794-Jews-threaten-reprisals-1.png
2038,383d6f94-3ef1-80f6-86f9-d6ddf913dc29,Jews bombed in Beirut,1948-07-28,Lebanon; Terrorism; Muslim Antisemitism; Arab World; Islamic World,images/0795-Jews-bombed-in-Beirut-1.png
2039,383d6f94-3ef1-807d-b2de-fa729d5c032b,Karachi Boycotts Jews,1948-05-30,Pakistan; Muslim Antisemitism; Israel/Palestine; Boycotts against Jews; Asia; Islamic World,images/0796-Karachi-Boycotts-Jews-1.png
2040,383d6f94-3ef1-80fc-9bf0-cef7e949f941,"Water Lack felt most by Jerusalem Jews, Daily Food ration is set at 900 Calories",1948-05-25,Targeting of Civilians; Israel/Palestine; Blockade/Siege/Targeting of Food & Water,images/0797-Water-Lack-felt-most-by-Jerusalem-Jews-Daily-Food-ration-is-set-at-900-Calories-1.png
2041,383d6f94-3ef1-80d1-acf9-c6e1d00e58a9,Dr. Herzl’s mission to constantinople,1902-08-12,Theodor Herzl; Turkey; Political Zionism; Islamic World,images/0798-Dr.-Herzl-s-mission-to-constantinople-1.png
2042,383d6f94-3ef1-80d0-9167-f51e4b1f744e,Forrestal backs steel for Arabia,1948-05-01,Arab League; Oil; Western Intervention; Forrestal; Saudi Arabia; Arab World; Islamic World,images/0799-Forrestal-backs-steel-for-Arabia-1.png
2043,383d6f94-3ef1-806e-bcbc-fb268d733d59,US seeks surety of Arab oil supply,1948-01-30,Oil; Western Intervention; Forrestal; Saudi Arabia; Arab World; Islamic World,images/0800-US-seeks-surety-of-Arab-oil-supply-1.png
2044,383d6f94-3ef1-8040-a36b-c6cf3edf6775,Britain Barred proposal to jewish army division in ‘44,1972-01-03,Western Intervention; England/UK; Israel/Palestine; Europe,images/0801-Britain-Barred-proposal-to-jewish-army-division-in-44-1.png
2045,383d6f94-3ef1-805d-a0a5-cb48c71b0b49,Zionists worried by accord in Rome,1929-02-10,Italy; Western Antisemitism; Political Zionism; Christianity & Churches; Europe,images/0802-Zionists-worried-by-accord-in-Rome-1.png
2046,383d6f94-3ef1-806e-a852-f6b848b5ee94,Zionists to bid UN scan Moslem Fund,1948-02-20,Western Intervention; Mufti; Israel/Palestine; England/UK; Sources of Funding; Europe,images/0803-Zionists-to-bid-UN-scan-Moslem-Fund-1.png
2047,383d6f94-3ef1-8004-9826-f0c1cf20e0fd,Arabs set for “any price”,1948-01-12,Intent in Israel/Palestine; Israel/Palestine; Terrorism; Targeting of Civilians,images/0804-Arabs-set-for-any-price-1.png
2048,383d6f94-3ef1-804c-b951-d8359354a243,US Catholics hit Spanish film ban,1948-10-01,Spain; Western Antisemitism; Christianity & Churches; Europe,images/0805-US-Catholics-hit-Spanish-film-ban-1.png
2049,383d6f94-3ef1-8008-8555-dbe017829486,Jewish Group tells UN of persecution by Arabs,1948-12-28,Arab League; Muslim Antisemitism; UN & League of Nations; Egypt; Iraq; Ethnic Cleansing; Legal Restrictions against Jews; Arab World; Africa; Islamic World,images/0806-Jewish-Group-tells-UN-of-persecution-by-Arabs-1.png
2050,383d6f94-3ef1-802a-b60f-ef4ae9171018,‘Incredible Life’ of Jews in North Africa is described at relief meeting in paris,1948-11-19,Muslim Antisemitism; Africa; Morocco; Targeting of Children; Arab World; Islamic World,images/0807-Incredible-Life-of-Jews-in-North-Africa-is-described-at-relief-meeting-in-paris-1.png
2051,383d6f94-3ef1-8055-9dba-df93e9a38601,Palestine Arabs Bar a Truce; US not ot push trusteeship,1948-03-30,Intent in Israel/Palestine; Israel/Palestine; Arab League; Blockade/Siege/Targeting of Food & Water; Targeting of Civilians,images/0808-Palestine-Arabs-Bar-a-Truce-US-not-ot-push-trusteeship-1.png
2052,383d6f94-3ef1-8049-a1af-fca03aca8227,Arabs to End Haifa Evacuation,1948-04-26,"""The Nakba""/""refugees""; Israel/Palestine",images/0809-Arabs-to-End-Haifa-Evacuation-1.png
2053,383d6f94-3ef1-80fc-bb1e-ee36161e6440,“Not Like Dachau is it herr mmufti”,1948-05-16,Mufti; Nazis/Fascists; Israel/Palestine; Holocaust; Political Cartoons/Images,images/0810-Not-Like-Dachau-is-it-herr-mmufti-1.png
2054,383d6f94-3ef1-806b-af9d-ec5d01031f1b,Jews in Grave Danger in All moslem Lands,1948-05-16,Muslim Antisemitism; Antizionism; Arab League; Israel/Palestine; Egypt; Iraq; Jordan; Saudi Arabia; Syria; Lebanon; UN & League of Nations; Legal Restrictions against Jews; Arab World; Africa; Islamic World,images/0811-Jews-in-Grave-Danger-in-All-moslem-Lands-1.png; images/0811-Jews-in-Grave-Danger-in-All-moslem-Lands-2.png; images/0811-Jews-in-Grave-Danger-in-All-moslem-Lands-3.png; images/0811-Jews-in-Grave-Danger-in-All-moslem-Lands-4.png
2055,383d6f94-3ef1-801a-90a7-f7c2614a3e1d,abdullah’s legion said to fight jews,1948-04-18,England/UK; Western Intervention; Israel/Palestine; Jordan; Egypt; Iraq; Arab World; Africa; Europe; Islamic World,images/0812-abdullah-s-legion-said-to-fight-jews-1.png
2056,383d6f94-3ef1-80ad-957b-f273d89e4e1f,UN hit on delay in egypt ‘terror’,1948-08-24,Egypt; Arab League; Muslim Antisemitism; Syria; Lebanon; UN & League of Nations; Targeting of Civilians; Legal Restrictions against Jews; Arab World; Africa; Islamic World,images/0813-UN-hit-on-delay-in-egypt-terror-1.png
2057,383d6f94-3ef1-80fc-9b1b-dc236f5f9a47,"180,000 seen in peril",1948-12-18,Arab League; Muslim Antisemitism; Egypt; Iraq; Ethnic Cleansing; Arab World; Africa; Islamic World,images/0816-180-000-seen-in-peril-1.png
2058,383d6f94-3ef1-8031-a4d0-e3c69691edc1,fears anti-jewish outbreak in Europe,1919-05-28,"Western Antisemitism; England/UK; France; Russia; Victim Blaming/Justification of Antisemitism; accusation of ""Jewish Supremacy"" and/or Genocide; Jews as aliens/foreigners; Europe",images/0817-fears-anti-jewish-outbreak-in-Europe-1.png
2059,383d6f94-3ef1-8013-b7cb-dca7a1a4c7c7,Moscow bars 49 books of US Jewish Group,1983-09-12,USSR; Western Antisemitism; Boycotts against Jews; Europe,images/0818-Moscow-bars-49-books-of-US-Jewish-Group-1.png
2060,383d6f94-3ef1-800c-b070-eeb76a51722d,Italian Synagogue may be oldest in Europe,1986-03-04,Italy; Jewish history (relative to time of article); Europe,images/0819-Italian-Synagogue-may-be-oldest-in-Europe-1.png
2061,383d6f94-3ef1-80c3-b302-cfceb3aa7b44,Italian Catacomb Reveals Ancient Jewish Site,1981-07-26,Italy; Jewish history (relative to time of article); Europe,images/0820-Italian-Catacomb-Reveals-Ancient-Jewish-Site-1.png
2062,383d6f94-3ef1-8019-9887-f9b9fa43a5ed,Arabian Oil Price called excesive,1948-04-29,Oil; Western Intervention; US; Sources of Funding; Forrestal; Saudi Arabia; Arab World; The Americas; Islamic World,images/0821-Arabian-Oil-Price-called-excesive-1.png
2063,383d6f94-3ef1-80d4-874f-cccd3e3d393c,Forrestal Urges Arabian Oil Line,1947-10-10,Oil; US; Western Intervention; Forrestal; The Americas,images/0822-Forrestal-Urges-Arabian-Oil-Line-1.png
2064,383d6f94-3ef1-8095-bd8b-cd9ac04b39ff,Wallace Ascribes strife to trusts,1948-05-31,US; Oil; Western Intervention; The Americas,images/0823-Wallace-Ascribes-strife-to-trusts-1.png
2065,383d6f94-3ef1-80d4-9076-cf9623bd98d5,Arab League Bars Pipelines while US backs partition,1948-02-22,Oil; Western Intervention; Intent in Israel/Palestine; Sources of Funding; Syria; Arab League; Saudi Arabia; Arab World; Islamic World,images/0824-Arab-League-Bars-Pipelines-while-US-backs-partition-1.png
2066,383d6f94-3ef1-80e3-b8ee-c7bf22772d82,"‘Oil Trust’ Blocks UN, Wallace Says",1948-05-17,UN & League of Nations; US; Western Intervention; Oil; The Americas,images/0825-Oil-Trust-Blocks-UN-Wallace-Says-1.png
2067,383d6f94-3ef1-808a-9144-cc8d7cc5e092,Wallace Asks UN control Arab oil,1948-05-18,Oil; UN & League of Nations; Western Intervention; US; Arab League; Sources of Funding; England/UK; Europe; The Americas,images/0826-Wallace-Asks-UN-control-Arab-oil-1.png
2068,383d6f94-3ef1-8063-b4c7-ceb4e84eeaef,bombing in jerusalem kills jewish man,1990-05-29,Israel/Palestine; Terrorism; Muslim Antisemitism,images/0827-bombing-in-jerusalem-kills-jewish-man-1.png
2069,383d6f94-3ef1-800c-baff-d4d034c61c14,Arab-Jewish rift in Algeria Feared,1956-05-17,Algeria; Muslim Antisemitism; Terrorism; Arab World; Africa; Islamic World,images/0828-Arab-Jewish-rift-in-Algeria-Feared-1.png
2070,383d6f94-3ef1-8047-a5e2-ce04a5f5f92e,Reich anti-jewish law is applied in Hungary,1936-01-30,Hungary; Germany; Nazis/Fascists; Western Antisemitism; Legal Restrictions against Jews; Europe,images/0829-Reich-anti-jewish-law-is-applied-in-Hungary-1.png
2071,383d6f94-3ef1-80ee-86ca-cdd95e948278,Israel holds 10 arabs for hebron slaying of 6 jews in May,1980-09-17,Israel/Palestine; Terrorism,images/0830-Israel-holds-10-arabs-for-hebron-slaying-of-6-jews-in-May-1.png
2072,383d6f94-3ef1-809b-8a9a-f53e79a260d6,discuss anti-jewish bill,1924-07-20,Germany; Western Antisemitism; Legal Restrictions against Jews; Education/Educators weaponized against Jews; Ethnic Cleansing; Theft of Jewish property; Europe,images/0831-discuss-anti-jewish-bill-1.png
2073,383d6f94-3ef1-8086-a2e8-e1e89c104035,Farben will pay slave laborers,1957-02-07,Germany; Holocaust; Western Antisemitism; Nazis/Fascists; Europe,images/0832-Farben-will-pay-slave-laborers-1.png
2074,383d6f94-3ef1-80c7-a2d0-f6ef9893aabb,Bias rise worries argentina’s Jews,1954-07-25,Argentina; Western Antisemitism; Antizionism; Dual Loyalty Trope; The Americas,images/0833-Bias-rise-worries-argentina-s-Jews-1.png
2075,383d6f94-3ef1-8005-babf-dcc4b7f24597,Rumania Seizes Farms,1940-09-28,Romania; Western Antisemitism; Legal Restrictions against Jews; Theft of Jewish property; Europe,images/0834-Rumania-Seizes-Farms-1.png
2076,383d6f94-3ef1-807e-b380-fa5346887b48,Reich revises ban on jewish students,1934-01-09,Germany; Nazis/Fascists; Western Antisemitism; Education/Educators weaponized against Jews; Europe,images/0835-Reich-revises-ban-on-jewish-students-1.png
2077,383d6f94-3ef1-80c7-958f-e6961831664b,Shangai Studies Influx,1939-05-24,China; Holocaust; Asia,images/0836-Shangai-Studies-Influx-1.png
2078,383d6f94-3ef1-8063-8a40-edaeb8ce7a75,Jews’ resettling by soviet is seen,1959-01-11,Western Antisemitism; USSR; Ghettos; Ethnic Cleansing; Europe,images/0837-Jews-resettling-by-soviet-is-seen-1.png
2079,383d6f94-3ef1-802e-bdeb-f86547501001,vandals again desecrate jewish cemetary,1977-06-04,US; Western Antisemitism; The Americas,images/0838-vandals-again-desecrate-jewish-cemetary-1.png
2080,383d6f94-3ef1-80c9-9d4e-e96e79d46a14,reich limits goods for jewish concenrs,1937-12-30,Nazis/Fascists; Germany; Boycotts against Jews; Legal Restrictions against Jews; Europe,images/0839-reich-limits-goods-for-jewish-concenrs-1.png
2081,383d6f94-3ef1-8058-8aa0-dd05d2ee9d4c,Nazis in Paris Curb ‘jewish’ concerns,1940-11-01,Nazis/Fascists; France; Legal Restrictions against Jews; Europe,images/0840-Nazis-in-Paris-Curb-jewish-concerns-1.png
2082,383d6f94-3ef1-8007-beba-f2554fa8de18,Jewish life ebbs in lithuania city,1962-06-03,Lithuania; Western Antisemitism; USSR; Holocaust; Europe,images/0841-Jewish-life-ebbs-in-lithuania-city-1.png; images/0841-Jewish-life-ebbs-in-lithuania-city-2.png
2083,383d6f94-3ef1-80e4-8354-d87bbf2fd0e8,Vienna May restrict jewish restitution,1953-06-13,Austria; Holocaust; Nazis/Fascists; Western Antisemitism; Europe,images/0842-Vienna-May-restrict-jewish-restitution-1.png
2084,383d6f94-3ef1-80a9-8e13-f1b51404b722,War Criminals,1944-10-21,Mufti; Nazis/Fascists; Holocaust; Muslim Antisemitism,images/0843-War-Criminals-1.png
2085,383d6f94-3ef1-80f1-ba63-f0b5a88875f9,Chaplain’s anti-Jewish booklet distributed within greek army,1970-06-04,Greece; Western Antisemitism; Christianity & Churches; Antizionism; Europe,images/0844-Chaplain-s-anti-Jewish-booklet-distributed-within-greek-army-1.png; images/0844-Chaplain-s-anti-Jewish-booklet-distributed-within-greek-army-2.png
2086,383d6f94-3ef1-8012-96c9-c7f3e1e04277,PLO ends call for destruction of Jewish state,1996-04-25,Arafat; PLO; Israel/Palestine; Intent in Israel/Palestine,images/0845-PLO-ends-call-for-destruction-of-Jewish-state-1.png
2087,383d6f94-3ef1-809e-bcdc-f9fe78e3d3d6,Iran’s Jewish minority caught up in turmoil,2000-05-01,Muslim Antisemitism; Iran; Islamic World,images/0846-Iran-s-Jewish-minority-caught-up-in-turmoil-1.png
2088,383d6f94-3ef1-805b-bdf8-f8d494b5d0f6,Jews from Poland build new lives in denmark,1970-03-23,Denmark; Poland; Western Antisemitism; Antizionism; Ethnic Cleansing; Theft of Jewish property; Europe,images/0847-Jews-from-Poland-build-new-lives-in-denmark-1.png; images/0847-Jews-from-Poland-build-new-lives-in-denmark-2.png; images/0847-Jews-from-Poland-build-new-lives-in-denmark-3.png
2089,383d6f94-3ef1-80c3-82b3-e6d33ec22c18,Inquiry confirms nazi death camps,1944-07-03,Germany; Holocaust; Nazis/Fascists; Western Antisemitism; Europe,images/0848-Inquiry-confirms-nazi-death-camps-1.png; images/0848-Inquiry-confirms-nazi-death-camps-2.png
2090,383d6f94-3ef1-80c8-b668-f3abc46069c4,Turkey Pressing for more arms aid,1986-03-21,Turkey; Western Intervention; US; Sources of Funding; The Americas; Islamic World,images/0849-Turkey-Pressing-for-more-arms-aid-1.png
2091,383d6f94-3ef1-8049-9a6e-eda474d8aee3,bomb is defused at entrance to Jewish cemetary in France,2002-04-06,France; Western Antisemitism; Terrorism; Antizionism; Europe,images/0850-bomb-is-defused-at-entrance-to-Jewish-cemetary-in-France-1.png; images/0850-bomb-is-defused-at-entrance-to-Jewish-cemetary-in-France-2.png
2092,383d6f94-3ef1-803e-a536-f0f2b8b5e543,"UN to be asked to support rights of Jews in Triplitania, Cyrenaica, Ex-Italian Areas",1949-04-11,UN & League of Nations; Muslim Antisemitism; Libya; Pogroms; England/UK; Legal Restrictions against Jews; Arab World; Africa; Europe; Islamic World,images/0851-UN-to-be-asked-to-support-rights-of-Jews-in-Triplitania-Cyrenaica-Ex-Italian-Are-1.png
2093,383d6f94-3ef1-8029-acdd-d45ae4d23a3d,Argentina won’t let jewish publisher out,1979-01-03,Argentina; Western Antisemitism; The Americas,images/0852-Argentina-won-t-let-jewish-publisher-out-1.png
2094,383d6f94-3ef1-8097-9d11-ec6ca187dccc,Mufti Aide reported buying guns in london,1948-03-24,England/UK; Mufti; Israel/Palestine; Western Intervention; Europe,images/0853-Mufti-Aide-reported-buying-guns-in-london-1.png
2095,383d6f94-3ef1-80d3-ba6d-eebdb884621d,New Czech cabinet is expected shortly,1939-04-19,Czechoslovakia; Western Antisemitism; Nazis/Fascists; Legal Restrictions against Jews; Europe,images/0854-New-Czech-cabinet-is-expected-shortly-1.png
2096,383d6f94-3ef1-808f-86be-f1e64b7f7acc,Seizure of Chiefs Incenses Zionists,1947-08-07,Israel/Palestine; Western Intervention; England/UK; Europe,images/0855-Seizure-of-Chiefs-Incenses-Zionists-1.png
2097,383d6f94-3ef1-808d-8efd-e3701f3692a0,New Negeb Thrust is costly to Egypt,1948-12-09,Egypt; Israel/Palestine; Targeting of Civilians; Blockade/Siege/Targeting of Food & Water; Arab World; Africa; Islamic World,images/0856-New-Negeb-Thrust-is-costly-to-Egypt-1.png
2098,383d6f94-3ef1-8030-84c7-c82937d1bc0c,Two bombs explode in prague inner city,1939-02-27,Czechoslovakia; Western Antisemitism; Terrorism; Europe,images/0857-Two-bombs-explode-in-prague-inner-city-1.png
2099,383d6f94-3ef1-8097-8d86-dd4fcf5d73e8,Bars Jewish professors in Vienna,1922-12-13,Austria; Western Antisemitism; Legal Restrictions against Jews; Education/Educators weaponized against Jews; Europe,images/0858-Bars-Jewish-professors-in-Vienna-1.png
2100,383d6f94-3ef1-80ea-8257-e2c0a08c35c5,Hungary Bars Many Jewish Students,1920-07-06,Hungary; Western Antisemitism; Legal Restrictions against Jews; Education/Educators weaponized against Jews; Europe,images/0859-Hungary-Bars-Many-Jewish-Students-1.png
2101,383d6f94-3ef1-80e5-8f94-d264c173a611,Hungarian Jews May Lose Vote,1920-12-03,"Hungary; Western Antisemitism; Legal Restrictions against Jews; ""Jewish Question""; Europe",images/0860-Hungarian-Jews-May-Lose-Vote-1.png
2102,383d6f94-3ef1-80d4-8f48-fdaa078dce7f,Limit Germans’ Lawyers,1937-06-13,Germany; Nazis/Fascists; Western Antisemitism; Legal Restrictions against Jews; Europe,images/0861-Limit-Germans-Lawyers-1.png
2103,383d6f94-3ef1-801e-ad53-e02ddae7f1c4,Ancient Jewish community in iraq near extinction,1978-01-09,Iraq; Arab League; Muslim Antisemitism; Ethnic Cleansing; Pogroms; Legal Restrictions against Jews; Jewish history (relative to time of article); Arab World; Islamic World,images/0862-Ancient-Jewish-community-in-iraq-near-extinction-1.png
2104,383d6f94-3ef1-80d4-9dee-e8948633e901,Jews Fear Iraqis Will Kill 4 as Spies,1969-01-14,Iraq; Arab League; Muslim Antisemitism; Targeting of Civilians; Dual Loyalty Trope; Arab World; Islamic World,images/0863-Jews-Fear-Iraqis-Will-Kill-4-as-Spies-1.png
2105,383d6f94-3ef1-8092-a184-cb2e312380d0,To Aid Jewish Partisans,1928-05-27,"Russia; Use of ""colony"" to describe Jewish communities; Europe",images/0864-To-Aid-Jewish-Partisans-1.png
2106,383d6f94-3ef1-8067-bbc6-fa79f076547c,Rumanian Anti-Jewish Riot,1923-04-03,Romania; Western Antisemitism; Pogroms; Education/Educators weaponized against Jews; Europe,images/0865-Rumanian-Anti-Jewish-Riot-1.png
2107,383d6f94-3ef1-80ea-b950-f793803bd5a0,May End Jewish Inequality,1906-03-16,Russia; Western Antisemitism; Legal Restrictions against Jews; Emancipation; Europe,images/0866-May-End-Jewish-Inequality-1.png
2108,383d6f94-3ef1-80f5-b902-de0b624cff26,Jewish Communities in Arab Lands Ebb,1973-09-26,Arab League; Muslim Antisemitism; Ethnic Cleansing; Iraq; Syria; Egypt; Libya; Lebanon; Arab World; Africa; Islamic World,images/0867-Jewish-Communities-in-Arab-Lands-Ebb-1.png
2109,383d6f94-3ef1-80d9-98e8-cbcf92c2dfbe,More Ant-Jewish Outbreaks,1920-04-18,Denmark; Western Antisemitism; Pogroms; Europe,images/0868-More-Ant-Jewish-Outbreaks-1.png
2110,383d6f94-3ef1-8095-9470-c87bfbdc946f,Arab League Worried,1948-04-16,Israel/Palestine; Jordan; Intent in Israel/Palestine; Arab World; Islamic World,images/0869-Arab-League-Worried-1.png
2111,383d6f94-3ef1-80f5-839e-ec54ef0aacb9,More anti-jewish riots in Prussia,1900-04-27,Germany; Pogroms; Western Antisemitism; Europe,images/0870-More-anti-jewish-riots-in-Prussia-1.png
2112,383d6f94-3ef1-8086-ae6d-e01abbc369f2,Many Jews Flee Reich,1933-04-02,Holland; Denmark; Germany; Nazis/Fascists; Holocaust; Western Antisemitism; Europe,images/0871-Many-Jews-Flee-Reich-1.png
2113,383d6f94-3ef1-80ce-913f-fdf0ec9c7650,Defiant Avowal of Zionism by Jewish Nurse is Described in Soviet Account of Trial of Four in Riga,1971-06-02,Antizionism; USSR; Western Antisemitism; Political Zionism; Russia; Europe,images/0872-Defiant-Avowal-of-Zionism-by-Jewish-Nurse-is-Described-in-Soviet-Account-of-Tria-1.png
2114,383d6f94-3ef1-8041-b03f-fe1908abca70,700 Headstones Vandalized At Jewish Cemeteries on SI,1979-04-02,Western Antisemitism; US; The Americas,images/0873-700-Headstones-Vandalized-At-Jewish-Cemeteries-on-SI-1.png
2115,383d6f94-3ef1-803c-a543-daa5b353dc76,US Schools Quit Saudi Project over Visa,1975-06-30,Saudi Arabia; Arab League; Muslim Antisemitism; US; Arab World; The Americas; Islamic World,images/0874-US-Schools-Quit-Saudi-Project-over-Visa-1.png
2116,383d6f94-3ef1-802b-bfe7-f6ad0e49f399,Jewish Leaders Arrested by Soviet,1921-04-08,USSR; Western Antisemitism; Russia; Bundists/Bundism; Europe,images/0875-Jewish-Leaders-Arrested-by-Soviet-1.png
2117,383d6f94-3ef1-800d-9530-d81040adc521,Clash at Jewish Protest in Greece,1933-04-05,Western Antisemitism; Greece; Nazis/Fascists; Holocaust; Europe,images/0876-Clash-at-Jewish-Protest-in-Greece-1.png
2118,383d6f94-3ef1-80b7-9048-cf4202f9abef,Anti-Jewish Bill Urged,1939-04-16,Hungary; Western Antisemitism; Legal Restrictions against Jews; Europe,images/0877-Anti-Jewish-Bill-Urged-1.png
2119,383d6f94-3ef1-8056-8376-d30ff0b92e16,Explosion at Synagogue in Cairo Wrecks Door but No One is Hurt,1980-05-01,Egypt; Muslim Antisemitism; Terrorism; Sources of Funding; Arab World; Africa; Islamic World,images/0878-Explosion-at-Synagogue-in-Cairo-Wrecks-Door-but-No-One-is-Hurt-1.png
2120,383d6f94-3ef1-8069-8407-d53ee16744ec,Germany Says April Arrests Thwarted Attacks on Jews,2002-09-05,Germany; Terrorism; Muslim Antisemitism; Israel/Palestine; Jordan; Arab World; Europe; Islamic World,images/0879-Germany-Says-April-Arrests-Thwarted-Attacks-on-Jews-1.png
2121,383d6f94-3ef1-80f2-b369-f579a45d008b,Jewish Body Releases Waldheim Document,1986-05-31,UN & League of Nations; Nazis/Fascists; Western Antisemitism; Holocaust; Waldheim,images/0880-Jewish-Body-Releases-Waldheim-Document-1.png
2122,383d6f94-3ef1-800d-94a1-e1f16f6016e6,Argentina Worried Over anti-semitism,1977-07-07,Argentina; Western Antisemitism; Antizionism; The Americas,images/0881-Argentina-Worried-Over-anti-semitism-1.png
2123,383d6f94-3ef1-809c-aba8-fb9c8ca4bfc8,Roumanian Troops Mutiny,1907-03-25,Romania; Pogroms; Western Antisemitism; Europe,images/0882-Roumanian-Troops-Mutiny-1.png
2124,383d6f94-3ef1-80af-92bc-c666d5a63051,Waldheim Figures in 1948 Army List,1986-03-25,UN & League of Nations; Nazis/Fascists; Western Antisemitism; Waldheim; Holocaust,images/0883-Waldheim-Figures-in-1948-Army-List-1.png
2125,383d6f94-3ef1-8050-b060-e8172aab7974,US is said to develop Oman as it’s major military ally in the Persian gulf,1985-03-25,Oman; Western Intervention; US; Sources of Funding; Arab World; The Americas; Islamic World,images/0884-US-is-said-to-develop-Oman-as-it-s-major-military-ally-in-the-Persian-gulf-1.png
2126,383d6f94-3ef1-80eb-872c-e10b45afff70,Russia More Drastic Against the Jews,1911-03-26,Russia; Pogroms; Western Antisemitism; Legal Restrictions against Jews; Ethnic Cleansing; Education/Educators weaponized against Jews; Europe,images/0885-Russia-More-Drastic-Against-the-Jews-1.png
2127,383d6f94-3ef1-80ff-b40f-e84bfd0eede7,Assails Egypt,1955-03-26,Egypt; Israel/Palestine; Arab World; Africa; Islamic World,images/0886-Assails-Egypt-1.png
2128,383d6f94-3ef1-808a-a98e-f2d564591508,Mufti Says that Israel Uses Holocaust ‘to win sympathy’,2000-03-26,Israel/Palestine; Muslim Antisemitism; Holocaust; Arafat,images/0887-Mufti-Says-that-Israel-Uses-Holocaust-to-win-sympathy-1.png
2129,383d6f94-3ef1-80ee-b2ae-cc6ebe54814a,Roumanian Troops Side with Rebels,1907-03-26,Romania; Pogroms; Western Antisemitism; Europe,images/0888-Roumanian-Troops-Side-with-Rebels-1.png
2130,383d6f94-3ef1-8061-9c89-c5cf23262b66,PLO Turns Down A Halt to Uprising,1989-03-23,Israel/Palestine; PLO; Intent in Israel/Palestine; Terrorism; Arafat,images/0889-PLO-Turns-Down-A-Halt-to-Uprising-1.png
2131,383d6f94-3ef1-800a-8ee7-cb0ad6f4a6eb,Turkey Seeks US Aid to Modernize Armed Forces,1972-03-23,Turkey; Western Intervention; US; Sources of Funding; The Americas; Islamic World,images/0890-Turkey-Seeks-US-Aid-to-Modernize-Armed-Forces-1.png
2132,383d6f94-3ef1-8004-bdcc-c6226dad95e9,Beirut Sources Say Israel Talks With Kidnappers,1987-02-11,Israel/Palestine; Lebanon; Terrorism; Arab World; Islamic World,images/0891-Beirut-Sources-Say-Israel-Talks-With-Kidnappers-1.png
2133,383d6f94-3ef1-8092-bf6e-c1afde6df5dd,Arab League Bars Meetings in Cairo,1978-11-07,Egypt; Arab League; Intent in Israel/Palestine; Iraq; Arab World; Africa; Islamic World,images/0892-Arab-League-Bars-Meetings-in-Cairo-1.png
2134,383d6f94-3ef1-80cb-88c5-d30e3f5adeb0,"Despite Halt in Talks, Israelis Prepare to Quit Gaza",1994-03-24,Intent in Israel/Palestine; Israel/Palestine; PLO; Arafat,images/0893-Despite-Halt-in-Talks-Israelis-Prepare-to-Quit-Gaza-1.png
2135,383d6f94-3ef1-809b-8bd0-d1df58689b75,"Prodded by US, Israel Again Tries to Force a Truce",2002-03-23,Intent in Israel/Palestine; Israel/Palestine; Western Intervention; Arafat; Terrorism,images/0894-Prodded-by-US-Israel-Again-Tries-to-Force-a-Truce-1.png
2136,383d6f94-3ef1-8097-8180-f3f829b2ed50,Palestine Group Says it Will Increase Bombings,2002-03-23,Israel/Palestine; Terrorism; Arafat; Intent in Israel/Palestine; Targeting of Children; PLO; Hamas,images/0895-Palestine-Group-Says-it-Will-Increase-Bombings-1.png
2137,383d6f94-3ef1-80dc-a5a5-d4e54e91479d,Swiss Seek Settlement on Nazi Gold Suits,1998-03-29,Switzerland; Nazis/Fascists; Holocaust; Western Antisemitism; Theft of Jewish property; Europe,images/0896-Swiss-Seek-Settlement-on-Nazi-Gold-Suits-1.png
2138,383d6f94-3ef1-8041-9efe-e3515c25d208,"Arab Stabs 6 in Jewish Schoolyard, Stirring Reprisals",1993-03-23,Israel/Palestine; Terrorism; Targeting of Children,images/0897-Arab-Stabs-6-in-Jewish-Schoolyard-Stirring-Reprisals-1.png
2139,383d6f94-3ef1-80cb-9d1c-df5a3a0e5c1e,Guerillas Attack Again in Gaza Strip,1970-03-23,Targeting of Civilians; Israel/Palestine; Terrorism,images/0898-Guerillas-Attack-Again-in-Gaza-Strip-1.png
2140,383d6f94-3ef1-802c-b088-f1f6dc7bff02,Failed Truck-Bomb Plot Chills Israel-PLO Autonomy Talks,1995-03-23,Intent in Israel/Palestine; Israel/Palestine; Terrorism; PLO; Arafat,images/0899-Failed-Truck-Bomb-Plot-Chills-Israel-PLO-Autonomy-Talks-1.png; images/0899-Failed-Truck-Bomb-Plot-Chills-Israel-PLO-Autonomy-Talks-2.png
2141,383d6f94-3ef1-80da-97d6-ffa30c325d81,12 Months of Terror: The Mideast Connection,1986-04-08,Terrorism; Arab League; Spain; Greece; France; Germany; Syria; Iran; Libya; Arab World; Africa; Europe; Islamic World,images/0900-12-Months-of-Terror-The-Mideast-Connection-1.png; images/0900-12-Months-of-Terror-The-Mideast-Connection-2.png; images/0900-12-Months-of-Terror-The-Mideast-Connection-3.png
2142,383d6f94-3ef1-8067-80e3-f9217bb0221e,Israeli Incursion in Lebanon To Hunt Guerrillas Reported,1971-03-21,Lebanon; Israel/Palestine; Arab World; Islamic World,images/0901-Israeli-Incursion-in-Lebanon-To-Hunt-Guerrillas-Reported-1.png
2143,383d6f94-3ef1-80e6-86fc-e030153fd9c2,Egypt Expresses Grief Over Attach on Israelis,1986-03-21,Egypt; Israel/Palestine; Terrorism; Arab World; Africa; Islamic World,images/0902-Egypt-Expresses-Grief-Over-Attach-on-Israelis-1.png
2144,383d6f94-3ef1-806f-8b1b-d14504797a93,Death Toll in Israeli Embassy Bombing Rises to 32,1992-03-21,Israel/Palestine; Argentina; Terrorism; The Americas,images/0903-Death-Toll-in-Israeli-Embassy-Bombing-Rises-to-32-1.png
2145,383d6f94-3ef1-807b-9504-ed4278442f24,Senator is Quoted as Saying US recruited Israeli Officer as a Spy,1987-03-21,US; Israel/Palestine; Western Intervention; The Americas,images/0904-Senator-is-Quoted-as-Saying-US-recruited-Israeli-Officer-as-a-Spy-1.png
2146,383d6f94-3ef1-80c7-8f83-d55ba7ece75e,Party Expels Habash,1972-03-21,Israel/Palestine; Pan-Arabism; PFLP,images/0905-Party-Expels-Habash-1.png
2147,383d6f94-3ef1-8074-97df-e54ffef4ad7d,Sudanese Reported Set to Try Terrorists in Death of Dplomats,1974-03-21,Sudan; Terrorism; Israel/Palestine; Arab League; Arab World; Africa; Islamic World,images/0906-Sudanese-Reported-Set-to-Try-Terrorists-in-Death-of-Dplomats-1.png
2148,383d6f94-3ef1-8024-abfb-c51b4ce7675c,Iraq and Guerrillas Lay Plans to Balk Hussein on Federation,1972-03-21,Arafat; Israel/Palestine; Iraq; Pan-Arabism; Arab League; Jordan; PLO; Arab World; Islamic World,images/0907-Iraq-and-Guerrillas-Lay-Plans-to-Balk-Hussein-on-Federation-1.png
2149,383d6f94-3ef1-8021-84b4-eeba391ae442,A Palestine Unit Backs Syria Plan,1975-03-21,Syria; Israel/Palestine; Arab League; PLO; Arafat; Arab World; Islamic World,images/0908-A-Palestine-Unit-Backs-Syria-Plan-1.png
2150,383d6f94-3ef1-8083-a307-fb3ec738c097,Iran Reports Crushing Rebels of the Fedayeen,1982-03-21,Iran; PLO; Islamic World,images/0909-Iran-Reports-Crushing-Rebels-of-the-Fedayeen-1.png
2151,383d6f94-3ef1-803b-a3f9-d30f2e1bfaba,Syrians to Crown Feisal Next Saturday,1920-03-16,Mesopotamia; Syria; Western Intervention; Iraq; Arab World; Islamic World,images/0910-Syrians-to-Crown-Feisal-Next-Saturday-1.png
2152,383d6f94-3ef1-8006-907e-d38a4becd1bc,PLO Seen in Beirut as Big Loser In war,1978-03-21,PLO; Israel/Palestine; Lebanon; Syria; Arab World; Islamic World,images/0911-PLO-Seen-in-Beirut-as-Big-Loser-In-war-1.png
2153,383d6f94-3ef1-8094-9067-f2ccbe660a9b,Money is Channeled to Hamas by Way of a ‘Shocked’ Jordan,1996-03-21,Jordan; Israel/Palestine; Hamas; Arab League; Terrorism; Arab World; Islamic World,images/0912-Money-is-Channeled-to-Hamas-by-Way-of-a-Shocked-Jordan-1.png
2154,383d6f94-3ef1-80bf-995a-e475f6a19f89,Finland’s Anti-Jew Laws,1909-03-20,Western Antisemitism; Finland; Legal Restrictions against Jews; Europe,images/0913-Finland-s-Anti-Jew-Laws-1.png
2155,383d6f94-3ef1-80b1-a1ec-c6f76fd8292f,GI’s are Called Looters of Jewish Riches,1999-10-15,Western Antisemitism; Holocaust; US; Hungary; Nazis/Fascists; Theft of Jewish property; Europe; The Americas,images/0914-GI-s-are-Called-Looters-of-Jewish-Riches-1.png
2156,383d6f94-3ef1-8034-b68f-e6e805f5b455,Palestine Guerrilla Group Split on Potential Role in Peace Talks,1974-03-20,Israel/Palestine; Intent in Israel/Palestine; Arafat; PLO,images/0915-Palestine-Guerrilla-Group-Split-on-Potential-Role-in-Peace-Talks-1.png
2157,383d6f94-3ef1-80f1-a73c-c4ca6995c8fe,Roumanian Rioters Killed by Troops,1907-03-21,Romania; Pogroms; Western Antisemitism; Moldova; Europe,images/0916-Roumanian-Rioters-Killed-by-Troops-1.png
2158,383d6f94-3ef1-80a8-a594-d56d8e22dda2,12 Moslems Facing Kidnapping Charges After End of Siege,1977-03-12,US; Terrorism; Muslim Antisemitism; The Americas,images/0917-12-Moslems-Facing-Kidnapping-Charges-After-End-of-Siege-1.png
2159,383d6f94-3ef1-808f-8cde-f13156486f09,UN Gets Appeal for Syrian Jews,1974-03-31,UN & League of Nations; Syria; Muslim Antisemitism; Pogroms; Legal Restrictions against Jews; Targeting of Children; Waldheim; Arab World; Islamic World,images/0918-UN-Gets-Appeal-for-Syrian-Jews-1.png
2160,383d6f94-3ef1-8086-a64e-e0dd751919ea,"In Berlin, Evidence of Private Swiss Banks’ Role in Nazi Trade",1997-05-22,Switzerland; Holocaust; Nazis/Fascists; Germany; Theft of Jewish property; Europe,images/0919-In-Berlin-Evidence-of-Private-Swiss-Banks-Role-in-Nazi-Trade-1.png
2161,383d6f94-3ef1-80dc-84b5-d9b5ce244822,Arabs Plan Mission In Africa,1964-03-20,Africa; Antizionism; Pan-Arabism,images/0920-Arabs-Plan-Mission-In-Africa-1.png
2162,383d6f94-3ef1-807f-aece-f2abf83f9497,PLO Split on Resuming Formal Talks,1994-03-20,PLO; Israel/Palestine; Intent in Israel/Palestine; Arafat; UN & League of Nations,images/0921-PLO-Split-on-Resuming-Formal-Talks-1.png
2163,383d6f94-3ef1-802f-9412-eaff1dc4d332,Nixon Use of Ethnic Epithets is Reported,1974-05-12,US; Western Antisemitism; Dual Loyalty Trope; The Americas,images/0922-Nixon-Use-of-Ethnic-Epithets-is-Reported-1.png
2164,383d6f94-3ef1-8022-8ee5-dfad79920151,Baking of Matzoh Denied To Jews Again by Soviets,1963-03-21,USSR; Western Antisemitism; Legal Restrictions against Jews; Europe,images/0923-Baking-of-Matzoh-Denied-To-Jews-Again-by-Soviets-1.png
2165,383d6f94-3ef1-8016-ac7f-e0c6d16ed27c,3 Swastikas daubed on Greek Synagogue,1973-03-20,"Greece; Western Antisemitism; Christianity & Churches; Victim Blaming/Justification of Antisemitism; accusation of ""Jewish Supremacy"" and/or Genocide; Europe",images/0924-3-Swastikas-daubed-on-Greek-Synagogue-1.png
2166,383d6f94-3ef1-806c-bf62-d1c7982618ac,Roumanian Jews Fleeing to Austria,1907-03-20,Romania; Austria; Western Antisemitism; Pogroms; Ethnic Cleansing; Europe,images/0925-Roumanian-Jews-Fleeing-to-Austria-1.png
2167,383d6f94-3ef1-8005-8a29-fa34f93395d9,Yiddish Broadcasts Draw Anti-Semitic Mail,2002-04-22,Western Antisemitism; US; The Americas,images/0926-Yiddish-Broadcasts-Draw-Anti-Semitic-Mail-1.png
2168,383d6f94-3ef1-80c7-a630-ec01dff3e191,UN to Keep Its files on Nazi War Crimes Closed,1987-03-20,UN & League of Nations; Western Antisemitism; Nazis/Fascists; Waldheim,images/0927-UN-to-Keep-Its-files-on-Nazi-War-Crimes-Closed-1.png
2169,383d6f94-3ef1-8014-8a39-ec74090f4d92,Israel is Leaving Palestinian Areas in the West Bank,2002-03-19,Israel/Palestine; Intent in Israel/Palestine; Western Intervention; Arafat,images/0928-Israel-is-Leaving-Palestinian-Areas-in-the-West-Bank-1.png
2170,383d6f94-3ef1-806b-8a81-c95f62c4cf26,"Israeli Envoy’s Wife is Killed, 3 Are Hurt by Cairo Gunmen",1986-03-20,Israel/Palestine; Egypt; Terrorism; Arab World; Africa; Islamic World,images/0929-Israeli-Envoy-s-Wife-is-Killed-3-Are-Hurt-by-Cairo-Gunmen-1.png
2171,383d6f94-3ef1-804a-a4df-f2f3cd1d5836,"Libya, Angered, Halts Oil to Greece",1981-03-20,Libya; Greece; Oil; Arab League; Israel/Palestine; Arab World; Africa; Europe; Islamic World,images/0930-Libya-Angered-Halts-Oil-to-Greece-1.png
2172,383d6f94-3ef1-8045-b385-f3d98d3af1e7,Egypt Used Scud in ‘73 War,1985-03-20,Egypt; US; Western Intervention; USSR; Syria; Iraq; Libya; Arab World; Africa; Europe; The Americas; Islamic World,images/0931-Egypt-Used-Scud-in-73-War-1.png
2173,383d6f94-3ef1-80c7-a49b-d8a81b2633bb,Pakistan Said to Have Got US Built Jets from Arabs,1972-03-29,Pakistan; US; Western Intervention; Libya; Jordan; Arab World; Africa; The Americas; Asia; Islamic World,images/0932-Pakistan-Said-to-Have-Got-US-Built-Jets-from-Arabs-1.png
2174,383d6f94-3ef1-8037-94be-c05e69a9ca6f,Mideast Peace of Mideast Terror? US Ponders Its PLO Contacts,1990-06-05,Israel/Palestine; PLO; Arafat; Western Intervention,images/0933-Mideast-Peace-of-Mideast-Terror-US-Ponders-Its-PLO-Contacts-1.png
2175,383d6f94-3ef1-8005-90f9-f0184d4dc8ef,US Accuses 2 Egyptian Colonels in Plot to Smuggle Missile Material,1988-06-25,Egypt; US; Western Intervention; Arab World; Africa; The Americas; Islamic World,images/0934-US-Accuses-2-Egyptian-Colonels-in-Plot-to-Smuggle-Missile-Material-1.png
2176,383d6f94-3ef1-8073-a5d6-dfaac696bc11,Israel Votes Ban on Jewish Groups Linked to Kahane,1994-03-14,Israel/Palestine; Terrorism,images/0935-Israel-Votes-Ban-on-Jewish-Groups-Linked-to-Kahane-1.png
2177,383d6f94-3ef1-80b0-89e6-f011ad6e2dd8,Israel Bids Soviet Bar Anti-Semitism,1969-03-11,USSR; Western Antisemitism; Antizionism; UN & League of Nations; Russia; Europe,images/0936-Israel-Bids-Soviet-Bar-Anti-Semitism-1.png
2178,383d6f94-3ef1-80f5-a046-fbe2c2714cac,Nazis Pushing Ban on Jewish Actors,1934-03-07,Nazis/Fascists; Western Antisemitism; Germany; Europe,images/0937-Nazis-Pushing-Ban-on-Jewish-Actors-1.png
2179,383d6f94-3ef1-800b-b825-c82a82a8b327,Soviet Jewish Activist is Warned to Stop Her Seminars,1981-03-16,USSR; Western Antisemitism; Antizionism; Europe,images/0938-Soviet-Jewish-Activist-is-Warned-to-Stop-Her-Seminars-1.png
2180,383d6f94-3ef1-80f4-ae66-f37ad69f30ec,Statistics on Jews in Rumania,1949-03-29,Romania; Western Antisemitism; Holocaust; Europe,images/0939-Statistics-on-Jews-in-Rumania-1.png
2181,383d6f94-3ef1-8010-a81d-edc2e2da8f33,Jewish Groups Angered About Waldheim’s Past,1986-03-05,Western Antisemitism; Nazis/Fascists; UN & League of Nations; Holocaust; Waldheim,images/0940-Jewish-Groups-Angered-About-Waldheim-s-Past-1.png; images/0940-Jewish-Groups-Angered-About-Waldheim-s-Past-2.png
2182,383d6f94-3ef1-805a-bcf2-c25426ed3293,Jewish Activist Unbowed After Siberian Exile,1982-03-31,Western Antisemitism; USSR; Europe,images/0941-Jewish-Activist-Unbowed-After-Siberian-Exile-1.png
2183,383d6f94-3ef1-807a-b701-e90f08cc9ed2,Jewish Group Offers Documents It Contends Implicate Waldheim,1986-03-26,UN & League of Nations; Nazis/Fascists; Western Antisemitism; Holocaust; Waldheim,images/0942-Jewish-Group-Offers-Documents-It-Contends-Implicate-Waldheim-1.png
2184,383d6f94-3ef1-8089-9072-ee6726c1ed62,Boycott Starts in Leipzig,1933-04-01,Western Antisemitism; Holocaust; Nazis/Fascists; Germany; Boycotts against Jews; Europe,images/0943-Boycott-Starts-in-Leipzig-1.png
2185,383d6f94-3ef1-806b-8f5e-fc9d6ff12565,Einstein Sails for America March 23,1921-03-09,Einstein; Israel/Palestine,images/0944-Einstein-Sails-for-America-March-23-1.png
2186,383d6f94-3ef1-808a-b9e1-f5ba193b3682,Blast at Jewish Center in Vienna is Believed Work of Palestinians,1979-04-24,Israel/Palestine; Austria; Terrorism; Muslim Antisemitism; Europe,images/0945-Blast-at-Jewish-Center-in-Vienna-is-Believed-Work-of-Palestinians-1.png
2187,383d6f94-3ef1-8034-98ca-c6f9fd9a2eea,Jews’ Foes Scored By South African,1964-03-26,Western Antisemitism; South Africa; Africa; Antizionism,images/0946-Jews-Foes-Scored-By-South-African-1.png
2188,383d6f94-3ef1-80b4-9734-dea4c91ca240,Reports of Anti-Semitic Incidents in France are Rising,1978-01-15,Western Antisemitism; France; Nazis/Fascists; Blood Libel; Education/Educators weaponized against Jews; Europe,images/0947-Reports-of-Anti-Semitic-Incidents-in-France-are-Rising-1.png
2189,383d6f94-3ef1-806b-a63e-e2621cc13fed,British Jews Plan Protest March Over ‘Anti-Zionism’ in Poland,1968-04-10,Western Antisemitism; Poland; World; Antizionism; USSR; Europe,images/0948-British-Jews-Plan-Protest-March-Over-Anti-Zionism-in-Poland-1.png
2190,383d6f94-3ef1-80eb-83cc-cae62123bc9b,Nazis Extend Their Ban,1934-09-02,Western Antisemitism; Nazis/Fascists; Germany; Europe,images/0949-Nazis-Extend-Their-Ban-1.png
2191,383d6f94-3ef1-80aa-b2a8-d1d3f77f5f50,Thousands March in Paris Against the Synagogue Bombing that Killed 3,1980-10-05,Western Antisemitism; France; Terrorism; Europe,images/0950-Thousands-March-in-Paris-Against-the-Synagogue-Bombing-that-Killed-3-1.png
2192,383d6f94-3ef1-80a6-88c1-e07aeb40c102,Synagogue Bombing Angers the French,1980-10-05,Western Antisemitism; France; Terrorism; Europe,images/0951-Synagogue-Bombing-Angers-the-French-1.png
2193,383d6f94-3ef1-80c9-bb14-f714c6b63b86,"Call 2,000,000 Jews to March in Protest",1933-04-27,Western Antisemitism; Nazis/Fascists; Boycotts against Jews,images/0952-Call-2-000-000-Jews-to-March-in-Protest-1.png
2194,383d6f94-3ef1-80f6-a6a3-d3d36528049a,Anti-Jewish Measure Advances in Hungary,1939-03-26,Western Antisemitism; Hungary; Legal Restrictions against Jews; Education/Educators weaponized against Jews; Europe,images/0953-Anti-Jewish-Measure-Advances-in-Hungary-1.png
2195,383d6f94-3ef1-8009-9359-f7627c72fef1,Jews Criticized in South Africa,1964-03-20,Western Antisemitism; South Africa; Africa; Antizionism,images/0954-Jews-Criticized-in-South-Africa-1.png
2196,383d6f94-3ef1-8062-9eef-df6b546417a5,Syria Said to Offer Golan as Base for PLO Raids,1980-03-19,Israel/Palestine; Syria; Golan; UN & League of Nations; PLO; Arab World; Islamic World,images/0955-Syria-Said-to-Offer-Golan-as-Base-for-PLO-Raids-1.png
2197,383d6f94-3ef1-80bb-bd60-ff15335a1956,Israelis and Palestinians Cooperate to Seize 4 Terrorist Suspects,1997-04-11,Israel/Palestine; Terrorism; Hamas; Arafat,images/0956-Israelis-and-Palestinians-Cooperate-to-Seize-4-Terrorist-Suspects-1.png
2198,383d6f94-3ef1-807b-93ce-f3f6c9ad5158,Arabs Again Postpone a Decision to End Oil Embargo,1974-03-18,Western Intervention; Arab League; Oil; US; Israel/Palestine; Boycotts against Jews; The Americas,images/0957-Arabs-Again-Postpone-a-Decision-to-End-Oil-Embargo-1.png
2199,383d6f94-3ef1-8035-a605-eb52db1bbefc,Arab Gulf Nations Worried by Treaty,1979-03-18,Arab League; Intent in Israel/Palestine; Egypt; Israel/Palestine; Oil; Arab World; Africa; Islamic World,images/0958-Arab-Gulf-Nations-Worried-by-Treaty-1.png
2200,383d6f94-3ef1-80d7-b6d6-e1c522c5d43e,Echoes of Gunfire on a Bustling Street,2002-03-18,Israel/Palestine; Terrorism; Targeting of Children,images/0959-Echoes-of-Gunfire-on-a-Bustling-Street-1.png
2201,383d6f94-3ef1-80cb-9d3f-fea74a7ff0e3,Ford Rebuffs Protest by US Jewish Leaders on Sale of C-130’s to Egypt,1976-03-18,Egypt; US; Western Intervention; Israel/Palestine; Arab World; Africa; The Americas; Islamic World,images/0960-Ford-Rebuffs-Protest-by-US-Jewish-Leaders-on-Sale-of-C-130-s-to-Egypt-1.png
2202,383d6f94-3ef1-80bb-bbfc-cae6297bbd47,At Least 6 Die as Blast Destroys Israel’s Embassy in Buenos Aires,1992-03-18,Terrorism; Argentina; Israel/Palestine; Targeting of Children; The Americas,images/0961-At-Least-6-Die-as-Blast-Destroys-Israel-s-Embassy-in-Buenos-Aires-1.png
2203,383d6f94-3ef1-8096-8b8f-ca1ff3c3bb5e,2 Israelis killed in Tel Aviv Attack,1992-03-18,Israel/Palestine; Terrorism; Targeting of Children,images/0962-2-Israelis-killed-in-Tel-Aviv-Attack-1.png
2204,383d6f94-3ef1-80db-9612-f737a2ea347b,What Happened in ‘48,1990-04-05,Israel/Palestine; Muslim Antisemitism; Ethnic Cleansing; Syria; Legal Restrictions against Jews; Saudi Arabia; Jordan; Theft of Jewish property; Jewish history (relative to time of article); Arab World; Islamic World,images/0963-What-Happened-in-48-1.png
2205,383d6f94-3ef1-80ad-9cc4-e1597a0f1037,PLO Suggests Federation of West Bank With Jordan,1992-03-18,PLO; Intent in Israel/Palestine; Pan-Arabism; Israel/Palestine; Arafat; PFLP; Jordan; Arab World; Islamic World,images/0964-PLO-Suggests-Federation-of-West-Bank-With-Jordan-1.png
2206,383d6f94-3ef1-8064-865d-edddeefa44f6,Ready to Aid Iraqi Jews,1950-03-18,Muslim Antisemitism; Iraq; Ethnic Cleansing; Arab League; Theft of Jewish property; Arab World; Islamic World,images/0965-Ready-to-Aid-Iraqi-Jews-1.png
2207,383d6f94-3ef1-8091-ba40-d359bed8ff93,5 Palestinian Factions Agree to Meeting on Reunification,1987-03-18,Israel/Palestine; PLO; Arafat; Intent in Israel/Palestine; PFLP; Syria; Arab World; Islamic World,images/0966-5-Palestinian-Factions-Agree-to-Meeting-on-Reunification-1.png
2208,383d6f94-3ef1-8089-8d00-c2b68d58425b,"PLO is not terrorist, Lord Carrington Asserts",1980-03-18,Israel/Palestine; Western Intervention; England/UK; PLO; Intent in Israel/Palestine; Europe,images/0967-PLO-is-not-terrorist-Lord-Carrington-Asserts-1.png
2209,383d6f94-3ef1-80e9-95ce-d554157f1773,Aide Says Rockefeller Knows Nothing of Oil Lobby Against Palestine Partition,1948-03-18,US; Western Intervention; Oil; Israel/Palestine; Intent in Israel/Palestine; The Americas,images/0968-Aide-Says-Rockefeller-Knows-Nothing-of-Oil-Lobby-Against-Palestine-Partition-1.png
2210,383d6f94-3ef1-8005-bf7d-fa3c03396ab6,"2,000 Tribesmen Menace Jerusalem",1929-08-28,Israel/Palestine; Muslim Antisemitism; Targeting of Civilians; Ethnic Cleansing; Syria; Jordan; Pogroms; Arab World; Islamic World,images/0969-2-000-Tribesmen-Menace-Jerusalem-1.png
2211,383d6f94-3ef1-809d-830c-d956d0d80ac6,Soviet Jew is Seized on Way to Address Americans by Phone,1974-04-29,USSR; Western Antisemitism; Europe,images/0970-Soviet-Jew-is-Seized-on-Way-to-Address-Americans-by-Phone-1.png
